--
-- PostgreSQL database dump
--

-- Dumped from database version 17.5
-- Dumped by pg_dump version 17.5

-- Started on 2025-09-22 20:30:19

SET statement_timeout = 0;
SET lock_timeout = 0;
SET idle_in_transaction_session_timeout = 0;
SET transaction_timeout = 0;
SET client_encoding = 'UTF8';
SET standard_conforming_strings = on;
SELECT pg_catalog.set_config('search_path', '', false);
SET check_function_bodies = false;
SET xmloption = content;
SET client_min_messages = warning;
SET row_security = off;

--
-- TOC entry 5 (class 2615 OID 57971)
-- Name: Global; Type: SCHEMA; Schema: -; Owner: postgres
--

CREATE SCHEMA "Global";


ALTER SCHEMA "Global" OWNER TO postgres;

--
-- TOC entry 6 (class 2615 OID 57972)
-- Name: game_1; Type: SCHEMA; Schema: -; Owner: postgres
--

CREATE SCHEMA game_1;


ALTER SCHEMA game_1 OWNER TO postgres;

SET default_tablespace = '';

SET default_table_access_method = heap;

--
-- TOC entry 218 (class 1259 OID 57973)
-- Name: gameaccess; Type: TABLE; Schema: Global; Owner: postgres
--

CREATE TABLE "Global".gameaccess (
    id integer NOT NULL,
    "fk_Users" integer NOT NULL,
    "fk_Games" integer NOT NULL,
    "accessType" integer NOT NULL,
    "isArchived" boolean NOT NULL
);


ALTER TABLE "Global".gameaccess OWNER TO postgres;

--
-- TOC entry 219 (class 1259 OID 57976)
-- Name: gameaccess_id_seq; Type: SEQUENCE; Schema: Global; Owner: postgres
--

ALTER TABLE "Global".gameaccess ALTER COLUMN id ADD GENERATED BY DEFAULT AS IDENTITY (
    SEQUENCE NAME "Global".gameaccess_id_seq
    START WITH 1
    INCREMENT BY 1
    NO MINVALUE
    NO MAXVALUE
    CACHE 1
);


--
-- TOC entry 220 (class 1259 OID 57977)
-- Name: games; Type: TABLE; Schema: Global; Owner: postgres
--

CREATE TABLE "Global".games (
    id integer NOT NULL,
    name text NOT NULL,
    description text,
    image text,
    "ownerId" integer NOT NULL
);


ALTER TABLE "Global".games OWNER TO postgres;

--
-- TOC entry 221 (class 1259 OID 57982)
-- Name: games_id_seq; Type: SEQUENCE; Schema: Global; Owner: postgres
--

ALTER TABLE "Global".games ALTER COLUMN id ADD GENERATED BY DEFAULT AS IDENTITY (
    SEQUENCE NAME "Global".games_id_seq
    START WITH 1
    INCREMENT BY 1
    NO MINVALUE
    NO MAXVALUE
    CACHE 1
);


--
-- TOC entry 222 (class 1259 OID 57983)
-- Name: users; Type: TABLE; Schema: Global; Owner: postgres
--

CREATE TABLE "Global".users (
    id integer NOT NULL,
    name text NOT NULL,
    email text NOT NULL,
    password text NOT NULL,
    issso boolean NOT NULL,
    image text,
    isarchived boolean NOT NULL,
    profile_picture text
);


ALTER TABLE "Global".users OWNER TO postgres;

--
-- TOC entry 223 (class 1259 OID 57988)
-- Name: users_id_seq; Type: SEQUENCE; Schema: Global; Owner: postgres
--

ALTER TABLE "Global".users ALTER COLUMN id ADD GENERATED BY DEFAULT AS IDENTITY (
    SEQUENCE NAME "Global".users_id_seq
    START WITH 1
    INCREMENT BY 1
    NO MINVALUE
    NO MAXVALUE
    CACHE 1
);


--
-- TOC entry 224 (class 1259 OID 57989)
-- Name: accessToUnits; Type: TABLE; Schema: game_1; Owner: postgres
--

CREATE TABLE game_1."accessToUnits" (
    id integer NOT NULL,
    "fk_Nation" integer NOT NULL,
    "fk_UnitTypes" integer NOT NULL
);


ALTER TABLE game_1."accessToUnits" OWNER TO postgres;

--
-- TOC entry 225 (class 1259 OID 57992)
-- Name: accessToUnits_id_seq; Type: SEQUENCE; Schema: game_1; Owner: postgres
--

ALTER TABLE game_1."accessToUnits" ALTER COLUMN id ADD GENERATED BY DEFAULT AS IDENTITY (
    SEQUENCE NAME game_1."accessToUnits_id_seq"
    START WITH 1
    INCREMENT BY 1
    NO MINVALUE
    NO MAXVALUE
    CACHE 1
);


--
-- TOC entry 226 (class 1259 OID 57993)
-- Name: accessestonations; Type: TABLE; Schema: game_1; Owner: postgres
--

CREATE TABLE game_1.accessestonations (
    id integer NOT NULL,
    fk_nations integer NOT NULL,
    fk_users integer NOT NULL,
    dateacquired timestamp with time zone NOT NULL,
    isactive boolean NOT NULL
);


ALTER TABLE game_1.accessestonations OWNER TO postgres;

--
-- TOC entry 227 (class 1259 OID 57996)
-- Name: accessestonations_id_seq; Type: SEQUENCE; Schema: game_1; Owner: postgres
--

ALTER TABLE game_1.accessestonations ALTER COLUMN id ADD GENERATED BY DEFAULT AS IDENTITY (
    SEQUENCE NAME game_1.accessestonations_id_seq
    START WITH 1
    INCREMENT BY 1
    NO MINVALUE
    NO MAXVALUE
    CACHE 1
);


--
-- TOC entry 228 (class 1259 OID 57997)
-- Name: actions; Type: TABLE; Schema: game_1; Owner: postgres
--

CREATE TABLE game_1.actions (
    id integer NOT NULL,
    "fk_Nations" integer NOT NULL,
    name text,
    description text NOT NULL,
    result text,
    "isSettled" boolean NOT NULL
);


ALTER TABLE game_1.actions OWNER TO postgres;

--
-- TOC entry 229 (class 1259 OID 58002)
-- Name: actions_id_seq; Type: SEQUENCE; Schema: game_1; Owner: postgres
--

ALTER TABLE game_1.actions ALTER COLUMN id ADD GENERATED BY DEFAULT AS IDENTITY (
    SEQUENCE NAME game_1.actions_id_seq
    START WITH 1
    INCREMENT BY 1
    NO MINVALUE
    NO MAXVALUE
    CACHE 1
);


--
-- TOC entry 230 (class 1259 OID 58003)
-- Name: armies; Type: TABLE; Schema: game_1; Owner: postgres
--

CREATE TABLE game_1.armies (
    id integer NOT NULL,
    name text NOT NULL,
    "fk_Nations" integer NOT NULL,
    "fk_Locations" integer NOT NULL,
    is_naval boolean NOT NULL
);


ALTER TABLE game_1.armies OWNER TO postgres;

--
-- TOC entry 231 (class 1259 OID 58008)
-- Name: armies_id_seq; Type: SEQUENCE; Schema: game_1; Owner: postgres
--

ALTER TABLE game_1.armies ALTER COLUMN id ADD GENERATED BY DEFAULT AS IDENTITY (
    SEQUENCE NAME game_1.armies_id_seq
    START WITH 1
    INCREMENT BY 1
    NO MINVALUE
    NO MAXVALUE
    CACHE 1
);


--
-- TOC entry 232 (class 1259 OID 58009)
-- Name: cultures; Type: TABLE; Schema: game_1; Owner: postgres
--

CREATE TABLE game_1.cultures (
    id integer NOT NULL,
    name text NOT NULL
);


ALTER TABLE game_1.cultures OWNER TO postgres;

--
-- TOC entry 233 (class 1259 OID 58014)
-- Name: cultures_id_seq; Type: SEQUENCE; Schema: game_1; Owner: postgres
--

ALTER TABLE game_1.cultures ALTER COLUMN id ADD GENERATED BY DEFAULT AS IDENTITY (
    SEQUENCE NAME game_1.cultures_id_seq
    START WITH 1
    INCREMENT BY 1
    NO MINVALUE
    NO MAXVALUE
    CACHE 1
);


--
-- TOC entry 234 (class 1259 OID 58015)
-- Name: events; Type: TABLE; Schema: game_1; Owner: postgres
--

CREATE TABLE game_1.events (
    id integer NOT NULL,
    name text NOT NULL,
    description text,
    picture text
);


ALTER TABLE game_1.events OWNER TO postgres;

--
-- TOC entry 235 (class 1259 OID 58020)
-- Name: events_id_seq; Type: SEQUENCE; Schema: game_1; Owner: postgres
--

ALTER TABLE game_1.events ALTER COLUMN id ADD GENERATED BY DEFAULT AS IDENTITY (
    SEQUENCE NAME game_1.events_id_seq
    START WITH 1
    INCREMENT BY 1
    NO MINVALUE
    NO MAXVALUE
    CACHE 1
);


--
-- TOC entry 236 (class 1259 OID 58021)
-- Name: factions; Type: TABLE; Schema: game_1; Owner: postgres
--

CREATE TABLE game_1.factions (
    id integer NOT NULL,
    name text NOT NULL,
    "fk_Nations" integer NOT NULL,
    power integer NOT NULL,
    agenda text NOT NULL,
    contentment integer NOT NULL,
    color text NOT NULL
);


ALTER TABLE game_1.factions OWNER TO postgres;

--
-- TOC entry 237 (class 1259 OID 58026)
-- Name: factions_id_seq; Type: SEQUENCE; Schema: game_1; Owner: postgres
--

ALTER TABLE game_1.factions ALTER COLUMN id ADD GENERATED BY DEFAULT AS IDENTITY (
    SEQUENCE NAME game_1.factions_id_seq
    START WITH 1
    INCREMENT BY 1
    NO MINVALUE
    NO MAXVALUE
    CACHE 1
);


--
-- TOC entry 238 (class 1259 OID 58027)
-- Name: locations; Type: TABLE; Schema: game_1; Owner: postgres
--

CREATE TABLE game_1.locations (
    id integer NOT NULL,
    name text NOT NULL,
    size integer NOT NULL,
    fortifications integer NOT NULL,
    fk_nations integer NOT NULL
);


ALTER TABLE game_1.locations OWNER TO postgres;

--
-- TOC entry 239 (class 1259 OID 58032)
-- Name: locationsResources; Type: TABLE; Schema: game_1; Owner: postgres
--

CREATE TABLE game_1."locationsResources" (
    id integer NOT NULL,
    "fk_Locations" integer NOT NULL,
    "fk_Resources" integer NOT NULL,
    amount double precision NOT NULL
);


ALTER TABLE game_1."locationsResources" OWNER TO postgres;

--
-- TOC entry 240 (class 1259 OID 58035)
-- Name: locationsResources_id_seq; Type: SEQUENCE; Schema: game_1; Owner: postgres
--

ALTER TABLE game_1."locationsResources" ALTER COLUMN id ADD GENERATED BY DEFAULT AS IDENTITY (
    SEQUENCE NAME game_1."locationsResources_id_seq"
    START WITH 1
    INCREMENT BY 1
    NO MINVALUE
    NO MAXVALUE
    CACHE 1
);


--
-- TOC entry 241 (class 1259 OID 58036)
-- Name: locations_id_seq; Type: SEQUENCE; Schema: game_1; Owner: postgres
--

ALTER TABLE game_1.locations ALTER COLUMN id ADD GENERATED BY DEFAULT AS IDENTITY (
    SEQUENCE NAME game_1.locations_id_seq
    START WITH 1
    INCREMENT BY 1
    NO MINVALUE
    NO MAXVALUE
    CACHE 1
);


--
-- TOC entry 242 (class 1259 OID 58037)
-- Name: maintenanceCosts; Type: TABLE; Schema: game_1; Owner: postgres
--

CREATE TABLE game_1."maintenanceCosts" (
    id integer NOT NULL,
    "fk_UnitTypes" integer NOT NULL,
    "fk_Resources" integer NOT NULL,
    amount double precision NOT NULL
);


ALTER TABLE game_1."maintenanceCosts" OWNER TO postgres;

--
-- TOC entry 243 (class 1259 OID 58040)
-- Name: maintenanceCosts_id_seq; Type: SEQUENCE; Schema: game_1; Owner: postgres
--

ALTER TABLE game_1."maintenanceCosts" ALTER COLUMN id ADD GENERATED BY DEFAULT AS IDENTITY (
    SEQUENCE NAME game_1."maintenanceCosts_id_seq"
    START WITH 1
    INCREMENT BY 1
    NO MINVALUE
    NO MAXVALUE
    CACHE 1
);


--
-- TOC entry 244 (class 1259 OID 58041)
-- Name: map; Type: TABLE; Schema: game_1; Owner: postgres
--

CREATE TABLE game_1.map (
    id integer NOT NULL,
    name text NOT NULL,
    "mapLocation" text NOT NULL,
    "mapIconLocation" text NOT NULL
);


ALTER TABLE game_1.map OWNER TO postgres;

--
-- TOC entry 245 (class 1259 OID 58046)
-- Name: mapAccess; Type: TABLE; Schema: game_1; Owner: postgres
--

CREATE TABLE game_1."mapAccess" (
    "fk_Users" integer NOT NULL,
    "fk_Maps" integer NOT NULL
);


ALTER TABLE game_1."mapAccess" OWNER TO postgres;

--
-- TOC entry 246 (class 1259 OID 58049)
-- Name: map_id_seq; Type: SEQUENCE; Schema: game_1; Owner: postgres
--

ALTER TABLE game_1.map ALTER COLUMN id ADD GENERATED BY DEFAULT AS IDENTITY (
    SEQUENCE NAME game_1.map_id_seq
    START WITH 1
    INCREMENT BY 1
    NO MINVALUE
    NO MAXVALUE
    CACHE 1
);


--
-- TOC entry 280 (class 1259 OID 58416)
-- Name: modifiers; Type: TABLE; Schema: game_1; Owner: postgres
--

CREATE TABLE game_1.modifiers (
    id integer NOT NULL,
    event_id integer NOT NULL,
    modifier_type character varying(50) NOT NULL,
    effects jsonb NOT NULL
);


ALTER TABLE game_1.modifiers OWNER TO postgres;

--
-- TOC entry 279 (class 1259 OID 58415)
-- Name: modifiers_id_seq; Type: SEQUENCE; Schema: game_1; Owner: postgres
--

CREATE SEQUENCE game_1.modifiers_id_seq
    AS integer
    START WITH 1
    INCREMENT BY 1
    NO MINVALUE
    NO MAXVALUE
    CACHE 1;


ALTER SEQUENCE game_1.modifiers_id_seq OWNER TO postgres;

--
-- TOC entry 5210 (class 0 OID 0)
-- Dependencies: 279
-- Name: modifiers_id_seq; Type: SEQUENCE OWNED BY; Schema: game_1; Owner: postgres
--

ALTER SEQUENCE game_1.modifiers_id_seq OWNED BY game_1.modifiers.id;


--
-- TOC entry 247 (class 1259 OID 58050)
-- Name: nations; Type: TABLE; Schema: game_1; Owner: postgres
--

CREATE TABLE game_1.nations (
    id integer NOT NULL,
    name text NOT NULL,
    fk_religions integer NOT NULL,
    fk_cultures integer NOT NULL,
    flag text,
    color text
);


ALTER TABLE game_1.nations OWNER TO postgres;

--
-- TOC entry 248 (class 1259 OID 58055)
-- Name: nations_id_seq; Type: SEQUENCE; Schema: game_1; Owner: postgres
--

ALTER TABLE game_1.nations ALTER COLUMN id ADD GENERATED BY DEFAULT AS IDENTITY (
    SEQUENCE NAME game_1.nations_id_seq
    START WITH 1
    INCREMENT BY 1
    NO MINVALUE
    NO MAXVALUE
    CACHE 1
);


--
-- TOC entry 249 (class 1259 OID 58056)
-- Name: offeredresources; Type: TABLE; Schema: game_1; Owner: postgres
--

CREATE TABLE game_1.offeredresources (
    id integer NOT NULL,
    fk_resource integer NOT NULL,
    fk_tradeagreement integer NOT NULL,
    quantity integer NOT NULL
);


ALTER TABLE game_1.offeredresources OWNER TO postgres;

--
-- TOC entry 250 (class 1259 OID 58059)
-- Name: offeredresources_id_seq; Type: SEQUENCE; Schema: game_1; Owner: postgres
--

ALTER TABLE game_1.offeredresources ALTER COLUMN id ADD GENERATED BY DEFAULT AS IDENTITY (
    SEQUENCE NAME game_1.offeredresources_id_seq
    START WITH 1
    INCREMENT BY 1
    NO MINVALUE
    NO MAXVALUE
    CACHE 1
);


--
-- TOC entry 251 (class 1259 OID 58060)
-- Name: players; Type: TABLE; Schema: game_1; Owner: postgres
--

CREATE TABLE game_1.players (
    id integer NOT NULL,
    "fk_User" integer NOT NULL,
    "playerType" integer NOT NULL
);


ALTER TABLE game_1.players OWNER TO postgres;

--
-- TOC entry 252 (class 1259 OID 58063)
-- Name: players_id_seq; Type: SEQUENCE; Schema: game_1; Owner: postgres
--

ALTER TABLE game_1.players ALTER COLUMN id ADD GENERATED BY DEFAULT AS IDENTITY (
    SEQUENCE NAME game_1.players_id_seq
    START WITH 1
    INCREMENT BY 1
    NO MINVALUE
    NO MAXVALUE
    CACHE 1
);


--
-- TOC entry 282 (class 1259 OID 58436)
-- Name: populationproductionshares; Type: TABLE; Schema: game_1; Owner: postgres
--

CREATE TABLE game_1.populationproductionshares (
    id integer NOT NULL,
    fk_population integer NOT NULL,
    fk_resources integer NOT NULL,
    coefficient double precision NOT NULL
);


ALTER TABLE game_1.populationproductionshares OWNER TO postgres;

--
-- TOC entry 281 (class 1259 OID 58435)
-- Name: populationproductionshares_id_seq; Type: SEQUENCE; Schema: game_1; Owner: postgres
--

ALTER TABLE game_1.populationproductionshares ALTER COLUMN id ADD GENERATED ALWAYS AS IDENTITY (
    SEQUENCE NAME game_1.populationproductionshares_id_seq
    START WITH 1
    INCREMENT BY 1
    NO MINVALUE
    NO MAXVALUE
    CACHE 1
);


--
-- TOC entry 253 (class 1259 OID 58064)
-- Name: populations; Type: TABLE; Schema: game_1; Owner: postgres
--

CREATE TABLE game_1.populations (
    id integer NOT NULL,
    fk_religions integer NOT NULL,
    fk_cultures integer NOT NULL,
    fk_socialgroups integer NOT NULL,
    fk_locations integer NOT NULL,
    happiness real NOT NULL,
    volunteers integer
);


ALTER TABLE game_1.populations OWNER TO postgres;

--
-- TOC entry 254 (class 1259 OID 58067)
-- Name: populations_id_seq; Type: SEQUENCE; Schema: game_1; Owner: postgres
--

ALTER TABLE game_1.populations ALTER COLUMN id ADD GENERATED BY DEFAULT AS IDENTITY (
    SEQUENCE NAME game_1.populations_id_seq
    START WITH 1
    INCREMENT BY 1
    NO MINVALUE
    NO MAXVALUE
    CACHE 1
);


--
-- TOC entry 284 (class 1259 OID 58452)
-- Name: populationusedresource; Type: TABLE; Schema: game_1; Owner: postgres
--

CREATE TABLE game_1.populationusedresource (
    id integer NOT NULL,
    fk_population integer NOT NULL,
    fk_resources integer NOT NULL,
    amount double precision NOT NULL
);


ALTER TABLE game_1.populationusedresource OWNER TO postgres;

--
-- TOC entry 283 (class 1259 OID 58451)
-- Name: populationusedresource_id_seq; Type: SEQUENCE; Schema: game_1; Owner: postgres
--

ALTER TABLE game_1.populationusedresource ALTER COLUMN id ADD GENERATED ALWAYS AS IDENTITY (
    SEQUENCE NAME game_1.populationusedresource_id_seq
    START WITH 1
    INCREMENT BY 1
    NO MINVALUE
    NO MAXVALUE
    CACHE 1
);


--
-- TOC entry 255 (class 1259 OID 58068)
-- Name: productionCost; Type: TABLE; Schema: game_1; Owner: postgres
--

CREATE TABLE game_1."productionCost" (
    id integer NOT NULL,
    "fk_UnitTypes" integer NOT NULL,
    "fk_Resources" integer NOT NULL,
    amount double precision NOT NULL
);


ALTER TABLE game_1."productionCost" OWNER TO postgres;

--
-- TOC entry 256 (class 1259 OID 58071)
-- Name: productionCost_id_seq; Type: SEQUENCE; Schema: game_1; Owner: postgres
--

ALTER TABLE game_1."productionCost" ALTER COLUMN id ADD GENERATED BY DEFAULT AS IDENTITY (
    SEQUENCE NAME game_1."productionCost_id_seq"
    START WITH 1
    INCREMENT BY 1
    NO MINVALUE
    NO MAXVALUE
    CACHE 1
);


--
-- TOC entry 257 (class 1259 OID 58072)
-- Name: productionShares; Type: TABLE; Schema: game_1; Owner: postgres
--

CREATE TABLE game_1."productionShares" (
    id integer NOT NULL,
    "fk_SocialGroups" integer NOT NULL,
    "fk_Resources" integer NOT NULL,
    coefficient double precision NOT NULL
);


ALTER TABLE game_1."productionShares" OWNER TO postgres;

--
-- TOC entry 258 (class 1259 OID 58075)
-- Name: productionShares_id_seq; Type: SEQUENCE; Schema: game_1; Owner: postgres
--

ALTER TABLE game_1."productionShares" ALTER COLUMN id ADD GENERATED BY DEFAULT AS IDENTITY (
    SEQUENCE NAME game_1."productionShares_id_seq"
    START WITH 1
    INCREMENT BY 1
    NO MINVALUE
    NO MAXVALUE
    CACHE 1
);


--
-- TOC entry 259 (class 1259 OID 58076)
-- Name: relatedEvents; Type: TABLE; Schema: game_1; Owner: postgres
--

CREATE TABLE game_1."relatedEvents" (
    id integer NOT NULL,
    "fk_Events" integer NOT NULL,
    "fk_Nations" integer NOT NULL
);


ALTER TABLE game_1."relatedEvents" OWNER TO postgres;

--
-- TOC entry 260 (class 1259 OID 58079)
-- Name: relatedEvents_id_seq; Type: SEQUENCE; Schema: game_1; Owner: postgres
--

ALTER TABLE game_1."relatedEvents" ALTER COLUMN id ADD GENERATED BY DEFAULT AS IDENTITY (
    SEQUENCE NAME game_1."relatedEvents_id_seq"
    START WITH 1
    INCREMENT BY 1
    NO MINVALUE
    NO MAXVALUE
    CACHE 1
);


--
-- TOC entry 261 (class 1259 OID 58080)
-- Name: religions; Type: TABLE; Schema: game_1; Owner: postgres
--

CREATE TABLE game_1.religions (
    id integer NOT NULL,
    name text NOT NULL,
    icon text
);


ALTER TABLE game_1.religions OWNER TO postgres;

--
-- TOC entry 262 (class 1259 OID 58085)
-- Name: religions_id_seq; Type: SEQUENCE; Schema: game_1; Owner: postgres
--

ALTER TABLE game_1.religions ALTER COLUMN id ADD GENERATED BY DEFAULT AS IDENTITY (
    SEQUENCE NAME game_1.religions_id_seq
    START WITH 1
    INCREMENT BY 1
    NO MINVALUE
    NO MAXVALUE
    CACHE 1
);


--
-- TOC entry 263 (class 1259 OID 58086)
-- Name: resources; Type: TABLE; Schema: game_1; Owner: postgres
--

CREATE TABLE game_1.resources (
    id integer NOT NULL,
    name text NOT NULL,
    ismain boolean NOT NULL,
    icon text
);


ALTER TABLE game_1.resources OWNER TO postgres;

--
-- TOC entry 264 (class 1259 OID 58091)
-- Name: resources_id_seq; Type: SEQUENCE; Schema: game_1; Owner: postgres
--

ALTER TABLE game_1.resources ALTER COLUMN id ADD GENERATED BY DEFAULT AS IDENTITY (
    SEQUENCE NAME game_1.resources_id_seq
    START WITH 1
    INCREMENT BY 1
    NO MINVALUE
    NO MAXVALUE
    CACHE 1
);


--
-- TOC entry 265 (class 1259 OID 58092)
-- Name: socialgroups; Type: TABLE; Schema: game_1; Owner: postgres
--

CREATE TABLE game_1.socialgroups (
    id integer NOT NULL,
    name text NOT NULL,
    basehappiness real NOT NULL,
    volunteers integer NOT NULL,
    icon text
);


ALTER TABLE game_1.socialgroups OWNER TO postgres;

--
-- TOC entry 266 (class 1259 OID 58097)
-- Name: socialgroups_id_seq; Type: SEQUENCE; Schema: game_1; Owner: postgres
--

ALTER TABLE game_1.socialgroups ALTER COLUMN id ADD GENERATED BY DEFAULT AS IDENTITY (
    SEQUENCE NAME game_1.socialgroups_id_seq
    START WITH 1
    INCREMENT BY 1
    NO MINVALUE
    NO MAXVALUE
    CACHE 1
);


--
-- TOC entry 267 (class 1259 OID 58098)
-- Name: tradeagreements; Type: TABLE; Schema: game_1; Owner: postgres
--

CREATE TABLE game_1.tradeagreements (
    id integer NOT NULL,
    fk_nationoffering integer NOT NULL,
    fk_nationreceiving integer NOT NULL,
    status integer NOT NULL,
    duration integer NOT NULL,
    description text NOT NULL
);


ALTER TABLE game_1.tradeagreements OWNER TO postgres;

--
-- TOC entry 268 (class 1259 OID 58103)
-- Name: tradeagreements_id_seq; Type: SEQUENCE; Schema: game_1; Owner: postgres
--

ALTER TABLE game_1.tradeagreements ALTER COLUMN id ADD GENERATED BY DEFAULT AS IDENTITY (
    SEQUENCE NAME game_1.tradeagreements_id_seq
    START WITH 1
    INCREMENT BY 1
    NO MINVALUE
    NO MAXVALUE
    CACHE 1
);


--
-- TOC entry 269 (class 1259 OID 58104)
-- Name: troops; Type: TABLE; Schema: game_1; Owner: postgres
--

CREATE TABLE game_1.troops (
    id integer NOT NULL,
    "fk_UnitTypes" integer NOT NULL,
    "fk_Armies" integer NOT NULL,
    quantity integer NOT NULL
);


ALTER TABLE game_1.troops OWNER TO postgres;

--
-- TOC entry 270 (class 1259 OID 58107)
-- Name: troops_id_seq; Type: SEQUENCE; Schema: game_1; Owner: postgres
--

ALTER TABLE game_1.troops ALTER COLUMN id ADD GENERATED BY DEFAULT AS IDENTITY (
    SEQUENCE NAME game_1.troops_id_seq
    START WITH 1
    INCREMENT BY 1
    NO MINVALUE
    NO MAXVALUE
    CACHE 1
);


--
-- TOC entry 271 (class 1259 OID 58108)
-- Name: unitOrders; Type: TABLE; Schema: game_1; Owner: postgres
--

CREATE TABLE game_1."unitOrders" (
    id integer NOT NULL,
    "fk_UnitTypes" integer NOT NULL,
    "fk_Nations" integer NOT NULL,
    quantity integer NOT NULL
);


ALTER TABLE game_1."unitOrders" OWNER TO postgres;

--
-- TOC entry 272 (class 1259 OID 58111)
-- Name: unitOrders_id_seq; Type: SEQUENCE; Schema: game_1; Owner: postgres
--

ALTER TABLE game_1."unitOrders" ALTER COLUMN id ADD GENERATED BY DEFAULT AS IDENTITY (
    SEQUENCE NAME game_1."unitOrders_id_seq"
    START WITH 1
    INCREMENT BY 1
    NO MINVALUE
    NO MAXVALUE
    CACHE 1
);


--
-- TOC entry 273 (class 1259 OID 58112)
-- Name: unitTypes; Type: TABLE; Schema: game_1; Owner: postgres
--

CREATE TABLE game_1."unitTypes" (
    id integer NOT NULL,
    name text NOT NULL,
    description text NOT NULL,
    melee integer NOT NULL,
    range integer NOT NULL,
    defense integer NOT NULL,
    speed integer NOT NULL,
    morale integer NOT NULL,
    "volunteersNeeded" integer NOT NULL,
    "isNaval" boolean NOT NULL
);


ALTER TABLE game_1."unitTypes" OWNER TO postgres;

--
-- TOC entry 274 (class 1259 OID 58117)
-- Name: unitTypes_id_seq; Type: SEQUENCE; Schema: game_1; Owner: postgres
--

ALTER TABLE game_1."unitTypes" ALTER COLUMN id ADD GENERATED BY DEFAULT AS IDENTITY (
    SEQUENCE NAME game_1."unitTypes_id_seq"
    START WITH 1
    INCREMENT BY 1
    NO MINVALUE
    NO MAXVALUE
    CACHE 1
);


--
-- TOC entry 275 (class 1259 OID 58118)
-- Name: usedResources; Type: TABLE; Schema: game_1; Owner: postgres
--

CREATE TABLE game_1."usedResources" (
    id integer NOT NULL,
    "fk_SocialGroups" integer NOT NULL,
    "fk_Resources" integer NOT NULL,
    amount double precision NOT NULL
);


ALTER TABLE game_1."usedResources" OWNER TO postgres;

--
-- TOC entry 276 (class 1259 OID 58121)
-- Name: usedResources_id_seq; Type: SEQUENCE; Schema: game_1; Owner: postgres
--

ALTER TABLE game_1."usedResources" ALTER COLUMN id ADD GENERATED BY DEFAULT AS IDENTITY (
    SEQUENCE NAME game_1."usedResources_id_seq"
    START WITH 1
    INCREMENT BY 1
    NO MINVALUE
    NO MAXVALUE
    CACHE 1
);


--
-- TOC entry 277 (class 1259 OID 58122)
-- Name: wantedresources; Type: TABLE; Schema: game_1; Owner: postgres
--

CREATE TABLE game_1.wantedresources (
    id integer NOT NULL,
    fk_resource integer NOT NULL,
    fk_tradeagreement integer NOT NULL,
    amount double precision NOT NULL
);


ALTER TABLE game_1.wantedresources OWNER TO postgres;

--
-- TOC entry 278 (class 1259 OID 58125)
-- Name: wantedresources_id_seq; Type: SEQUENCE; Schema: game_1; Owner: postgres
--

ALTER TABLE game_1.wantedresources ALTER COLUMN id ADD GENERATED BY DEFAULT AS IDENTITY (
    SEQUENCE NAME game_1.wantedresources_id_seq
    START WITH 1
    INCREMENT BY 1
    NO MINVALUE
    NO MAXVALUE
    CACHE 1
);


--
-- TOC entry 4860 (class 2604 OID 58419)
-- Name: modifiers id; Type: DEFAULT; Schema: game_1; Owner: postgres
--

ALTER TABLE ONLY game_1.modifiers ALTER COLUMN id SET DEFAULT nextval('game_1.modifiers_id_seq'::regclass);


--
-- TOC entry 5138 (class 0 OID 57973)
-- Dependencies: 218
-- Data for Name: gameaccess; Type: TABLE DATA; Schema: Global; Owner: postgres
--

COPY "Global".gameaccess (id, "fk_Users", "fk_Games", "accessType", "isArchived") FROM stdin;
1	1	1	1	f
2	2	1	2	f
\.


--
-- TOC entry 5140 (class 0 OID 57977)
-- Dependencies: 220
-- Data for Name: games; Type: TABLE DATA; Schema: Global; Owner: postgres
--

COPY "Global".games (id, name, description, image, "ownerId") FROM stdin;
1	default_schema	Demo testowe\n	\N	2
\.


--
-- TOC entry 5142 (class 0 OID 57983)
-- Dependencies: 222
-- Data for Name: users; Type: TABLE DATA; Schema: Global; Owner: postgres
--

COPY "Global".users (id, name, email, password, issso, image, isarchived, profile_picture) FROM stdin;
1	Test	test	$2a$11$s/J0zefb5amFzjdjllmuZ.AXuziyjVRcYTeEhxyemaxsJJyKnzxU2	f	\N	f	\N
2	admin	admin	$2a$11$t8DGLO5spPxXzpyRb5j0vuuk54ycsFEo9scO7xswpGCH9WvMcwive	f	\N	f	\N
\.


--
-- TOC entry 5144 (class 0 OID 57989)
-- Dependencies: 224
-- Data for Name: accessToUnits; Type: TABLE DATA; Schema: game_1; Owner: postgres
--

COPY game_1."accessToUnits" (id, "fk_Nation", "fk_UnitTypes") FROM stdin;
1	1	1
2	1	2
3	1	3
4	2	1
5	2	3
6	2	4
7	3	1
8	3	5
9	4	1
10	4	2
11	5	1
12	5	3
\.


--
-- TOC entry 5146 (class 0 OID 57993)
-- Dependencies: 226
-- Data for Name: accessestonations; Type: TABLE DATA; Schema: game_1; Owner: postgres
--

COPY game_1.accessestonations (id, fk_nations, fk_users, dateacquired, isactive) FROM stdin;
1	1	1	2025-01-01 00:00:00+01	t
2	2	2	2025-01-02 00:00:00+01	t
3	3	3	2025-01-03 00:00:00+01	t
4	4	4	2025-01-04 00:00:00+01	t
5	5	5	2025-01-05 00:00:00+01	t
\.


--
-- TOC entry 5148 (class 0 OID 57997)
-- Dependencies: 228
-- Data for Name: actions; Type: TABLE DATA; Schema: game_1; Owner: postgres
--

COPY game_1.actions (id, "fk_Nations", name, description, result, "isSettled") FROM stdin;
1	1	Ekspedycja	Wysłanie ekspedycji na niezbadane tereny	\N	f
2	2	Budowa Świątyni	Rozpoczęcie budowy wielkiej świątyni	\N	f
3	3	Szlak Handlowy	Otwarcie nowego szlaku handlowego	Zwiększenie przychodów o 10%	t
4	4	Reformy	Wprowadzenie reform społecznych	\N	f
5	5	Mobilizacja	Mobilizacja sił zbrojnych	Wzrost liczebności armii o 20%	t
\.


--
-- TOC entry 5150 (class 0 OID 58003)
-- Dependencies: 230
-- Data for Name: armies; Type: TABLE DATA; Schema: game_1; Owner: postgres
--

COPY game_1.armies (id, name, "fk_Nations", "fk_Locations", is_naval) FROM stdin;
1	Armia Północy	1	1	f
2	Legiony Cesarskie	2	2	f
3	Flota Republiki	3	3	t
4	Drużyna Księcia	4	4	f
5	Jeźdźcy Pustyni	5	5	f
\.


--
-- TOC entry 5152 (class 0 OID 58009)
-- Dependencies: 232
-- Data for Name: cultures; Type: TABLE DATA; Schema: game_1; Owner: postgres
--

COPY game_1.cultures (id, name) FROM stdin;
1	Nordycka
2	Słowiańska
3	Germańska
4	Romańska
5	Grecka
\.


--
-- TOC entry 5154 (class 0 OID 58015)
-- Dependencies: 234
-- Data for Name: events; Type: TABLE DATA; Schema: game_1; Owner: postgres
--

COPY game_1.events (id, name, description, picture) FROM stdin;
1	Wielka Bitwa	Epiczna bitwa, która zmieniła losy świata	battle.jpg
2	Plaga	Śmiertelna zaraza dziesiątkująca populację	plague.jpg
3	Odkrycie	Odkrycie nowych terenów i technologii	discovery.jpg
4	Rewolta	Rewolta społeczeństwa przeciwko władcy	revolt.jpg
5	Sojusz	Zawarcie sojuszu między narodami	alliance.jpg
\.


--
-- TOC entry 5156 (class 0 OID 58021)
-- Dependencies: 236
-- Data for Name: factions; Type: TABLE DATA; Schema: game_1; Owner: postgres
--

COPY game_1.factions (id, name, "fk_Nations", power, agenda, contentment, color) FROM stdin;
1	Konserwatyści	1	70	Utrzymanie tradycji	60	#0000FF
2	Reformatorzy	1	30	Wprowadzenie zmian	40	#00FF00
3	Militaryści	2	60	Ekspansja militarna	50	#FF0000
4	Handlarze	2	40	Rozwój handlu	70	#FFFF00
5	Zjednoczeni	3	90	Jedność narodu	80	#800080
\.


--
-- TOC entry 5158 (class 0 OID 58027)
-- Dependencies: 238
-- Data for Name: locations; Type: TABLE DATA; Schema: game_1; Owner: postgres
--

COPY game_1.locations (id, name, size, fortifications, fk_nations) FROM stdin;
1	Stolica Północy	5	4	1
2	Twierdza Cesarska	6	5	2
3	Port Republiki	4	3	3
4	Wschodni Gród	3	2	4
5	Oaza Południowa	4	3	5
6	Górska Osada	2	1	1
7	Cesarskie Tereny	3	2	2
8	Nadmorska Wioska	2	1	3
\.


--
-- TOC entry 5159 (class 0 OID 58032)
-- Dependencies: 239
-- Data for Name: locationsResources; Type: TABLE DATA; Schema: game_1; Owner: postgres
--

COPY game_1."locationsResources" (id, "fk_Locations", "fk_Resources", amount) FROM stdin;
1	1	1	1000
2	1	3	2000
3	2	2	1500
4	2	5	3000
5	3	1	800
6	3	8	500
7	4	3	2500
8	4	4	3500
9	5	7	600
10	5	6	400
\.


--
-- TOC entry 5162 (class 0 OID 58037)
-- Dependencies: 242
-- Data for Name: maintenanceCosts; Type: TABLE DATA; Schema: game_1; Owner: postgres
--

COPY game_1."maintenanceCosts" (id, "fk_UnitTypes", "fk_Resources", amount) FROM stdin;
1	1	1	0.5
2	1	4	1
3	2	1	0.3
4	2	3	0.5
5	3	1	1
6	3	4	1.5
7	4	1	2
8	4	3	1
9	5	1	3
10	5	3	2
\.


--
-- TOC entry 5164 (class 0 OID 58041)
-- Dependencies: 244
-- Data for Name: map; Type: TABLE DATA; Schema: game_1; Owner: postgres
--

COPY game_1.map (id, name, "mapLocation", "mapIconLocation") FROM stdin;
1	Europa Środkowa	maps/central_europe.jpg	maps/central_europe.jpg
2	Wyspy Brytyjskie	maps/british_isles.jpg	maps/central_europe.jpg
3	Półwysep Iberyjski	maps/iberia.jpg	maps/central_europe.jpg
4	Skandynawia	maps/scandinavia.jpg	maps/central_europe.jpg
5	Bałkany	maps/balkans.jpg	maps/central_europe.jpg
\.


--
-- TOC entry 5165 (class 0 OID 58046)
-- Dependencies: 245
-- Data for Name: mapAccess; Type: TABLE DATA; Schema: game_1; Owner: postgres
--

COPY game_1."mapAccess" ("fk_Users", "fk_Maps") FROM stdin;
1	1
1	4
2	2
2	5
3	3
4	1
4	5
5	3
\.


--
-- TOC entry 5200 (class 0 OID 58416)
-- Dependencies: 280
-- Data for Name: modifiers; Type: TABLE DATA; Schema: game_1; Owner: postgres
--

COPY game_1.modifiers (id, event_id, modifier_type, effects) FROM stdin;
\.


--
-- TOC entry 5167 (class 0 OID 58050)
-- Dependencies: 247
-- Data for Name: nations; Type: TABLE DATA; Schema: game_1; Owner: postgres
--

COPY game_1.nations (id, name, fk_religions, fk_cultures, flag, color) FROM stdin;
\.


--
-- TOC entry 5169 (class 0 OID 58056)
-- Dependencies: 249
-- Data for Name: offeredresources; Type: TABLE DATA; Schema: game_1; Owner: postgres
--

COPY game_1.offeredresources (id, fk_resource, fk_tradeagreement, quantity) FROM stdin;
\.


--
-- TOC entry 5171 (class 0 OID 58060)
-- Dependencies: 251
-- Data for Name: players; Type: TABLE DATA; Schema: game_1; Owner: postgres
--

COPY game_1.players (id, "fk_User", "playerType") FROM stdin;
\.


--
-- TOC entry 5202 (class 0 OID 58436)
-- Dependencies: 282
-- Data for Name: populationproductionshares; Type: TABLE DATA; Schema: game_1; Owner: postgres
--

COPY game_1.populationproductionshares (id, fk_population, fk_resources, coefficient) FROM stdin;
\.


--
-- TOC entry 5173 (class 0 OID 58064)
-- Dependencies: 253
-- Data for Name: populations; Type: TABLE DATA; Schema: game_1; Owner: postgres
--

COPY game_1.populations (id, fk_religions, fk_cultures, fk_socialgroups, fk_locations, happiness, volunteers) FROM stdin;
\.


--
-- TOC entry 5204 (class 0 OID 58452)
-- Dependencies: 284
-- Data for Name: populationusedresource; Type: TABLE DATA; Schema: game_1; Owner: postgres
--

COPY game_1.populationusedresource (id, fk_population, fk_resources, amount) FROM stdin;
\.


--
-- TOC entry 5175 (class 0 OID 58068)
-- Dependencies: 255
-- Data for Name: productionCost; Type: TABLE DATA; Schema: game_1; Owner: postgres
--

COPY game_1."productionCost" (id, "fk_UnitTypes", "fk_Resources", amount) FROM stdin;
\.


--
-- TOC entry 5177 (class 0 OID 58072)
-- Dependencies: 257
-- Data for Name: productionShares; Type: TABLE DATA; Schema: game_1; Owner: postgres
--

COPY game_1."productionShares" (id, "fk_SocialGroups", "fk_Resources", coefficient) FROM stdin;
\.


--
-- TOC entry 5179 (class 0 OID 58076)
-- Dependencies: 259
-- Data for Name: relatedEvents; Type: TABLE DATA; Schema: game_1; Owner: postgres
--

COPY game_1."relatedEvents" (id, "fk_Events", "fk_Nations") FROM stdin;
\.


--
-- TOC entry 5181 (class 0 OID 58080)
-- Dependencies: 261
-- Data for Name: religions; Type: TABLE DATA; Schema: game_1; Owner: postgres
--

COPY game_1.religions (id, name, icon) FROM stdin;
\.


--
-- TOC entry 5183 (class 0 OID 58086)
-- Dependencies: 263
-- Data for Name: resources; Type: TABLE DATA; Schema: game_1; Owner: postgres
--

COPY game_1.resources (id, name, ismain, icon) FROM stdin;
\.


--
-- TOC entry 5185 (class 0 OID 58092)
-- Dependencies: 265
-- Data for Name: socialgroups; Type: TABLE DATA; Schema: game_1; Owner: postgres
--

COPY game_1.socialgroups (id, name, basehappiness, volunteers, icon) FROM stdin;
\.


--
-- TOC entry 5187 (class 0 OID 58098)
-- Dependencies: 267
-- Data for Name: tradeagreements; Type: TABLE DATA; Schema: game_1; Owner: postgres
--

COPY game_1.tradeagreements (id, fk_nationoffering, fk_nationreceiving, status, duration, description) FROM stdin;
\.


--
-- TOC entry 5189 (class 0 OID 58104)
-- Dependencies: 269
-- Data for Name: troops; Type: TABLE DATA; Schema: game_1; Owner: postgres
--

COPY game_1.troops (id, "fk_UnitTypes", "fk_Armies", quantity) FROM stdin;
\.


--
-- TOC entry 5191 (class 0 OID 58108)
-- Dependencies: 271
-- Data for Name: unitOrders; Type: TABLE DATA; Schema: game_1; Owner: postgres
--

COPY game_1."unitOrders" (id, "fk_UnitTypes", "fk_Nations", quantity) FROM stdin;
\.


--
-- TOC entry 5193 (class 0 OID 58112)
-- Dependencies: 273
-- Data for Name: unitTypes; Type: TABLE DATA; Schema: game_1; Owner: postgres
--

COPY game_1."unitTypes" (id, name, description, melee, range, defense, speed, morale, "volunteersNeeded", "isNaval") FROM stdin;
\.


--
-- TOC entry 5195 (class 0 OID 58118)
-- Dependencies: 275
-- Data for Name: usedResources; Type: TABLE DATA; Schema: game_1; Owner: postgres
--

COPY game_1."usedResources" (id, "fk_SocialGroups", "fk_Resources", amount) FROM stdin;
\.


--
-- TOC entry 5197 (class 0 OID 58122)
-- Dependencies: 277
-- Data for Name: wantedresources; Type: TABLE DATA; Schema: game_1; Owner: postgres
--

COPY game_1.wantedresources (id, fk_resource, fk_tradeagreement, amount) FROM stdin;
\.


--
-- TOC entry 5211 (class 0 OID 0)
-- Dependencies: 219
-- Name: gameaccess_id_seq; Type: SEQUENCE SET; Schema: Global; Owner: postgres
--

SELECT pg_catalog.setval('"Global".gameaccess_id_seq', 1, false);


--
-- TOC entry 5212 (class 0 OID 0)
-- Dependencies: 221
-- Name: games_id_seq; Type: SEQUENCE SET; Schema: Global; Owner: postgres
--

SELECT pg_catalog.setval('"Global".games_id_seq', 1, false);


--
-- TOC entry 5213 (class 0 OID 0)
-- Dependencies: 223
-- Name: users_id_seq; Type: SEQUENCE SET; Schema: Global; Owner: postgres
--

SELECT pg_catalog.setval('"Global".users_id_seq', 1, false);


--
-- TOC entry 5214 (class 0 OID 0)
-- Dependencies: 225
-- Name: accessToUnits_id_seq; Type: SEQUENCE SET; Schema: game_1; Owner: postgres
--

SELECT pg_catalog.setval('game_1."accessToUnits_id_seq"', 12, true);


--
-- TOC entry 5215 (class 0 OID 0)
-- Dependencies: 227
-- Name: accessestonations_id_seq; Type: SEQUENCE SET; Schema: game_1; Owner: postgres
--

SELECT pg_catalog.setval('game_1.accessestonations_id_seq', 5, true);


--
-- TOC entry 5216 (class 0 OID 0)
-- Dependencies: 229
-- Name: actions_id_seq; Type: SEQUENCE SET; Schema: game_1; Owner: postgres
--

SELECT pg_catalog.setval('game_1.actions_id_seq', 5, true);


--
-- TOC entry 5217 (class 0 OID 0)
-- Dependencies: 231
-- Name: armies_id_seq; Type: SEQUENCE SET; Schema: game_1; Owner: postgres
--

SELECT pg_catalog.setval('game_1.armies_id_seq', 5, true);


--
-- TOC entry 5218 (class 0 OID 0)
-- Dependencies: 233
-- Name: cultures_id_seq; Type: SEQUENCE SET; Schema: game_1; Owner: postgres
--

SELECT pg_catalog.setval('game_1.cultures_id_seq', 5, true);


--
-- TOC entry 5219 (class 0 OID 0)
-- Dependencies: 235
-- Name: events_id_seq; Type: SEQUENCE SET; Schema: game_1; Owner: postgres
--

SELECT pg_catalog.setval('game_1.events_id_seq', 5, true);


--
-- TOC entry 5220 (class 0 OID 0)
-- Dependencies: 237
-- Name: factions_id_seq; Type: SEQUENCE SET; Schema: game_1; Owner: postgres
--

SELECT pg_catalog.setval('game_1.factions_id_seq', 5, true);


--
-- TOC entry 5221 (class 0 OID 0)
-- Dependencies: 240
-- Name: locationsResources_id_seq; Type: SEQUENCE SET; Schema: game_1; Owner: postgres
--

SELECT pg_catalog.setval('game_1."locationsResources_id_seq"', 10, true);


--
-- TOC entry 5222 (class 0 OID 0)
-- Dependencies: 241
-- Name: locations_id_seq; Type: SEQUENCE SET; Schema: game_1; Owner: postgres
--

SELECT pg_catalog.setval('game_1.locations_id_seq', 8, true);


--
-- TOC entry 5223 (class 0 OID 0)
-- Dependencies: 243
-- Name: maintenanceCosts_id_seq; Type: SEQUENCE SET; Schema: game_1; Owner: postgres
--

SELECT pg_catalog.setval('game_1."maintenanceCosts_id_seq"', 10, true);


--
-- TOC entry 5224 (class 0 OID 0)
-- Dependencies: 246
-- Name: map_id_seq; Type: SEQUENCE SET; Schema: game_1; Owner: postgres
--

SELECT pg_catalog.setval('game_1.map_id_seq', 5, true);


--
-- TOC entry 5225 (class 0 OID 0)
-- Dependencies: 279
-- Name: modifiers_id_seq; Type: SEQUENCE SET; Schema: game_1; Owner: postgres
--

SELECT pg_catalog.setval('game_1.modifiers_id_seq', 1, false);


--
-- TOC entry 5226 (class 0 OID 0)
-- Dependencies: 248
-- Name: nations_id_seq; Type: SEQUENCE SET; Schema: game_1; Owner: postgres
--

SELECT pg_catalog.setval('game_1.nations_id_seq', 5, true);


--
-- TOC entry 5227 (class 0 OID 0)
-- Dependencies: 250
-- Name: offeredresources_id_seq; Type: SEQUENCE SET; Schema: game_1; Owner: postgres
--

SELECT pg_catalog.setval('game_1.offeredresources_id_seq', 5, true);


--
-- TOC entry 5228 (class 0 OID 0)
-- Dependencies: 252
-- Name: players_id_seq; Type: SEQUENCE SET; Schema: game_1; Owner: postgres
--

SELECT pg_catalog.setval('game_1.players_id_seq', 1, false);


--
-- TOC entry 5229 (class 0 OID 0)
-- Dependencies: 281
-- Name: populationproductionshares_id_seq; Type: SEQUENCE SET; Schema: game_1; Owner: postgres
--

SELECT pg_catalog.setval('game_1.populationproductionshares_id_seq', 1, false);


--
-- TOC entry 5230 (class 0 OID 0)
-- Dependencies: 254
-- Name: populations_id_seq; Type: SEQUENCE SET; Schema: game_1; Owner: postgres
--

SELECT pg_catalog.setval('game_1.populations_id_seq', 8, true);


--
-- TOC entry 5231 (class 0 OID 0)
-- Dependencies: 283
-- Name: populationusedresource_id_seq; Type: SEQUENCE SET; Schema: game_1; Owner: postgres
--

SELECT pg_catalog.setval('game_1.populationusedresource_id_seq', 1, false);


--
-- TOC entry 5232 (class 0 OID 0)
-- Dependencies: 256
-- Name: productionCost_id_seq; Type: SEQUENCE SET; Schema: game_1; Owner: postgres
--

SELECT pg_catalog.setval('game_1."productionCost_id_seq"', 10, true);


--
-- TOC entry 5233 (class 0 OID 0)
-- Dependencies: 258
-- Name: productionShares_id_seq; Type: SEQUENCE SET; Schema: game_1; Owner: postgres
--

SELECT pg_catalog.setval('game_1."productionShares_id_seq"', 10, true);


--
-- TOC entry 5234 (class 0 OID 0)
-- Dependencies: 260
-- Name: relatedEvents_id_seq; Type: SEQUENCE SET; Schema: game_1; Owner: postgres
--

SELECT pg_catalog.setval('game_1."relatedEvents_id_seq"', 10, true);


--
-- TOC entry 5235 (class 0 OID 0)
-- Dependencies: 262
-- Name: religions_id_seq; Type: SEQUENCE SET; Schema: game_1; Owner: postgres
--

SELECT pg_catalog.setval('game_1.religions_id_seq', 5, true);


--
-- TOC entry 5236 (class 0 OID 0)
-- Dependencies: 264
-- Name: resources_id_seq; Type: SEQUENCE SET; Schema: game_1; Owner: postgres
--

SELECT pg_catalog.setval('game_1.resources_id_seq', 8, true);


--
-- TOC entry 5237 (class 0 OID 0)
-- Dependencies: 266
-- Name: socialgroups_id_seq; Type: SEQUENCE SET; Schema: game_1; Owner: postgres
--

SELECT pg_catalog.setval('game_1.socialgroups_id_seq', 5, true);


--
-- TOC entry 5238 (class 0 OID 0)
-- Dependencies: 268
-- Name: tradeagreements_id_seq; Type: SEQUENCE SET; Schema: game_1; Owner: postgres
--

SELECT pg_catalog.setval('game_1.tradeagreements_id_seq', 5, true);


--
-- TOC entry 5239 (class 0 OID 0)
-- Dependencies: 270
-- Name: troops_id_seq; Type: SEQUENCE SET; Schema: game_1; Owner: postgres
--

SELECT pg_catalog.setval('game_1.troops_id_seq', 8, true);


--
-- TOC entry 5240 (class 0 OID 0)
-- Dependencies: 272
-- Name: unitOrders_id_seq; Type: SEQUENCE SET; Schema: game_1; Owner: postgres
--

SELECT pg_catalog.setval('game_1."unitOrders_id_seq"', 12, true);


--
-- TOC entry 5241 (class 0 OID 0)
-- Dependencies: 274
-- Name: unitTypes_id_seq; Type: SEQUENCE SET; Schema: game_1; Owner: postgres
--

SELECT pg_catalog.setval('game_1."unitTypes_id_seq"', 5, true);


--
-- TOC entry 5242 (class 0 OID 0)
-- Dependencies: 276
-- Name: usedResources_id_seq; Type: SEQUENCE SET; Schema: game_1; Owner: postgres
--

SELECT pg_catalog.setval('game_1."usedResources_id_seq"', 10, true);


--
-- TOC entry 5243 (class 0 OID 0)
-- Dependencies: 278
-- Name: wantedresources_id_seq; Type: SEQUENCE SET; Schema: game_1; Owner: postgres
--

SELECT pg_catalog.setval('game_1.wantedresources_id_seq', 5, true);


--
-- TOC entry 4863 (class 2606 OID 58127)
-- Name: gameaccess PK_gameaccess; Type: CONSTRAINT; Schema: Global; Owner: postgres
--

ALTER TABLE ONLY "Global".gameaccess
    ADD CONSTRAINT "PK_gameaccess" PRIMARY KEY ("fk_Users", "fk_Games");


--
-- TOC entry 4867 (class 2606 OID 58129)
-- Name: games PK_games; Type: CONSTRAINT; Schema: Global; Owner: postgres
--

ALTER TABLE ONLY "Global".games
    ADD CONSTRAINT "PK_games" PRIMARY KEY (id);


--
-- TOC entry 4871 (class 2606 OID 58131)
-- Name: users PK_users; Type: CONSTRAINT; Schema: Global; Owner: postgres
--

ALTER TABLE ONLY "Global".users
    ADD CONSTRAINT "PK_users" PRIMARY KEY (id);


--
-- TOC entry 4875 (class 2606 OID 58133)
-- Name: accessToUnits PK_accessToUnits; Type: CONSTRAINT; Schema: game_1; Owner: postgres
--

ALTER TABLE ONLY game_1."accessToUnits"
    ADD CONSTRAINT "PK_accessToUnits" PRIMARY KEY (id);


--
-- TOC entry 4879 (class 2606 OID 58135)
-- Name: accessestonations PK_accessestonations; Type: CONSTRAINT; Schema: game_1; Owner: postgres
--

ALTER TABLE ONLY game_1.accessestonations
    ADD CONSTRAINT "PK_accessestonations" PRIMARY KEY (id);


--
-- TOC entry 4882 (class 2606 OID 58137)
-- Name: actions PK_actions; Type: CONSTRAINT; Schema: game_1; Owner: postgres
--

ALTER TABLE ONLY game_1.actions
    ADD CONSTRAINT "PK_actions" PRIMARY KEY (id);


--
-- TOC entry 4886 (class 2606 OID 58139)
-- Name: armies PK_armies; Type: CONSTRAINT; Schema: game_1; Owner: postgres
--

ALTER TABLE ONLY game_1.armies
    ADD CONSTRAINT "PK_armies" PRIMARY KEY (id);


--
-- TOC entry 4888 (class 2606 OID 58141)
-- Name: cultures PK_cultures; Type: CONSTRAINT; Schema: game_1; Owner: postgres
--

ALTER TABLE ONLY game_1.cultures
    ADD CONSTRAINT "PK_cultures" PRIMARY KEY (id);


--
-- TOC entry 4890 (class 2606 OID 58143)
-- Name: events PK_events; Type: CONSTRAINT; Schema: game_1; Owner: postgres
--

ALTER TABLE ONLY game_1.events
    ADD CONSTRAINT "PK_events" PRIMARY KEY (id);


--
-- TOC entry 4893 (class 2606 OID 58145)
-- Name: factions PK_factions; Type: CONSTRAINT; Schema: game_1; Owner: postgres
--

ALTER TABLE ONLY game_1.factions
    ADD CONSTRAINT "PK_factions" PRIMARY KEY (id);


--
-- TOC entry 4896 (class 2606 OID 58147)
-- Name: locations PK_locations; Type: CONSTRAINT; Schema: game_1; Owner: postgres
--

ALTER TABLE ONLY game_1.locations
    ADD CONSTRAINT "PK_locations" PRIMARY KEY (id);


--
-- TOC entry 4898 (class 2606 OID 58149)
-- Name: locationsResources PK_locationsResources; Type: CONSTRAINT; Schema: game_1; Owner: postgres
--

ALTER TABLE ONLY game_1."locationsResources"
    ADD CONSTRAINT "PK_locationsResources" PRIMARY KEY (id);


--
-- TOC entry 4902 (class 2606 OID 58151)
-- Name: maintenanceCosts PK_maintenanceCosts; Type: CONSTRAINT; Schema: game_1; Owner: postgres
--

ALTER TABLE ONLY game_1."maintenanceCosts"
    ADD CONSTRAINT "PK_maintenanceCosts" PRIMARY KEY (id);


--
-- TOC entry 4904 (class 2606 OID 58153)
-- Name: map PK_map; Type: CONSTRAINT; Schema: game_1; Owner: postgres
--

ALTER TABLE ONLY game_1.map
    ADD CONSTRAINT "PK_map" PRIMARY KEY (id);


--
-- TOC entry 4907 (class 2606 OID 58155)
-- Name: mapAccess PK_mapAccess; Type: CONSTRAINT; Schema: game_1; Owner: postgres
--

ALTER TABLE ONLY game_1."mapAccess"
    ADD CONSTRAINT "PK_mapAccess" PRIMARY KEY ("fk_Users", "fk_Maps");


--
-- TOC entry 4909 (class 2606 OID 58157)
-- Name: nations PK_nations; Type: CONSTRAINT; Schema: game_1; Owner: postgres
--

ALTER TABLE ONLY game_1.nations
    ADD CONSTRAINT "PK_nations" PRIMARY KEY (id);


--
-- TOC entry 4913 (class 2606 OID 58159)
-- Name: offeredresources PK_offeredresources; Type: CONSTRAINT; Schema: game_1; Owner: postgres
--

ALTER TABLE ONLY game_1.offeredresources
    ADD CONSTRAINT "PK_offeredresources" PRIMARY KEY (id);


--
-- TOC entry 4915 (class 2606 OID 58161)
-- Name: players PK_players; Type: CONSTRAINT; Schema: game_1; Owner: postgres
--

ALTER TABLE ONLY game_1.players
    ADD CONSTRAINT "PK_players" PRIMARY KEY (id);


--
-- TOC entry 4921 (class 2606 OID 58163)
-- Name: populations PK_populations; Type: CONSTRAINT; Schema: game_1; Owner: postgres
--

ALTER TABLE ONLY game_1.populations
    ADD CONSTRAINT "PK_populations" PRIMARY KEY (id);


--
-- TOC entry 4925 (class 2606 OID 58165)
-- Name: productionCost PK_productionCost; Type: CONSTRAINT; Schema: game_1; Owner: postgres
--

ALTER TABLE ONLY game_1."productionCost"
    ADD CONSTRAINT "PK_productionCost" PRIMARY KEY (id);


--
-- TOC entry 4927 (class 2606 OID 58167)
-- Name: productionShares PK_productionShares; Type: CONSTRAINT; Schema: game_1; Owner: postgres
--

ALTER TABLE ONLY game_1."productionShares"
    ADD CONSTRAINT "PK_productionShares" PRIMARY KEY (id);


--
-- TOC entry 4931 (class 2606 OID 58169)
-- Name: relatedEvents PK_relatedEvents; Type: CONSTRAINT; Schema: game_1; Owner: postgres
--

ALTER TABLE ONLY game_1."relatedEvents"
    ADD CONSTRAINT "PK_relatedEvents" PRIMARY KEY (id);


--
-- TOC entry 4933 (class 2606 OID 58171)
-- Name: religions PK_religions; Type: CONSTRAINT; Schema: game_1; Owner: postgres
--

ALTER TABLE ONLY game_1.religions
    ADD CONSTRAINT "PK_religions" PRIMARY KEY (id);


--
-- TOC entry 4935 (class 2606 OID 58173)
-- Name: resources PK_resources; Type: CONSTRAINT; Schema: game_1; Owner: postgres
--

ALTER TABLE ONLY game_1.resources
    ADD CONSTRAINT "PK_resources" PRIMARY KEY (id);


--
-- TOC entry 4937 (class 2606 OID 58175)
-- Name: socialgroups PK_socialgroups; Type: CONSTRAINT; Schema: game_1; Owner: postgres
--

ALTER TABLE ONLY game_1.socialgroups
    ADD CONSTRAINT "PK_socialgroups" PRIMARY KEY (id);


--
-- TOC entry 4941 (class 2606 OID 58177)
-- Name: tradeagreements PK_tradeagreements; Type: CONSTRAINT; Schema: game_1; Owner: postgres
--

ALTER TABLE ONLY game_1.tradeagreements
    ADD CONSTRAINT "PK_tradeagreements" PRIMARY KEY (id);


--
-- TOC entry 4945 (class 2606 OID 58179)
-- Name: troops PK_troops; Type: CONSTRAINT; Schema: game_1; Owner: postgres
--

ALTER TABLE ONLY game_1.troops
    ADD CONSTRAINT "PK_troops" PRIMARY KEY (id);


--
-- TOC entry 4949 (class 2606 OID 58181)
-- Name: unitOrders PK_unitOrders; Type: CONSTRAINT; Schema: game_1; Owner: postgres
--

ALTER TABLE ONLY game_1."unitOrders"
    ADD CONSTRAINT "PK_unitOrders" PRIMARY KEY (id);


--
-- TOC entry 4951 (class 2606 OID 58183)
-- Name: unitTypes PK_unitTypes; Type: CONSTRAINT; Schema: game_1; Owner: postgres
--

ALTER TABLE ONLY game_1."unitTypes"
    ADD CONSTRAINT "PK_unitTypes" PRIMARY KEY (id);


--
-- TOC entry 4953 (class 2606 OID 58185)
-- Name: usedResources PK_usedResources; Type: CONSTRAINT; Schema: game_1; Owner: postgres
--

ALTER TABLE ONLY game_1."usedResources"
    ADD CONSTRAINT "PK_usedResources" PRIMARY KEY (id);


--
-- TOC entry 4957 (class 2606 OID 58187)
-- Name: wantedresources PK_wantedresources; Type: CONSTRAINT; Schema: game_1; Owner: postgres
--

ALTER TABLE ONLY game_1.wantedresources
    ADD CONSTRAINT "PK_wantedresources" PRIMARY KEY (id);


--
-- TOC entry 4959 (class 2606 OID 58423)
-- Name: modifiers modifiers_pkey; Type: CONSTRAINT; Schema: game_1; Owner: postgres
--

ALTER TABLE ONLY game_1.modifiers
    ADD CONSTRAINT modifiers_pkey PRIMARY KEY (id);


--
-- TOC entry 4961 (class 2606 OID 58440)
-- Name: populationproductionshares populationproductionshares_pkey; Type: CONSTRAINT; Schema: game_1; Owner: postgres
--

ALTER TABLE ONLY game_1.populationproductionshares
    ADD CONSTRAINT populationproductionshares_pkey PRIMARY KEY (id);


--
-- TOC entry 4963 (class 2606 OID 58456)
-- Name: populationusedresource populationusedresource_pkey; Type: CONSTRAINT; Schema: game_1; Owner: postgres
--

ALTER TABLE ONLY game_1.populationusedresource
    ADD CONSTRAINT populationusedresource_pkey PRIMARY KEY (id);


--
-- TOC entry 4861 (class 1259 OID 58188)
-- Name: IX_gameaccess_fk_Games; Type: INDEX; Schema: Global; Owner: postgres
--

CREATE INDEX "IX_gameaccess_fk_Games" ON "Global".gameaccess USING btree ("fk_Games");


--
-- TOC entry 4864 (class 1259 OID 58189)
-- Name: IX_games_name; Type: INDEX; Schema: Global; Owner: postgres
--

CREATE UNIQUE INDEX "IX_games_name" ON "Global".games USING btree (name);


--
-- TOC entry 4865 (class 1259 OID 58190)
-- Name: IX_games_ownerId; Type: INDEX; Schema: Global; Owner: postgres
--

CREATE INDEX "IX_games_ownerId" ON "Global".games USING btree ("ownerId");


--
-- TOC entry 4868 (class 1259 OID 58191)
-- Name: IX_users_email; Type: INDEX; Schema: Global; Owner: postgres
--

CREATE UNIQUE INDEX "IX_users_email" ON "Global".users USING btree (email);


--
-- TOC entry 4869 (class 1259 OID 58192)
-- Name: IX_users_name; Type: INDEX; Schema: Global; Owner: postgres
--

CREATE UNIQUE INDEX "IX_users_name" ON "Global".users USING btree (name);


--
-- TOC entry 4872 (class 1259 OID 58193)
-- Name: IX_accessToUnits_fk_Nations; Type: INDEX; Schema: game_1; Owner: postgres
--

CREATE INDEX "IX_accessToUnits_fk_Nations" ON game_1."accessToUnits" USING btree ("fk_Nation");


--
-- TOC entry 4873 (class 1259 OID 58194)
-- Name: IX_accessToUnits_fk_UnitTypes; Type: INDEX; Schema: game_1; Owner: postgres
--

CREATE INDEX "IX_accessToUnits_fk_UnitTypes" ON game_1."accessToUnits" USING btree ("fk_UnitTypes");


--
-- TOC entry 4876 (class 1259 OID 58195)
-- Name: IX_accessestonations_fk_nations; Type: INDEX; Schema: game_1; Owner: postgres
--

CREATE INDEX "IX_accessestonations_fk_nations" ON game_1.accessestonations USING btree (fk_nations);


--
-- TOC entry 4877 (class 1259 OID 58196)
-- Name: IX_accessestonations_fk_users; Type: INDEX; Schema: game_1; Owner: postgres
--

CREATE INDEX "IX_accessestonations_fk_users" ON game_1.accessestonations USING btree (fk_users);


--
-- TOC entry 4880 (class 1259 OID 58197)
-- Name: IX_actions_fk_Nations; Type: INDEX; Schema: game_1; Owner: postgres
--

CREATE INDEX "IX_actions_fk_Nations" ON game_1.actions USING btree ("fk_Nations");


--
-- TOC entry 4883 (class 1259 OID 58198)
-- Name: IX_armies_fk_Locations; Type: INDEX; Schema: game_1; Owner: postgres
--

CREATE INDEX "IX_armies_fk_Locations" ON game_1.armies USING btree ("fk_Locations");


--
-- TOC entry 4884 (class 1259 OID 58199)
-- Name: IX_armies_fk_Nations; Type: INDEX; Schema: game_1; Owner: postgres
--

CREATE INDEX "IX_armies_fk_Nations" ON game_1.armies USING btree ("fk_Nations");


--
-- TOC entry 4891 (class 1259 OID 58200)
-- Name: IX_factions_fk_Nations; Type: INDEX; Schema: game_1; Owner: postgres
--

CREATE INDEX "IX_factions_fk_Nations" ON game_1.factions USING btree ("fk_Nations");


--
-- TOC entry 4894 (class 1259 OID 58201)
-- Name: IX_locations_fk_nations; Type: INDEX; Schema: game_1; Owner: postgres
--

CREATE INDEX "IX_locations_fk_nations" ON game_1.locations USING btree (fk_nations);


--
-- TOC entry 4899 (class 1259 OID 58202)
-- Name: IX_maintenanceCosts_fk_Resources; Type: INDEX; Schema: game_1; Owner: postgres
--

CREATE INDEX "IX_maintenanceCosts_fk_Resources" ON game_1."maintenanceCosts" USING btree ("fk_Resources");


--
-- TOC entry 4900 (class 1259 OID 58203)
-- Name: IX_maintenanceCosts_fk_UnitTypes; Type: INDEX; Schema: game_1; Owner: postgres
--

CREATE INDEX "IX_maintenanceCosts_fk_UnitTypes" ON game_1."maintenanceCosts" USING btree ("fk_UnitTypes");


--
-- TOC entry 4905 (class 1259 OID 58204)
-- Name: IX_mapAccess_fk_Maps; Type: INDEX; Schema: game_1; Owner: postgres
--

CREATE INDEX "IX_mapAccess_fk_Maps" ON game_1."mapAccess" USING btree ("fk_Maps");


--
-- TOC entry 4910 (class 1259 OID 58205)
-- Name: IX_offeredresources_fk_resource; Type: INDEX; Schema: game_1; Owner: postgres
--

CREATE INDEX "IX_offeredresources_fk_resource" ON game_1.offeredresources USING btree (fk_resource);


--
-- TOC entry 4911 (class 1259 OID 58206)
-- Name: IX_offeredresources_fk_tradeagreement; Type: INDEX; Schema: game_1; Owner: postgres
--

CREATE INDEX "IX_offeredresources_fk_tradeagreement" ON game_1.offeredresources USING btree (fk_tradeagreement);


--
-- TOC entry 4916 (class 1259 OID 58207)
-- Name: IX_populations_fk_cultures; Type: INDEX; Schema: game_1; Owner: postgres
--

CREATE INDEX "IX_populations_fk_cultures" ON game_1.populations USING btree (fk_cultures);


--
-- TOC entry 4917 (class 1259 OID 58208)
-- Name: IX_populations_fk_locations; Type: INDEX; Schema: game_1; Owner: postgres
--

CREATE INDEX "IX_populations_fk_locations" ON game_1.populations USING btree (fk_locations);


--
-- TOC entry 4918 (class 1259 OID 58209)
-- Name: IX_populations_fk_religions; Type: INDEX; Schema: game_1; Owner: postgres
--

CREATE INDEX "IX_populations_fk_religions" ON game_1.populations USING btree (fk_religions);


--
-- TOC entry 4919 (class 1259 OID 58210)
-- Name: IX_populations_fk_socialgroups; Type: INDEX; Schema: game_1; Owner: postgres
--

CREATE INDEX "IX_populations_fk_socialgroups" ON game_1.populations USING btree (fk_socialgroups);


--
-- TOC entry 4922 (class 1259 OID 58211)
-- Name: IX_productionCost_fk_Resources; Type: INDEX; Schema: game_1; Owner: postgres
--

CREATE INDEX "IX_productionCost_fk_Resources" ON game_1."productionCost" USING btree ("fk_Resources");


--
-- TOC entry 4923 (class 1259 OID 58212)
-- Name: IX_productionCost_fk_UnitTypes; Type: INDEX; Schema: game_1; Owner: postgres
--

CREATE INDEX "IX_productionCost_fk_UnitTypes" ON game_1."productionCost" USING btree ("fk_UnitTypes");


--
-- TOC entry 4928 (class 1259 OID 58213)
-- Name: IX_relatedEvents_fk_Events; Type: INDEX; Schema: game_1; Owner: postgres
--

CREATE INDEX "IX_relatedEvents_fk_Events" ON game_1."relatedEvents" USING btree ("fk_Events");


--
-- TOC entry 4929 (class 1259 OID 58214)
-- Name: IX_relatedEvents_fk_Nations; Type: INDEX; Schema: game_1; Owner: postgres
--

CREATE INDEX "IX_relatedEvents_fk_Nations" ON game_1."relatedEvents" USING btree ("fk_Nations");


--
-- TOC entry 4938 (class 1259 OID 58215)
-- Name: IX_tradeagreements_fk_nationoffering; Type: INDEX; Schema: game_1; Owner: postgres
--

CREATE INDEX "IX_tradeagreements_fk_nationoffering" ON game_1.tradeagreements USING btree (fk_nationoffering);


--
-- TOC entry 4939 (class 1259 OID 58216)
-- Name: IX_tradeagreements_fk_nationreceiving; Type: INDEX; Schema: game_1; Owner: postgres
--

CREATE INDEX "IX_tradeagreements_fk_nationreceiving" ON game_1.tradeagreements USING btree (fk_nationreceiving);


--
-- TOC entry 4942 (class 1259 OID 58217)
-- Name: IX_troops_fk_Armies; Type: INDEX; Schema: game_1; Owner: postgres
--

CREATE INDEX "IX_troops_fk_Armies" ON game_1.troops USING btree ("fk_Armies");


--
-- TOC entry 4943 (class 1259 OID 58218)
-- Name: IX_troops_fk_UnitTypes; Type: INDEX; Schema: game_1; Owner: postgres
--

CREATE INDEX "IX_troops_fk_UnitTypes" ON game_1.troops USING btree ("fk_UnitTypes");


--
-- TOC entry 4946 (class 1259 OID 58219)
-- Name: IX_unitOrders_fk_Nations; Type: INDEX; Schema: game_1; Owner: postgres
--

CREATE INDEX "IX_unitOrders_fk_Nations" ON game_1."unitOrders" USING btree ("fk_Nations");


--
-- TOC entry 4947 (class 1259 OID 58220)
-- Name: IX_unitOrders_fk_UnitTypes; Type: INDEX; Schema: game_1; Owner: postgres
--

CREATE INDEX "IX_unitOrders_fk_UnitTypes" ON game_1."unitOrders" USING btree ("fk_UnitTypes");


--
-- TOC entry 4954 (class 1259 OID 58221)
-- Name: IX_wantedresources_fk_resource; Type: INDEX; Schema: game_1; Owner: postgres
--

CREATE INDEX "IX_wantedresources_fk_resource" ON game_1.wantedresources USING btree (fk_resource);


--
-- TOC entry 4955 (class 1259 OID 58222)
-- Name: IX_wantedresources_fk_tradeagreement; Type: INDEX; Schema: game_1; Owner: postgres
--

CREATE INDEX "IX_wantedresources_fk_tradeagreement" ON game_1.wantedresources USING btree (fk_tradeagreement);


--
-- TOC entry 4964 (class 2606 OID 58223)
-- Name: gameaccess FK_gameaccess_games_fk_Games; Type: FK CONSTRAINT; Schema: Global; Owner: postgres
--

ALTER TABLE ONLY "Global".gameaccess
    ADD CONSTRAINT "FK_gameaccess_games_fk_Games" FOREIGN KEY ("fk_Games") REFERENCES "Global".games(id) ON DELETE CASCADE;


--
-- TOC entry 4965 (class 2606 OID 58228)
-- Name: gameaccess FK_gameaccess_users_fk_Users; Type: FK CONSTRAINT; Schema: Global; Owner: postgres
--

ALTER TABLE ONLY "Global".gameaccess
    ADD CONSTRAINT "FK_gameaccess_users_fk_Users" FOREIGN KEY ("fk_Users") REFERENCES "Global".users(id) ON DELETE CASCADE;


--
-- TOC entry 4966 (class 2606 OID 58233)
-- Name: games FK_games_users_ownerId; Type: FK CONSTRAINT; Schema: Global; Owner: postgres
--

ALTER TABLE ONLY "Global".games
    ADD CONSTRAINT "FK_games_users_ownerId" FOREIGN KEY ("ownerId") REFERENCES "Global".users(id) ON DELETE CASCADE;


--
-- TOC entry 4967 (class 2606 OID 58263)
-- Name: armies FK_armies_locations_fk_Locations; Type: FK CONSTRAINT; Schema: game_1; Owner: postgres
--

ALTER TABLE ONLY game_1.armies
    ADD CONSTRAINT "FK_armies_locations_fk_Locations" FOREIGN KEY ("fk_Locations") REFERENCES game_1.locations(id) ON DELETE CASCADE;


--
-- TOC entry 4968 (class 2606 OID 58278)
-- Name: locationsResources FK_locationsResources_locations_fk_Locations; Type: FK CONSTRAINT; Schema: game_1; Owner: postgres
--

ALTER TABLE ONLY game_1."locationsResources"
    ADD CONSTRAINT "FK_locationsResources_locations_fk_Locations" FOREIGN KEY ("fk_Locations") REFERENCES game_1.locations(id) ON DELETE CASCADE;


--
-- TOC entry 4969 (class 2606 OID 58303)
-- Name: mapAccess FK_mapAccess_map_fk_Maps; Type: FK CONSTRAINT; Schema: game_1; Owner: postgres
--

ALTER TABLE ONLY game_1."mapAccess"
    ADD CONSTRAINT "FK_mapAccess_map_fk_Maps" FOREIGN KEY ("fk_Maps") REFERENCES game_1.map(id) ON DELETE CASCADE;


--
-- TOC entry 4970 (class 2606 OID 58313)
-- Name: offeredresources FK_offeredresources_resources_fk_resource; Type: FK CONSTRAINT; Schema: game_1; Owner: postgres
--

ALTER TABLE ONLY game_1.offeredresources
    ADD CONSTRAINT "FK_offeredresources_resources_fk_resource" FOREIGN KEY (fk_resource) REFERENCES game_1.resources(id) ON DELETE CASCADE;


--
-- TOC entry 4971 (class 2606 OID 58318)
-- Name: offeredresources FK_offeredresources_tradeagreements_fk_tradeagreement; Type: FK CONSTRAINT; Schema: game_1; Owner: postgres
--

ALTER TABLE ONLY game_1.offeredresources
    ADD CONSTRAINT "FK_offeredresources_tradeagreements_fk_tradeagreement" FOREIGN KEY (fk_tradeagreement) REFERENCES game_1.tradeagreements(id) ON DELETE CASCADE;


--
-- TOC entry 4972 (class 2606 OID 58323)
-- Name: populations FK_populations_cultures_fk_cultures; Type: FK CONSTRAINT; Schema: game_1; Owner: postgres
--

ALTER TABLE ONLY game_1.populations
    ADD CONSTRAINT "FK_populations_cultures_fk_cultures" FOREIGN KEY (fk_cultures) REFERENCES game_1.cultures(id) ON DELETE CASCADE;


--
-- TOC entry 4973 (class 2606 OID 58328)
-- Name: populations FK_populations_locations_fk_locations; Type: FK CONSTRAINT; Schema: game_1; Owner: postgres
--

ALTER TABLE ONLY game_1.populations
    ADD CONSTRAINT "FK_populations_locations_fk_locations" FOREIGN KEY (fk_locations) REFERENCES game_1.locations(id) ON DELETE CASCADE;


--
-- TOC entry 4974 (class 2606 OID 58333)
-- Name: populations FK_populations_religions_fk_religions; Type: FK CONSTRAINT; Schema: game_1; Owner: postgres
--

ALTER TABLE ONLY game_1.populations
    ADD CONSTRAINT "FK_populations_religions_fk_religions" FOREIGN KEY (fk_religions) REFERENCES game_1.religions(id) ON DELETE CASCADE;


--
-- TOC entry 4975 (class 2606 OID 58338)
-- Name: populations FK_populations_socialgroups_fk_socialgroups; Type: FK CONSTRAINT; Schema: game_1; Owner: postgres
--

ALTER TABLE ONLY game_1.populations
    ADD CONSTRAINT "FK_populations_socialgroups_fk_socialgroups" FOREIGN KEY (fk_socialgroups) REFERENCES game_1.socialgroups(id) ON DELETE CASCADE;


--
-- TOC entry 4976 (class 2606 OID 58343)
-- Name: productionCost FK_productionCost_resources_fk_Resources; Type: FK CONSTRAINT; Schema: game_1; Owner: postgres
--

ALTER TABLE ONLY game_1."productionCost"
    ADD CONSTRAINT "FK_productionCost_resources_fk_Resources" FOREIGN KEY ("fk_Resources") REFERENCES game_1.resources(id) ON DELETE CASCADE;


--
-- TOC entry 4977 (class 2606 OID 58348)
-- Name: productionCost FK_productionCost_unitTypes_fk_UnitTypes; Type: FK CONSTRAINT; Schema: game_1; Owner: postgres
--

ALTER TABLE ONLY game_1."productionCost"
    ADD CONSTRAINT "FK_productionCost_unitTypes_fk_UnitTypes" FOREIGN KEY ("fk_UnitTypes") REFERENCES game_1."unitTypes"(id) ON DELETE CASCADE;


--
-- TOC entry 4978 (class 2606 OID 58353)
-- Name: relatedEvents FK_relatedEvents_events_fk_Events; Type: FK CONSTRAINT; Schema: game_1; Owner: postgres
--

ALTER TABLE ONLY game_1."relatedEvents"
    ADD CONSTRAINT "FK_relatedEvents_events_fk_Events" FOREIGN KEY ("fk_Events") REFERENCES game_1.events(id) ON DELETE CASCADE;


--
-- TOC entry 4979 (class 2606 OID 58358)
-- Name: relatedEvents FK_relatedEvents_nations_fk_Nations; Type: FK CONSTRAINT; Schema: game_1; Owner: postgres
--

ALTER TABLE ONLY game_1."relatedEvents"
    ADD CONSTRAINT "FK_relatedEvents_nations_fk_Nations" FOREIGN KEY ("fk_Nations") REFERENCES game_1.nations(id) ON DELETE CASCADE;


--
-- TOC entry 4980 (class 2606 OID 58363)
-- Name: tradeagreements FK_tradeagreements_nations_fk_nationoffering; Type: FK CONSTRAINT; Schema: game_1; Owner: postgres
--

ALTER TABLE ONLY game_1.tradeagreements
    ADD CONSTRAINT "FK_tradeagreements_nations_fk_nationoffering" FOREIGN KEY (fk_nationoffering) REFERENCES game_1.nations(id) ON DELETE CASCADE;


--
-- TOC entry 4981 (class 2606 OID 58368)
-- Name: tradeagreements FK_tradeagreements_nations_fk_nationreceiving; Type: FK CONSTRAINT; Schema: game_1; Owner: postgres
--

ALTER TABLE ONLY game_1.tradeagreements
    ADD CONSTRAINT "FK_tradeagreements_nations_fk_nationreceiving" FOREIGN KEY (fk_nationreceiving) REFERENCES game_1.nations(id) ON DELETE CASCADE;


--
-- TOC entry 4982 (class 2606 OID 58373)
-- Name: troops FK_troops_armies_fk_Armies; Type: FK CONSTRAINT; Schema: game_1; Owner: postgres
--

ALTER TABLE ONLY game_1.troops
    ADD CONSTRAINT "FK_troops_armies_fk_Armies" FOREIGN KEY ("fk_Armies") REFERENCES game_1.armies(id) ON DELETE CASCADE;


--
-- TOC entry 4983 (class 2606 OID 58378)
-- Name: troops FK_troops_unitTypes_fk_UnitTypes; Type: FK CONSTRAINT; Schema: game_1; Owner: postgres
--

ALTER TABLE ONLY game_1.troops
    ADD CONSTRAINT "FK_troops_unitTypes_fk_UnitTypes" FOREIGN KEY ("fk_UnitTypes") REFERENCES game_1."unitTypes"(id) ON DELETE CASCADE;


--
-- TOC entry 4984 (class 2606 OID 58383)
-- Name: unitOrders FK_unitOrders_nations_fk_Nations; Type: FK CONSTRAINT; Schema: game_1; Owner: postgres
--

ALTER TABLE ONLY game_1."unitOrders"
    ADD CONSTRAINT "FK_unitOrders_nations_fk_Nations" FOREIGN KEY ("fk_Nations") REFERENCES game_1.nations(id) ON DELETE CASCADE;


--
-- TOC entry 4985 (class 2606 OID 58388)
-- Name: unitOrders FK_unitOrders_unitTypes_fk_UnitTypes; Type: FK CONSTRAINT; Schema: game_1; Owner: postgres
--

ALTER TABLE ONLY game_1."unitOrders"
    ADD CONSTRAINT "FK_unitOrders_unitTypes_fk_UnitTypes" FOREIGN KEY ("fk_UnitTypes") REFERENCES game_1."unitTypes"(id) ON DELETE CASCADE;


--
-- TOC entry 4986 (class 2606 OID 58393)
-- Name: wantedresources FK_wantedresources_resources_fk_resource; Type: FK CONSTRAINT; Schema: game_1; Owner: postgres
--

ALTER TABLE ONLY game_1.wantedresources
    ADD CONSTRAINT "FK_wantedresources_resources_fk_resource" FOREIGN KEY (fk_resource) REFERENCES game_1.resources(id) ON DELETE CASCADE;


--
-- TOC entry 4987 (class 2606 OID 58398)
-- Name: wantedresources FK_wantedresources_tradeagreements_fk_tradeagreement; Type: FK CONSTRAINT; Schema: game_1; Owner: postgres
--

ALTER TABLE ONLY game_1.wantedresources
    ADD CONSTRAINT "FK_wantedresources_tradeagreements_fk_tradeagreement" FOREIGN KEY (fk_tradeagreement) REFERENCES game_1.tradeagreements(id) ON DELETE CASCADE;


--
-- TOC entry 4988 (class 2606 OID 58424)
-- Name: modifiers modifiers_event_id_fkey; Type: FK CONSTRAINT; Schema: game_1; Owner: postgres
--

ALTER TABLE ONLY game_1.modifiers
    ADD CONSTRAINT modifiers_event_id_fkey FOREIGN KEY (event_id) REFERENCES game_1.events(id) ON DELETE CASCADE;


--
-- TOC entry 4989 (class 2606 OID 58441)
-- Name: populationproductionshares populationproductionshares_fkpopulation_fkey; Type: FK CONSTRAINT; Schema: game_1; Owner: postgres
--

ALTER TABLE ONLY game_1.populationproductionshares
    ADD CONSTRAINT populationproductionshares_fkpopulation_fkey FOREIGN KEY (fk_population) REFERENCES game_1.populations(id) ON DELETE CASCADE;


--
-- TOC entry 4990 (class 2606 OID 58446)
-- Name: populationproductionshares populationproductionshares_fkresources_fkey; Type: FK CONSTRAINT; Schema: game_1; Owner: postgres
--

ALTER TABLE ONLY game_1.populationproductionshares
    ADD CONSTRAINT populationproductionshares_fkresources_fkey FOREIGN KEY (fk_resources) REFERENCES game_1.resources(id) ON DELETE CASCADE;


--
-- TOC entry 4991 (class 2606 OID 58457)
-- Name: populationusedresource populationusedresource_fkpopulation_fkey; Type: FK CONSTRAINT; Schema: game_1; Owner: postgres
--

ALTER TABLE ONLY game_1.populationusedresource
    ADD CONSTRAINT populationusedresource_fkpopulation_fkey FOREIGN KEY (fk_population) REFERENCES game_1.populations(id) ON DELETE CASCADE;


--
-- TOC entry 4992 (class 2606 OID 58462)
-- Name: populationusedresource populationusedresource_fkresources_fkey; Type: FK CONSTRAINT; Schema: game_1; Owner: postgres
--

ALTER TABLE ONLY game_1.populationusedresource
    ADD CONSTRAINT populationusedresource_fkresources_fkey FOREIGN KEY (fk_resources) REFERENCES game_1.resources(id) ON DELETE CASCADE;


-- Completed on 2025-09-22 20:30:20

--
-- PostgreSQL database dump complete
--

