--
-- PostgreSQL database dump
--

-- Dumped from database version 17.5
-- Dumped by pg_dump version 17.5

-- Started on 2025-06-15 23:38:38

SET statement_timeout = 0;
SET lock_timeout = 0;
SET idle_in_transaction_session_timeout = 0;
SET transaction_timeout = 0;
SET client_encoding = 'UTF8';
SET standard_conforming_strings = on;
SELECT pg_catalog.set_config('search_path', '', false);
SET check_function_bodies = false;
SET xmloption = content;
SET client_min_messages = warning;
SET row_security = off;

--
-- TOC entry 6 (class 2615 OID 67611)
-- Name: Global; Type: SCHEMA; Schema: -; Owner: postgres
--

CREATE SCHEMA "Global";


ALTER SCHEMA "Global" OWNER TO postgres;

--
-- TOC entry 7 (class 2615 OID 67612)
-- Name: game_1; Type: SCHEMA; Schema: -; Owner: postgres
--

CREATE SCHEMA game_1;


ALTER SCHEMA game_1 OWNER TO postgres;

SET default_tablespace = '';

SET default_table_access_method = heap;

--
-- TOC entry 219 (class 1259 OID 67613)
-- Name: gameaccess; Type: TABLE; Schema: Global; Owner: postgres
--

CREATE TABLE "Global".gameaccess (
    id integer NOT NULL,
    "fk_Users" integer NOT NULL,
    "fk_Games" integer NOT NULL,
    "accessType" integer NOT NULL,
    "isArchived" boolean NOT NULL
);


ALTER TABLE "Global".gameaccess OWNER TO postgres;

--
-- TOC entry 220 (class 1259 OID 67616)
-- Name: gameaccess_id_seq; Type: SEQUENCE; Schema: Global; Owner: postgres
--

ALTER TABLE "Global".gameaccess ALTER COLUMN id ADD GENERATED BY DEFAULT AS IDENTITY (
    SEQUENCE NAME "Global".gameaccess_id_seq
    START WITH 1
    INCREMENT BY 1
    NO MINVALUE
    NO MAXVALUE
    CACHE 1
);


--
-- TOC entry 221 (class 1259 OID 67617)
-- Name: games; Type: TABLE; Schema: Global; Owner: postgres
--

CREATE TABLE "Global".games (
    id integer NOT NULL,
    name text NOT NULL,
    description text,
    image text,
    "ownerId" integer NOT NULL
);


ALTER TABLE "Global".games OWNER TO postgres;

--
-- TOC entry 222 (class 1259 OID 67622)
-- Name: games_id_seq; Type: SEQUENCE; Schema: Global; Owner: postgres
--

ALTER TABLE "Global".games ALTER COLUMN id ADD GENERATED BY DEFAULT AS IDENTITY (
    SEQUENCE NAME "Global".games_id_seq
    START WITH 1
    INCREMENT BY 1
    NO MINVALUE
    NO MAXVALUE
    CACHE 1
);


--
-- TOC entry 223 (class 1259 OID 67623)
-- Name: users; Type: TABLE; Schema: Global; Owner: postgres
--

CREATE TABLE "Global".users (
    id integer NOT NULL,
    name text NOT NULL,
    email text NOT NULL,
    password text NOT NULL,
    issso boolean NOT NULL,
    image text,
    isarchived boolean NOT NULL
);


ALTER TABLE "Global".users OWNER TO postgres;

--
-- TOC entry 224 (class 1259 OID 67628)
-- Name: users_id_seq; Type: SEQUENCE; Schema: Global; Owner: postgres
--

ALTER TABLE "Global".users ALTER COLUMN id ADD GENERATED BY DEFAULT AS IDENTITY (
    SEQUENCE NAME "Global".users_id_seq
    START WITH 1
    INCREMENT BY 1
    NO MINVALUE
    NO MAXVALUE
    CACHE 1
);


--
-- TOC entry 225 (class 1259 OID 67629)
-- Name: accessToUnits; Type: TABLE; Schema: game_1; Owner: postgres
--

CREATE TABLE game_1."accessToUnits" (
    id integer NOT NULL,
    "fk_Nation" integer NOT NULL,
    "fk_UnitTypes" integer NOT NULL
);


ALTER TABLE game_1."accessToUnits" OWNER TO postgres;

--
-- TOC entry 226 (class 1259 OID 67632)
-- Name: accessToUnits_id_seq; Type: SEQUENCE; Schema: game_1; Owner: postgres
--

ALTER TABLE game_1."accessToUnits" ALTER COLUMN id ADD GENERATED BY DEFAULT AS IDENTITY (
    SEQUENCE NAME game_1."accessToUnits_id_seq"
    START WITH 1
    INCREMENT BY 1
    NO MINVALUE
    NO MAXVALUE
    CACHE 1
);


--
-- TOC entry 227 (class 1259 OID 67633)
-- Name: accessestonations; Type: TABLE; Schema: game_1; Owner: postgres
--

CREATE TABLE game_1.accessestonations (
    id integer NOT NULL,
    fk_nations integer NOT NULL,
    fk_users integer NOT NULL,
    dateacquired timestamp with time zone NOT NULL,
    isactive boolean NOT NULL
);


ALTER TABLE game_1.accessestonations OWNER TO postgres;

--
-- TOC entry 228 (class 1259 OID 67636)
-- Name: accessestonations_id_seq; Type: SEQUENCE; Schema: game_1; Owner: postgres
--

ALTER TABLE game_1.accessestonations ALTER COLUMN id ADD GENERATED BY DEFAULT AS IDENTITY (
    SEQUENCE NAME game_1.accessestonations_id_seq
    START WITH 1
    INCREMENT BY 1
    NO MINVALUE
    NO MAXVALUE
    CACHE 1
);


--
-- TOC entry 229 (class 1259 OID 67637)
-- Name: actions; Type: TABLE; Schema: game_1; Owner: postgres
--

CREATE TABLE game_1.actions (
    id integer NOT NULL,
    "fk_Nations" integer NOT NULL,
    name text,
    description text NOT NULL,
    result text,
    "isSettled" boolean NOT NULL
);


ALTER TABLE game_1.actions OWNER TO postgres;

--
-- TOC entry 230 (class 1259 OID 67642)
-- Name: actions_id_seq; Type: SEQUENCE; Schema: game_1; Owner: postgres
--

ALTER TABLE game_1.actions ALTER COLUMN id ADD GENERATED BY DEFAULT AS IDENTITY (
    SEQUENCE NAME game_1.actions_id_seq
    START WITH 1
    INCREMENT BY 1
    NO MINVALUE
    NO MAXVALUE
    CACHE 1
);


--
-- TOC entry 231 (class 1259 OID 67643)
-- Name: armies; Type: TABLE; Schema: game_1; Owner: postgres
--

CREATE TABLE game_1.armies (
    id integer NOT NULL,
    name text NOT NULL,
    "fk_Nations" integer NOT NULL,
    "fk_Locations" integer NOT NULL,
    is_naval boolean NOT NULL
);


ALTER TABLE game_1.armies OWNER TO postgres;

--
-- TOC entry 232 (class 1259 OID 67648)
-- Name: armies_id_seq; Type: SEQUENCE; Schema: game_1; Owner: postgres
--

ALTER TABLE game_1.armies ALTER COLUMN id ADD GENERATED BY DEFAULT AS IDENTITY (
    SEQUENCE NAME game_1.armies_id_seq
    START WITH 1
    INCREMENT BY 1
    NO MINVALUE
    NO MAXVALUE
    CACHE 1
);


--
-- TOC entry 233 (class 1259 OID 67649)
-- Name: cultures; Type: TABLE; Schema: game_1; Owner: postgres
--

CREATE TABLE game_1.cultures (
    id integer NOT NULL,
    name character varying(255) NOT NULL
);


ALTER TABLE game_1.cultures OWNER TO postgres;

--
-- TOC entry 234 (class 1259 OID 67652)
-- Name: cultures_id_seq; Type: SEQUENCE; Schema: game_1; Owner: postgres
--

ALTER TABLE game_1.cultures ALTER COLUMN id ADD GENERATED BY DEFAULT AS IDENTITY (
    SEQUENCE NAME game_1.cultures_id_seq
    START WITH 1
    INCREMENT BY 1
    NO MINVALUE
    NO MAXVALUE
    CACHE 1
);


--
-- TOC entry 235 (class 1259 OID 67653)
-- Name: events; Type: TABLE; Schema: game_1; Owner: postgres
--

CREATE TABLE game_1.events (
    id integer NOT NULL,
    name text NOT NULL,
    description text,
    picture text
);


ALTER TABLE game_1.events OWNER TO postgres;

--
-- TOC entry 236 (class 1259 OID 67658)
-- Name: events_id_seq; Type: SEQUENCE; Schema: game_1; Owner: postgres
--

ALTER TABLE game_1.events ALTER COLUMN id ADD GENERATED BY DEFAULT AS IDENTITY (
    SEQUENCE NAME game_1.events_id_seq
    START WITH 1
    INCREMENT BY 1
    NO MINVALUE
    NO MAXVALUE
    CACHE 1
);


--
-- TOC entry 237 (class 1259 OID 67659)
-- Name: factions; Type: TABLE; Schema: game_1; Owner: postgres
--

CREATE TABLE game_1.factions (
    id integer NOT NULL,
    name text NOT NULL,
    "fk_Nations" integer NOT NULL,
    power integer NOT NULL,
    agenda text NOT NULL,
    contentment integer NOT NULL,
    color text NOT NULL
);


ALTER TABLE game_1.factions OWNER TO postgres;

--
-- TOC entry 238 (class 1259 OID 67664)
-- Name: factions_id_seq; Type: SEQUENCE; Schema: game_1; Owner: postgres
--

ALTER TABLE game_1.factions ALTER COLUMN id ADD GENERATED BY DEFAULT AS IDENTITY (
    SEQUENCE NAME game_1.factions_id_seq
    START WITH 1
    INCREMENT BY 1
    NO MINVALUE
    NO MAXVALUE
    CACHE 1
);


--
-- TOC entry 239 (class 1259 OID 67665)
-- Name: locations; Type: TABLE; Schema: game_1; Owner: postgres
--

CREATE TABLE game_1.locations (
    id integer NOT NULL,
    name character varying(255) NOT NULL,
    size integer NOT NULL,
    fortifications integer NOT NULL,
    fk_nations integer NOT NULL
);


ALTER TABLE game_1.locations OWNER TO postgres;

--
-- TOC entry 240 (class 1259 OID 67668)
-- Name: locationsResources; Type: TABLE; Schema: game_1; Owner: postgres
--

CREATE TABLE game_1."locationsResources" (
    id integer NOT NULL,
    "fk_Locations" integer NOT NULL,
    "fk_Resources" integer NOT NULL,
    amount double precision NOT NULL
);


ALTER TABLE game_1."locationsResources" OWNER TO postgres;

--
-- TOC entry 241 (class 1259 OID 67671)
-- Name: locationsResources_id_seq; Type: SEQUENCE; Schema: game_1; Owner: postgres
--

ALTER TABLE game_1."locationsResources" ALTER COLUMN id ADD GENERATED BY DEFAULT AS IDENTITY (
    SEQUENCE NAME game_1."locationsResources_id_seq"
    START WITH 1
    INCREMENT BY 1
    NO MINVALUE
    NO MAXVALUE
    CACHE 1
);


--
-- TOC entry 242 (class 1259 OID 67672)
-- Name: locations_id_seq; Type: SEQUENCE; Schema: game_1; Owner: postgres
--

ALTER TABLE game_1.locations ALTER COLUMN id ADD GENERATED BY DEFAULT AS IDENTITY (
    SEQUENCE NAME game_1.locations_id_seq
    START WITH 1
    INCREMENT BY 1
    NO MINVALUE
    NO MAXVALUE
    CACHE 1
);


--
-- TOC entry 243 (class 1259 OID 67673)
-- Name: maintenanceCosts; Type: TABLE; Schema: game_1; Owner: postgres
--

CREATE TABLE game_1."maintenanceCosts" (
    id integer NOT NULL,
    "fk_UnitTypes" integer NOT NULL,
    "fk_Resources" integer NOT NULL,
    amount double precision NOT NULL
);


ALTER TABLE game_1."maintenanceCosts" OWNER TO postgres;

--
-- TOC entry 244 (class 1259 OID 67676)
-- Name: maintenanceCosts_id_seq; Type: SEQUENCE; Schema: game_1; Owner: postgres
--

ALTER TABLE game_1."maintenanceCosts" ALTER COLUMN id ADD GENERATED BY DEFAULT AS IDENTITY (
    SEQUENCE NAME game_1."maintenanceCosts_id_seq"
    START WITH 1
    INCREMENT BY 1
    NO MINVALUE
    NO MAXVALUE
    CACHE 1
);


--
-- TOC entry 245 (class 1259 OID 67677)
-- Name: map; Type: TABLE; Schema: game_1; Owner: postgres
--

CREATE TABLE game_1.map (
    id integer NOT NULL,
    name text NOT NULL,
    "mapLocation" text NOT NULL,
    "mapIconLocation" text NOT NULL
);


ALTER TABLE game_1.map OWNER TO postgres;

--
-- TOC entry 246 (class 1259 OID 67682)
-- Name: mapAccess; Type: TABLE; Schema: game_1; Owner: postgres
--

CREATE TABLE game_1."mapAccess" (
    "fk_Users" integer NOT NULL,
    "fk_Maps" integer NOT NULL
);


ALTER TABLE game_1."mapAccess" OWNER TO postgres;

--
-- TOC entry 247 (class 1259 OID 67685)
-- Name: map_id_seq; Type: SEQUENCE; Schema: game_1; Owner: postgres
--

ALTER TABLE game_1.map ALTER COLUMN id ADD GENERATED BY DEFAULT AS IDENTITY (
    SEQUENCE NAME game_1.map_id_seq
    START WITH 1
    INCREMENT BY 1
    NO MINVALUE
    NO MAXVALUE
    CACHE 1
);


--
-- TOC entry 248 (class 1259 OID 67686)
-- Name: modifiers; Type: TABLE; Schema: game_1; Owner: postgres
--

CREATE TABLE game_1.modifiers (
    id integer NOT NULL,
    "fk_Events" integer NOT NULL,
    "modifireType" integer NOT NULL,
    "fk_Resources" integer,
    "fk_SocialGroups" integer,
    "fk_Cultures" integer,
    "fk_Religion" integer
);


ALTER TABLE game_1.modifiers OWNER TO postgres;

--
-- TOC entry 249 (class 1259 OID 67689)
-- Name: modifiers_id_seq; Type: SEQUENCE; Schema: game_1; Owner: postgres
--

ALTER TABLE game_1.modifiers ALTER COLUMN id ADD GENERATED BY DEFAULT AS IDENTITY (
    SEQUENCE NAME game_1.modifiers_id_seq
    START WITH 1
    INCREMENT BY 1
    NO MINVALUE
    NO MAXVALUE
    CACHE 1
);


--
-- TOC entry 250 (class 1259 OID 67690)
-- Name: nations; Type: TABLE; Schema: game_1; Owner: postgres
--

CREATE TABLE game_1.nations (
    id integer NOT NULL,
    name text NOT NULL,
    fk_religions integer NOT NULL,
    fk_cultures integer NOT NULL
);


ALTER TABLE game_1.nations OWNER TO postgres;

--
-- TOC entry 251 (class 1259 OID 67695)
-- Name: nations_id_seq; Type: SEQUENCE; Schema: game_1; Owner: postgres
--

ALTER TABLE game_1.nations ALTER COLUMN id ADD GENERATED BY DEFAULT AS IDENTITY (
    SEQUENCE NAME game_1.nations_id_seq
    START WITH 1
    INCREMENT BY 1
    NO MINVALUE
    NO MAXVALUE
    CACHE 1
);


--
-- TOC entry 252 (class 1259 OID 67696)
-- Name: offeredresources; Type: TABLE; Schema: game_1; Owner: postgres
--

CREATE TABLE game_1.offeredresources (
    id integer NOT NULL,
    fk_resource integer NOT NULL,
    fk_tradeagreement integer NOT NULL,
    quantity integer NOT NULL
);


ALTER TABLE game_1.offeredresources OWNER TO postgres;

--
-- TOC entry 253 (class 1259 OID 67699)
-- Name: offeredresources_id_seq; Type: SEQUENCE; Schema: game_1; Owner: postgres
--

ALTER TABLE game_1.offeredresources ALTER COLUMN id ADD GENERATED BY DEFAULT AS IDENTITY (
    SEQUENCE NAME game_1.offeredresources_id_seq
    START WITH 1
    INCREMENT BY 1
    NO MINVALUE
    NO MAXVALUE
    CACHE 1
);


--
-- TOC entry 254 (class 1259 OID 67700)
-- Name: players; Type: TABLE; Schema: game_1; Owner: postgres
--

CREATE TABLE game_1.players (
    id integer NOT NULL,
    "fk_User" integer NOT NULL,
    "playerType" integer NOT NULL
);


ALTER TABLE game_1.players OWNER TO postgres;

--
-- TOC entry 255 (class 1259 OID 67703)
-- Name: players_id_seq; Type: SEQUENCE; Schema: game_1; Owner: postgres
--

ALTER TABLE game_1.players ALTER COLUMN id ADD GENERATED BY DEFAULT AS IDENTITY (
    SEQUENCE NAME game_1.players_id_seq
    START WITH 1
    INCREMENT BY 1
    NO MINVALUE
    NO MAXVALUE
    CACHE 1
);


--
-- TOC entry 256 (class 1259 OID 67704)
-- Name: populations; Type: TABLE; Schema: game_1; Owner: postgres
--

CREATE TABLE game_1.populations (
    id integer NOT NULL,
    fk_religions integer NOT NULL,
    fk_cultures integer NOT NULL,
    fk_socialgroups integer NOT NULL,
    fk_locations integer NOT NULL,
    happiness real NOT NULL
);


ALTER TABLE game_1.populations OWNER TO postgres;

--
-- TOC entry 257 (class 1259 OID 67707)
-- Name: populations_id_seq; Type: SEQUENCE; Schema: game_1; Owner: postgres
--

ALTER TABLE game_1.populations ALTER COLUMN id ADD GENERATED BY DEFAULT AS IDENTITY (
    SEQUENCE NAME game_1.populations_id_seq
    START WITH 1
    INCREMENT BY 1
    NO MINVALUE
    NO MAXVALUE
    CACHE 1
);


--
-- TOC entry 258 (class 1259 OID 67708)
-- Name: productionCost; Type: TABLE; Schema: game_1; Owner: postgres
--

CREATE TABLE game_1."productionCost" (
    id integer NOT NULL,
    "fk_UnitTypes" integer NOT NULL,
    "fk_Resources" integer NOT NULL,
    amount double precision NOT NULL
);


ALTER TABLE game_1."productionCost" OWNER TO postgres;

--
-- TOC entry 259 (class 1259 OID 67711)
-- Name: productionCost_id_seq; Type: SEQUENCE; Schema: game_1; Owner: postgres
--

ALTER TABLE game_1."productionCost" ALTER COLUMN id ADD GENERATED BY DEFAULT AS IDENTITY (
    SEQUENCE NAME game_1."productionCost_id_seq"
    START WITH 1
    INCREMENT BY 1
    NO MINVALUE
    NO MAXVALUE
    CACHE 1
);


--
-- TOC entry 260 (class 1259 OID 67712)
-- Name: productionShares; Type: TABLE; Schema: game_1; Owner: postgres
--

CREATE TABLE game_1."productionShares" (
    id integer NOT NULL,
    "fk_SocialGroups" integer NOT NULL,
    "fk_Resources" integer NOT NULL,
    coefficient double precision NOT NULL
);


ALTER TABLE game_1."productionShares" OWNER TO postgres;

--
-- TOC entry 261 (class 1259 OID 67715)
-- Name: productionShares_id_seq; Type: SEQUENCE; Schema: game_1; Owner: postgres
--

ALTER TABLE game_1."productionShares" ALTER COLUMN id ADD GENERATED BY DEFAULT AS IDENTITY (
    SEQUENCE NAME game_1."productionShares_id_seq"
    START WITH 1
    INCREMENT BY 1
    NO MINVALUE
    NO MAXVALUE
    CACHE 1
);


--
-- TOC entry 262 (class 1259 OID 67716)
-- Name: relatedEvents; Type: TABLE; Schema: game_1; Owner: postgres
--

CREATE TABLE game_1."relatedEvents" (
    id integer NOT NULL,
    "fk_Events" integer NOT NULL,
    "fk_Nations" integer NOT NULL
);


ALTER TABLE game_1."relatedEvents" OWNER TO postgres;

--
-- TOC entry 263 (class 1259 OID 67719)
-- Name: relatedEvents_id_seq; Type: SEQUENCE; Schema: game_1; Owner: postgres
--

ALTER TABLE game_1."relatedEvents" ALTER COLUMN id ADD GENERATED BY DEFAULT AS IDENTITY (
    SEQUENCE NAME game_1."relatedEvents_id_seq"
    START WITH 1
    INCREMENT BY 1
    NO MINVALUE
    NO MAXVALUE
    CACHE 1
);


--
-- TOC entry 264 (class 1259 OID 67720)
-- Name: religions; Type: TABLE; Schema: game_1; Owner: postgres
--

CREATE TABLE game_1.religions (
    id integer NOT NULL,
    name character varying(25) NOT NULL
);


ALTER TABLE game_1.religions OWNER TO postgres;

--
-- TOC entry 265 (class 1259 OID 67723)
-- Name: religions_id_seq; Type: SEQUENCE; Schema: game_1; Owner: postgres
--

ALTER TABLE game_1.religions ALTER COLUMN id ADD GENERATED BY DEFAULT AS IDENTITY (
    SEQUENCE NAME game_1.religions_id_seq
    START WITH 1
    INCREMENT BY 1
    NO MINVALUE
    NO MAXVALUE
    CACHE 1
);


--
-- TOC entry 266 (class 1259 OID 67724)
-- Name: resources; Type: TABLE; Schema: game_1; Owner: postgres
--

CREATE TABLE game_1.resources (
    id integer NOT NULL,
    name character varying(255) NOT NULL,
    ismain boolean NOT NULL,
    icon text
);


ALTER TABLE game_1.resources OWNER TO postgres;

--
-- TOC entry 267 (class 1259 OID 67729)
-- Name: resources_id_seq; Type: SEQUENCE; Schema: game_1; Owner: postgres
--

ALTER TABLE game_1.resources ALTER COLUMN id ADD GENERATED BY DEFAULT AS IDENTITY (
    SEQUENCE NAME game_1.resources_id_seq
    START WITH 1
    INCREMENT BY 1
    NO MINVALUE
    NO MAXVALUE
    CACHE 1
);


--
-- TOC entry 268 (class 1259 OID 67730)
-- Name: socialgroups; Type: TABLE; Schema: game_1; Owner: postgres
--

CREATE TABLE game_1.socialgroups (
    id integer NOT NULL,
    name character varying(100) NOT NULL,
    basehappiness real NOT NULL,
    volunteers integer NOT NULL
);


ALTER TABLE game_1.socialgroups OWNER TO postgres;

--
-- TOC entry 269 (class 1259 OID 67733)
-- Name: socialgroups_id_seq; Type: SEQUENCE; Schema: game_1; Owner: postgres
--

ALTER TABLE game_1.socialgroups ALTER COLUMN id ADD GENERATED BY DEFAULT AS IDENTITY (
    SEQUENCE NAME game_1.socialgroups_id_seq
    START WITH 1
    INCREMENT BY 1
    NO MINVALUE
    NO MAXVALUE
    CACHE 1
);


--
-- TOC entry 270 (class 1259 OID 67734)
-- Name: tradeagreements; Type: TABLE; Schema: game_1; Owner: postgres
--

CREATE TABLE game_1.tradeagreements (
    id integer NOT NULL,
    fk_nationoffering integer NOT NULL,
    fk_nationreceiving integer NOT NULL,
    isaccepted boolean NOT NULL,
    duration integer NOT NULL
);


ALTER TABLE game_1.tradeagreements OWNER TO postgres;

--
-- TOC entry 271 (class 1259 OID 67737)
-- Name: tradeagreements_id_seq; Type: SEQUENCE; Schema: game_1; Owner: postgres
--

ALTER TABLE game_1.tradeagreements ALTER COLUMN id ADD GENERATED BY DEFAULT AS IDENTITY (
    SEQUENCE NAME game_1.tradeagreements_id_seq
    START WITH 1
    INCREMENT BY 1
    NO MINVALUE
    NO MAXVALUE
    CACHE 1
);


--
-- TOC entry 272 (class 1259 OID 67738)
-- Name: troops; Type: TABLE; Schema: game_1; Owner: postgres
--

CREATE TABLE game_1.troops (
    id integer NOT NULL,
    "fk_UnitTypes" integer NOT NULL,
    "fk_Armies" integer NOT NULL,
    quantity integer NOT NULL
);


ALTER TABLE game_1.troops OWNER TO postgres;

--
-- TOC entry 273 (class 1259 OID 67741)
-- Name: troops_id_seq; Type: SEQUENCE; Schema: game_1; Owner: postgres
--

ALTER TABLE game_1.troops ALTER COLUMN id ADD GENERATED BY DEFAULT AS IDENTITY (
    SEQUENCE NAME game_1.troops_id_seq
    START WITH 1
    INCREMENT BY 1
    NO MINVALUE
    NO MAXVALUE
    CACHE 1
);


--
-- TOC entry 274 (class 1259 OID 67742)
-- Name: unitOrders; Type: TABLE; Schema: game_1; Owner: postgres
--

CREATE TABLE game_1."unitOrders" (
    id integer NOT NULL,
    "fk_UnitTypes" integer NOT NULL,
    "fk_Nations" integer NOT NULL,
    quantity integer NOT NULL
);


ALTER TABLE game_1."unitOrders" OWNER TO postgres;

--
-- TOC entry 275 (class 1259 OID 67745)
-- Name: unitOrders_id_seq; Type: SEQUENCE; Schema: game_1; Owner: postgres
--

ALTER TABLE game_1."unitOrders" ALTER COLUMN id ADD GENERATED BY DEFAULT AS IDENTITY (
    SEQUENCE NAME game_1."unitOrders_id_seq"
    START WITH 1
    INCREMENT BY 1
    NO MINVALUE
    NO MAXVALUE
    CACHE 1
);


--
-- TOC entry 276 (class 1259 OID 67746)
-- Name: unitTypes; Type: TABLE; Schema: game_1; Owner: postgres
--

CREATE TABLE game_1."unitTypes" (
    id integer NOT NULL,
    name text NOT NULL,
    description text NOT NULL,
    melee integer NOT NULL,
    range integer NOT NULL,
    defense integer NOT NULL,
    speed integer NOT NULL,
    morale integer NOT NULL,
    "volunteersNeeded" integer NOT NULL,
    "isNaval" boolean NOT NULL
);


ALTER TABLE game_1."unitTypes" OWNER TO postgres;

--
-- TOC entry 277 (class 1259 OID 67751)
-- Name: unitTypes_id_seq; Type: SEQUENCE; Schema: game_1; Owner: postgres
--

ALTER TABLE game_1."unitTypes" ALTER COLUMN id ADD GENERATED BY DEFAULT AS IDENTITY (
    SEQUENCE NAME game_1."unitTypes_id_seq"
    START WITH 1
    INCREMENT BY 1
    NO MINVALUE
    NO MAXVALUE
    CACHE 1
);


--
-- TOC entry 278 (class 1259 OID 67752)
-- Name: usedResources; Type: TABLE; Schema: game_1; Owner: postgres
--

CREATE TABLE game_1."usedResources" (
    id integer NOT NULL,
    "fk_SocialGroups" integer NOT NULL,
    "fk_Resources" integer NOT NULL,
    amount double precision NOT NULL
);


ALTER TABLE game_1."usedResources" OWNER TO postgres;

--
-- TOC entry 279 (class 1259 OID 67755)
-- Name: usedResources_id_seq; Type: SEQUENCE; Schema: game_1; Owner: postgres
--

ALTER TABLE game_1."usedResources" ALTER COLUMN id ADD GENERATED BY DEFAULT AS IDENTITY (
    SEQUENCE NAME game_1."usedResources_id_seq"
    START WITH 1
    INCREMENT BY 1
    NO MINVALUE
    NO MAXVALUE
    CACHE 1
);


--
-- TOC entry 280 (class 1259 OID 67756)
-- Name: wantedresources; Type: TABLE; Schema: game_1; Owner: postgres
--

CREATE TABLE game_1.wantedresources (
    id integer NOT NULL,
    fk_resource integer NOT NULL,
    fk_tradeagreement integer NOT NULL,
    amount double precision NOT NULL
);


ALTER TABLE game_1.wantedresources OWNER TO postgres;

--
-- TOC entry 281 (class 1259 OID 67759)
-- Name: wantedresources_id_seq; Type: SEQUENCE; Schema: game_1; Owner: postgres
--

ALTER TABLE game_1.wantedresources ALTER COLUMN id ADD GENERATED BY DEFAULT AS IDENTITY (
    SEQUENCE NAME game_1.wantedresources_id_seq
    START WITH 1
    INCREMENT BY 1
    NO MINVALUE
    NO MAXVALUE
    CACHE 1
);


--
-- TOC entry 282 (class 1259 OID 67760)
-- Name: __EFMigrationsHistory; Type: TABLE; Schema: public; Owner: postgres
--

CREATE TABLE public."__EFMigrationsHistory" (
    "MigrationId" character varying(150) NOT NULL,
    "ProductVersion" character varying(32) NOT NULL
);


ALTER TABLE public."__EFMigrationsHistory" OWNER TO postgres;

--
-- TOC entry 5093 (class 0 OID 67613)
-- Dependencies: 219
-- Data for Name: gameaccess; Type: TABLE DATA; Schema: Global; Owner: postgres
--

COPY "Global".gameaccess (id, "fk_Users", "fk_Games", "accessType", "isArchived") FROM stdin;
1	1	1	1	f
2	2	1	2	f
\.


--
-- TOC entry 5095 (class 0 OID 67617)
-- Dependencies: 221
-- Data for Name: games; Type: TABLE DATA; Schema: Global; Owner: postgres
--

COPY "Global".games (id, name, description, image, "ownerId") FROM stdin;
1	default_schema	Demo testowe\n	\N	2
\.


--
-- TOC entry 5097 (class 0 OID 67623)
-- Dependencies: 223
-- Data for Name: users; Type: TABLE DATA; Schema: Global; Owner: postgres
--

COPY "Global".users (id, name, email, password, issso, image, isarchived) FROM stdin;
1	Test	test	$2a$11$s/J0zefb5amFzjdjllmuZ.AXuziyjVRcYTeEhxyemaxsJJyKnzxU2	f	\N	f
2	admin	admin	$2a$11$t8DGLO5spPxXzpyRb5j0vuuk54ycsFEo9scO7xswpGCH9WvMcwive	f	\N	f
\.


--
-- TOC entry 5099 (class 0 OID 67629)
-- Dependencies: 225
-- Data for Name: accessToUnits; Type: TABLE DATA; Schema: game_1; Owner: postgres
--

COPY game_1."accessToUnits" (id, "fk_Nation", "fk_UnitTypes") FROM stdin;
1	1	1
2	1	2
3	1	3
4	2	1
5	2	3
6	2	4
7	3	1
8	3	5
9	4	1
10	4	2
11	5	1
12	5	3
\.


--
-- TOC entry 5101 (class 0 OID 67633)
-- Dependencies: 227
-- Data for Name: accessestonations; Type: TABLE DATA; Schema: game_1; Owner: postgres
--

COPY game_1.accessestonations (id, fk_nations, fk_users, dateacquired, isactive) FROM stdin;
1	1	1	2025-01-01 00:00:00+01	t
2	2	2	2025-01-02 00:00:00+01	t
3	3	3	2025-01-03 00:00:00+01	t
4	4	4	2025-01-04 00:00:00+01	t
5	5	5	2025-01-05 00:00:00+01	t
\.


--
-- TOC entry 5103 (class 0 OID 67637)
-- Dependencies: 229
-- Data for Name: actions; Type: TABLE DATA; Schema: game_1; Owner: postgres
--

COPY game_1.actions (id, "fk_Nations", name, description, result, "isSettled") FROM stdin;
1	1	Ekspedycja	Wysłanie ekspedycji na niezbadane tereny	\N	f
2	2	Budowa Świątyni	Rozpoczęcie budowy wielkiej świątyni	\N	f
3	3	Szlak Handlowy	Otwarcie nowego szlaku handlowego	Zwiększenie przychodów o 10%	t
4	4	Reformy	Wprowadzenie reform społecznych	\N	f
5	5	Mobilizacja	Mobilizacja sił zbrojnych	Wzrost liczebności armii o 20%	t
\.


--
-- TOC entry 5105 (class 0 OID 67643)
-- Dependencies: 231
-- Data for Name: armies; Type: TABLE DATA; Schema: game_1; Owner: postgres
--

COPY game_1.armies (id, name, "fk_Nations", "fk_Locations", is_naval) FROM stdin;
1	Armia Północy	1	1	f
2	Legiony Cesarskie	2	2	f
3	Flota Republiki	3	3	t
4	Drużyna Księcia	4	4	f
5	Jeźdźcy Pustyni	5	5	f
\.


--
-- TOC entry 5107 (class 0 OID 67649)
-- Dependencies: 233
-- Data for Name: cultures; Type: TABLE DATA; Schema: game_1; Owner: postgres
--

COPY game_1.cultures (id, name) FROM stdin;
1	Nordycka
2	Słowiańska
3	Germańska
4	Romańska
5	Grecka
\.


--
-- TOC entry 5109 (class 0 OID 67653)
-- Dependencies: 235
-- Data for Name: events; Type: TABLE DATA; Schema: game_1; Owner: postgres
--

COPY game_1.events (id, name, description, picture) FROM stdin;
1	Wielka Bitwa	Epiczna bitwa, która zmieniła losy świata	battle.jpg
2	Plaga	Śmiertelna zaraza dziesiątkująca populację	plague.jpg
3	Odkrycie	Odkrycie nowych terenów i technologii	discovery.jpg
4	Rewolta	Rewolta społeczeństwa przeciwko władcy	revolt.jpg
5	Sojusz	Zawarcie sojuszu między narodami	alliance.jpg
\.


--
-- TOC entry 5111 (class 0 OID 67659)
-- Dependencies: 237
-- Data for Name: factions; Type: TABLE DATA; Schema: game_1; Owner: postgres
--

COPY game_1.factions (id, name, "fk_Nations", power, agenda, contentment, color) FROM stdin;
1	Konserwatyści	1	70	Utrzymanie tradycji	60	#0000FF
2	Reformatorzy	1	30	Wprowadzenie zmian	40	#00FF00
3	Militaryści	2	60	Ekspansja militarna	50	#FF0000
4	Handlarze	2	40	Rozwój handlu	70	#FFFF00
5	Zjednoczeni	3	90	Jedność narodu	80	#800080
\.


--
-- TOC entry 5113 (class 0 OID 67665)
-- Dependencies: 239
-- Data for Name: locations; Type: TABLE DATA; Schema: game_1; Owner: postgres
--

COPY game_1.locations (id, name, size, fortifications, fk_nations) FROM stdin;
1	Stolica Północy	5	4	1
2	Twierdza Cesarska	6	5	2
3	Port Republiki	4	3	3
4	Wschodni Gród	3	2	4
5	Oaza Południowa	4	3	5
6	Górska Osada	2	1	1
7	Cesarskie Tereny	3	2	2
8	Nadmorska Wioska	2	1	3
\.


--
-- TOC entry 5114 (class 0 OID 67668)
-- Dependencies: 240
-- Data for Name: locationsResources; Type: TABLE DATA; Schema: game_1; Owner: postgres
--

COPY game_1."locationsResources" (id, "fk_Locations", "fk_Resources", amount) FROM stdin;
1	1	1	1000
2	1	3	2000
3	2	2	1500
4	2	5	3000
5	3	1	800
6	3	8	500
7	4	3	2500
8	4	4	3500
9	5	7	600
10	5	6	400
\.


--
-- TOC entry 5117 (class 0 OID 67673)
-- Dependencies: 243
-- Data for Name: maintenanceCosts; Type: TABLE DATA; Schema: game_1; Owner: postgres
--

COPY game_1."maintenanceCosts" (id, "fk_UnitTypes", "fk_Resources", amount) FROM stdin;
1	1	1	0.5
2	1	4	1
3	2	1	0.3
4	2	3	0.5
5	3	1	1
6	3	4	1.5
7	4	1	2
8	4	3	1
9	5	1	3
10	5	3	2
\.


--
-- TOC entry 5119 (class 0 OID 67677)
-- Dependencies: 245
-- Data for Name: map; Type: TABLE DATA; Schema: game_1; Owner: postgres
--

COPY game_1.map (id, name, "mapLocation", "mapIconLocation") FROM stdin;
1	Europa Środkowa	maps/central_europe.jpg	maps/central_europe.jpg
2	Wyspy Brytyjskie	maps/british_isles.jpg	maps/central_europe.jpg
3	Półwysep Iberyjski	maps/iberia.jpg	maps/central_europe.jpg
4	Skandynawia	maps/scandinavia.jpg	maps/central_europe.jpg
5	Bałkany	maps/balkans.jpg	maps/central_europe.jpg
\.


--
-- TOC entry 5120 (class 0 OID 67682)
-- Dependencies: 246
-- Data for Name: mapAccess; Type: TABLE DATA; Schema: game_1; Owner: postgres
--

COPY game_1."mapAccess" ("fk_Users", "fk_Maps") FROM stdin;
1	1
1	4
2	2
2	5
3	3
4	1
4	5
5	3
\.


--
-- TOC entry 5122 (class 0 OID 67686)
-- Dependencies: 248
-- Data for Name: modifiers; Type: TABLE DATA; Schema: game_1; Owner: postgres
--

COPY game_1.modifiers (id, "fk_Events", "modifireType", "fk_Resources", "fk_SocialGroups", "fk_Cultures", "fk_Religion") FROM stdin;
1	1	1	2	\N	\N	\N
2	1	2	\N	3	\N	\N
3	2	3	4	\N	\N	\N
4	2	4	\N	1	\N	\N
5	3	5	\N	\N	2	\N
6	4	6	\N	2	\N	\N
7	5	7	\N	\N	\N	2
\.


--
-- TOC entry 5124 (class 0 OID 67690)
-- Dependencies: 250
-- Data for Name: nations; Type: TABLE DATA; Schema: game_1; Owner: postgres
--

COPY game_1.nations (id, name, fk_religions, fk_cultures) FROM stdin;
1	Królestwo Północy	1	1
2	Cesarstwo Centralne	2	3
3	Republika Nadmorska	2	4
4	Księstwo Wschodnie	1	2
5	Kalifat Południowy	3	5
\.


--
-- TOC entry 5126 (class 0 OID 67696)
-- Dependencies: 252
-- Data for Name: offeredresources; Type: TABLE DATA; Schema: game_1; Owner: postgres
--

COPY game_1.offeredresources (id, fk_resource, fk_tradeagreement, quantity) FROM stdin;
1	2	1	100
2	3	1	200
3	1	3	50
4	4	3	300
5	3	4	150
\.


--
-- TOC entry 5128 (class 0 OID 67700)
-- Dependencies: 254
-- Data for Name: players; Type: TABLE DATA; Schema: game_1; Owner: postgres
--

COPY game_1.players (id, "fk_User", "playerType") FROM stdin;
1	1	1
4	4	1
2	2	2
3	3	1
5	5	1
\.


--
-- TOC entry 5130 (class 0 OID 67704)
-- Dependencies: 256
-- Data for Name: populations; Type: TABLE DATA; Schema: game_1; Owner: postgres
--

COPY game_1.populations (id, fk_religions, fk_cultures, fk_socialgroups, fk_locations, happiness) FROM stdin;
1	1	1	1	1	5.5
2	2	3	2	2	6
3	2	4	3	3	7.2
4	1	2	1	4	4.8
5	3	5	5	5	5.7
6	1	1	2	6	5.2
7	2	3	4	7	6.8
8	2	4	5	8	6.3
\.


--
-- TOC entry 5132 (class 0 OID 67708)
-- Dependencies: 258
-- Data for Name: productionCost; Type: TABLE DATA; Schema: game_1; Owner: postgres
--

COPY game_1."productionCost" (id, "fk_UnitTypes", "fk_Resources", amount) FROM stdin;
1	1	1	10
2	1	2	5
3	2	1	8
4	2	3	10
5	3	1	20
6	3	2	15
7	4	1	30
8	4	3	25
9	5	1	50
10	5	2	30
\.


--
-- TOC entry 5134 (class 0 OID 67712)
-- Dependencies: 260
-- Data for Name: productionShares; Type: TABLE DATA; Schema: game_1; Owner: postgres
--

COPY game_1."productionShares" (id, "fk_SocialGroups", "fk_Resources", coefficient) FROM stdin;
1	1	3	2
2	1	4	3
3	2	1	1.5
4	2	6	2
5	3	2	1
6	3	5	1.5
7	4	1	1
8	4	7	0.5
9	5	1	2.5
10	5	8	2
\.


--
-- TOC entry 5136 (class 0 OID 67716)
-- Dependencies: 262
-- Data for Name: relatedEvents; Type: TABLE DATA; Schema: game_1; Owner: postgres
--

COPY game_1."relatedEvents" (id, "fk_Events", "fk_Nations") FROM stdin;
1	1	1
2	1	2
3	2	3
4	2	4
5	3	1
6	3	5
7	4	2
8	4	4
9	5	1
10	5	3
\.


--
-- TOC entry 5138 (class 0 OID 67720)
-- Dependencies: 264
-- Data for Name: religions; Type: TABLE DATA; Schema: game_1; Owner: postgres
--

COPY game_1.religions (id, name) FROM stdin;
1	Pogaństwo
2	Chrześcijaństwo
3	Islam
4	Judaizm
5	Zoroastrianizm
\.


--
-- TOC entry 5140 (class 0 OID 67724)
-- Dependencies: 266
-- Data for Name: resources; Type: TABLE DATA; Schema: game_1; Owner: postgres
--

COPY game_1.resources (id, name, ismain, icon) FROM stdin;
1	Złoto	t	icons/gold.png
2	Żelazo	t	icons/iron.png
3	Drewno	t	icons/wood.png
4	Żywność	t	icons/food.png
5	Kamień	t	icons/stone.png
6	Tkaniny	f	icons/textiles.png
7	Przyprawy	f	icons/spices.png
8	Wino	f	icons/wine.png
\.


--
-- TOC entry 5142 (class 0 OID 67730)
-- Dependencies: 268
-- Data for Name: socialgroups; Type: TABLE DATA; Schema: game_1; Owner: postgres
--

COPY game_1.socialgroups (id, name, basehappiness, volunteers) FROM stdin;
1	Chłopi	5	10
2	Mieszczanie	6	20
3	Szlachta	7	30
4	Duchowieństwo	8	5
5	Kupcy	6.5	15
\.


--
-- TOC entry 5144 (class 0 OID 67734)
-- Dependencies: 270
-- Data for Name: tradeagreements; Type: TABLE DATA; Schema: game_1; Owner: postgres
--

COPY game_1.tradeagreements (id, fk_nationoffering, fk_nationreceiving, isaccepted, duration) FROM stdin;
1	1	2	t	10
2	1	3	f	5
3	2	4	t	8
4	3	5	t	12
5	4	5	f	6
\.


--
-- TOC entry 5146 (class 0 OID 67738)
-- Dependencies: 272
-- Data for Name: troops; Type: TABLE DATA; Schema: game_1; Owner: postgres
--

COPY game_1.troops (id, "fk_UnitTypes", "fk_Armies", quantity) FROM stdin;
1	1	1	500
2	2	1	300
3	3	2	400
4	1	2	600
5	5	3	20
6	1	4	300
7	3	4	150
8	3	5	500
\.


--
-- TOC entry 5148 (class 0 OID 67742)
-- Dependencies: 274
-- Data for Name: unitOrders; Type: TABLE DATA; Schema: game_1; Owner: postgres
--

COPY game_1."unitOrders" (id, "fk_UnitTypes", "fk_Nations", quantity) FROM stdin;
3	3	2	3
4	4	2	1
5	1	3	8
6	5	3	5
7	1	4	6
8	2	4	4
9	1	5	1
10	3	5	4
12	1	1	1
1	1	1	1
\.


--
-- TOC entry 5150 (class 0 OID 67746)
-- Dependencies: 276
-- Data for Name: unitTypes; Type: TABLE DATA; Schema: game_1; Owner: postgres
--

COPY game_1."unitTypes" (id, name, description, melee, range, defense, speed, morale, "volunteersNeeded", "isNaval") FROM stdin;
1	Piechota	Podstawowa jednostka piechoty	5	0	3	3	5	100	f
2	Łucznicy	Jednostka łuczników	1	6	2	3	4	80	f
3	Kawaleria	Szybka jednostka kawalerii	7	0	4	6	7	120	f
4	Oblężnicza	Machiny oblężnicze	1	8	1	2	3	150	f
5	Okręty wojenne	Okręty bojowe	6	4	5	4	6	200	t
\.


--
-- TOC entry 5152 (class 0 OID 67752)
-- Dependencies: 278
-- Data for Name: usedResources; Type: TABLE DATA; Schema: game_1; Owner: postgres
--

COPY game_1."usedResources" (id, "fk_SocialGroups", "fk_Resources", amount) FROM stdin;
1	1	4	100
2	1	3	50
3	2	4	75
4	2	6	25
5	3	4	50
6	3	8	30
7	4	4	30
8	4	7	10
9	5	4	60
10	5	6	40
\.


--
-- TOC entry 5154 (class 0 OID 67756)
-- Dependencies: 280
-- Data for Name: wantedresources; Type: TABLE DATA; Schema: game_1; Owner: postgres
--

COPY game_1.wantedresources (id, fk_resource, fk_tradeagreement, amount) FROM stdin;
1	1	1	50
2	4	1	100
3	2	3	75
4	5	3	200
5	7	4	25
\.


--
-- TOC entry 5156 (class 0 OID 67760)
-- Dependencies: 282
-- Data for Name: __EFMigrationsHistory; Type: TABLE DATA; Schema: public; Owner: postgres
--

COPY public."__EFMigrationsHistory" ("MigrationId", "ProductVersion") FROM stdin;
20250323115916_InitialGDBMigration	9.0.3
\.


--
-- TOC entry 5162 (class 0 OID 0)
-- Dependencies: 220
-- Name: gameaccess_id_seq; Type: SEQUENCE SET; Schema: Global; Owner: postgres
--

SELECT pg_catalog.setval('"Global".gameaccess_id_seq', 1, false);


--
-- TOC entry 5163 (class 0 OID 0)
-- Dependencies: 222
-- Name: games_id_seq; Type: SEQUENCE SET; Schema: Global; Owner: postgres
--

SELECT pg_catalog.setval('"Global".games_id_seq', 1, false);


--
-- TOC entry 5164 (class 0 OID 0)
-- Dependencies: 224
-- Name: users_id_seq; Type: SEQUENCE SET; Schema: Global; Owner: postgres
--

SELECT pg_catalog.setval('"Global".users_id_seq', 1, false);


--
-- TOC entry 5165 (class 0 OID 0)
-- Dependencies: 226
-- Name: accessToUnits_id_seq; Type: SEQUENCE SET; Schema: game_1; Owner: postgres
--

SELECT pg_catalog.setval('game_1."accessToUnits_id_seq"', 12, true);


--
-- TOC entry 5166 (class 0 OID 0)
-- Dependencies: 228
-- Name: accessestonations_id_seq; Type: SEQUENCE SET; Schema: game_1; Owner: postgres
--

SELECT pg_catalog.setval('game_1.accessestonations_id_seq', 5, true);


--
-- TOC entry 5167 (class 0 OID 0)
-- Dependencies: 230
-- Name: actions_id_seq; Type: SEQUENCE SET; Schema: game_1; Owner: postgres
--

SELECT pg_catalog.setval('game_1.actions_id_seq', 5, true);


--
-- TOC entry 5168 (class 0 OID 0)
-- Dependencies: 232
-- Name: armies_id_seq; Type: SEQUENCE SET; Schema: game_1; Owner: postgres
--

SELECT pg_catalog.setval('game_1.armies_id_seq', 5, true);


--
-- TOC entry 5169 (class 0 OID 0)
-- Dependencies: 234
-- Name: cultures_id_seq; Type: SEQUENCE SET; Schema: game_1; Owner: postgres
--

SELECT pg_catalog.setval('game_1.cultures_id_seq', 5, true);


--
-- TOC entry 5170 (class 0 OID 0)
-- Dependencies: 236
-- Name: events_id_seq; Type: SEQUENCE SET; Schema: game_1; Owner: postgres
--

SELECT pg_catalog.setval('game_1.events_id_seq', 5, true);


--
-- TOC entry 5171 (class 0 OID 0)
-- Dependencies: 238
-- Name: factions_id_seq; Type: SEQUENCE SET; Schema: game_1; Owner: postgres
--

SELECT pg_catalog.setval('game_1.factions_id_seq', 5, true);


--
-- TOC entry 5172 (class 0 OID 0)
-- Dependencies: 241
-- Name: locationsResources_id_seq; Type: SEQUENCE SET; Schema: game_1; Owner: postgres
--

SELECT pg_catalog.setval('game_1."locationsResources_id_seq"', 10, true);


--
-- TOC entry 5173 (class 0 OID 0)
-- Dependencies: 242
-- Name: locations_id_seq; Type: SEQUENCE SET; Schema: game_1; Owner: postgres
--

SELECT pg_catalog.setval('game_1.locations_id_seq', 8, true);


--
-- TOC entry 5174 (class 0 OID 0)
-- Dependencies: 244
-- Name: maintenanceCosts_id_seq; Type: SEQUENCE SET; Schema: game_1; Owner: postgres
--

SELECT pg_catalog.setval('game_1."maintenanceCosts_id_seq"', 10, true);


--
-- TOC entry 5175 (class 0 OID 0)
-- Dependencies: 247
-- Name: map_id_seq; Type: SEQUENCE SET; Schema: game_1; Owner: postgres
--

SELECT pg_catalog.setval('game_1.map_id_seq', 5, true);


--
-- TOC entry 5176 (class 0 OID 0)
-- Dependencies: 249
-- Name: modifiers_id_seq; Type: SEQUENCE SET; Schema: game_1; Owner: postgres
--

SELECT pg_catalog.setval('game_1.modifiers_id_seq', 7, true);


--
-- TOC entry 5177 (class 0 OID 0)
-- Dependencies: 251
-- Name: nations_id_seq; Type: SEQUENCE SET; Schema: game_1; Owner: postgres
--

SELECT pg_catalog.setval('game_1.nations_id_seq', 5, true);


--
-- TOC entry 5178 (class 0 OID 0)
-- Dependencies: 253
-- Name: offeredresources_id_seq; Type: SEQUENCE SET; Schema: game_1; Owner: postgres
--

SELECT pg_catalog.setval('game_1.offeredresources_id_seq', 5, true);


--
-- TOC entry 5179 (class 0 OID 0)
-- Dependencies: 255
-- Name: players_id_seq; Type: SEQUENCE SET; Schema: game_1; Owner: postgres
--

SELECT pg_catalog.setval('game_1.players_id_seq', 1, false);


--
-- TOC entry 5180 (class 0 OID 0)
-- Dependencies: 257
-- Name: populations_id_seq; Type: SEQUENCE SET; Schema: game_1; Owner: postgres
--

SELECT pg_catalog.setval('game_1.populations_id_seq', 8, true);


--
-- TOC entry 5181 (class 0 OID 0)
-- Dependencies: 259
-- Name: productionCost_id_seq; Type: SEQUENCE SET; Schema: game_1; Owner: postgres
--

SELECT pg_catalog.setval('game_1."productionCost_id_seq"', 10, true);


--
-- TOC entry 5182 (class 0 OID 0)
-- Dependencies: 261
-- Name: productionShares_id_seq; Type: SEQUENCE SET; Schema: game_1; Owner: postgres
--

SELECT pg_catalog.setval('game_1."productionShares_id_seq"', 10, true);


--
-- TOC entry 5183 (class 0 OID 0)
-- Dependencies: 263
-- Name: relatedEvents_id_seq; Type: SEQUENCE SET; Schema: game_1; Owner: postgres
--

SELECT pg_catalog.setval('game_1."relatedEvents_id_seq"', 10, true);


--
-- TOC entry 5184 (class 0 OID 0)
-- Dependencies: 265
-- Name: religions_id_seq; Type: SEQUENCE SET; Schema: game_1; Owner: postgres
--

SELECT pg_catalog.setval('game_1.religions_id_seq', 5, true);


--
-- TOC entry 5185 (class 0 OID 0)
-- Dependencies: 267
-- Name: resources_id_seq; Type: SEQUENCE SET; Schema: game_1; Owner: postgres
--

SELECT pg_catalog.setval('game_1.resources_id_seq', 8, true);


--
-- TOC entry 5186 (class 0 OID 0)
-- Dependencies: 269
-- Name: socialgroups_id_seq; Type: SEQUENCE SET; Schema: game_1; Owner: postgres
--

SELECT pg_catalog.setval('game_1.socialgroups_id_seq', 5, true);


--
-- TOC entry 5187 (class 0 OID 0)
-- Dependencies: 271
-- Name: tradeagreements_id_seq; Type: SEQUENCE SET; Schema: game_1; Owner: postgres
--

SELECT pg_catalog.setval('game_1.tradeagreements_id_seq', 5, true);


--
-- TOC entry 5188 (class 0 OID 0)
-- Dependencies: 273
-- Name: troops_id_seq; Type: SEQUENCE SET; Schema: game_1; Owner: postgres
--

SELECT pg_catalog.setval('game_1.troops_id_seq', 8, true);


--
-- TOC entry 5189 (class 0 OID 0)
-- Dependencies: 275
-- Name: unitOrders_id_seq; Type: SEQUENCE SET; Schema: game_1; Owner: postgres
--

SELECT pg_catalog.setval('game_1."unitOrders_id_seq"', 12, true);


--
-- TOC entry 5190 (class 0 OID 0)
-- Dependencies: 277
-- Name: unitTypes_id_seq; Type: SEQUENCE SET; Schema: game_1; Owner: postgres
--

SELECT pg_catalog.setval('game_1."unitTypes_id_seq"', 5, true);


--
-- TOC entry 5191 (class 0 OID 0)
-- Dependencies: 279
-- Name: usedResources_id_seq; Type: SEQUENCE SET; Schema: game_1; Owner: postgres
--

SELECT pg_catalog.setval('game_1."usedResources_id_seq"', 10, true);


--
-- TOC entry 5192 (class 0 OID 0)
-- Dependencies: 281
-- Name: wantedresources_id_seq; Type: SEQUENCE SET; Schema: game_1; Owner: postgres
--

SELECT pg_catalog.setval('game_1.wantedresources_id_seq', 5, true);


--
-- TOC entry 4803 (class 2606 OID 67764)
-- Name: gameaccess PK_gameaccess; Type: CONSTRAINT; Schema: Global; Owner: postgres
--

ALTER TABLE ONLY "Global".gameaccess
    ADD CONSTRAINT "PK_gameaccess" PRIMARY KEY ("fk_Users", "fk_Games");


--
-- TOC entry 4807 (class 2606 OID 67766)
-- Name: games PK_games; Type: CONSTRAINT; Schema: Global; Owner: postgres
--

ALTER TABLE ONLY "Global".games
    ADD CONSTRAINT "PK_games" PRIMARY KEY (id);


--
-- TOC entry 4811 (class 2606 OID 67768)
-- Name: users PK_users; Type: CONSTRAINT; Schema: Global; Owner: postgres
--

ALTER TABLE ONLY "Global".users
    ADD CONSTRAINT "PK_users" PRIMARY KEY (id);


--
-- TOC entry 4815 (class 2606 OID 67770)
-- Name: accessToUnits PK_accessToUnits; Type: CONSTRAINT; Schema: game_1; Owner: postgres
--

ALTER TABLE ONLY game_1."accessToUnits"
    ADD CONSTRAINT "PK_accessToUnits" PRIMARY KEY (id);


--
-- TOC entry 4819 (class 2606 OID 67772)
-- Name: accessestonations PK_accessestonations; Type: CONSTRAINT; Schema: game_1; Owner: postgres
--

ALTER TABLE ONLY game_1.accessestonations
    ADD CONSTRAINT "PK_accessestonations" PRIMARY KEY (id);


--
-- TOC entry 4822 (class 2606 OID 67774)
-- Name: actions PK_actions; Type: CONSTRAINT; Schema: game_1; Owner: postgres
--

ALTER TABLE ONLY game_1.actions
    ADD CONSTRAINT "PK_actions" PRIMARY KEY (id);


--
-- TOC entry 4826 (class 2606 OID 67776)
-- Name: armies PK_armies; Type: CONSTRAINT; Schema: game_1; Owner: postgres
--

ALTER TABLE ONLY game_1.armies
    ADD CONSTRAINT "PK_armies" PRIMARY KEY (id);


--
-- TOC entry 4828 (class 2606 OID 67778)
-- Name: cultures PK_cultures; Type: CONSTRAINT; Schema: game_1; Owner: postgres
--

ALTER TABLE ONLY game_1.cultures
    ADD CONSTRAINT "PK_cultures" PRIMARY KEY (id);


--
-- TOC entry 4830 (class 2606 OID 67780)
-- Name: events PK_events; Type: CONSTRAINT; Schema: game_1; Owner: postgres
--

ALTER TABLE ONLY game_1.events
    ADD CONSTRAINT "PK_events" PRIMARY KEY (id);


--
-- TOC entry 4833 (class 2606 OID 67782)
-- Name: factions PK_factions; Type: CONSTRAINT; Schema: game_1; Owner: postgres
--

ALTER TABLE ONLY game_1.factions
    ADD CONSTRAINT "PK_factions" PRIMARY KEY (id);


--
-- TOC entry 4836 (class 2606 OID 67784)
-- Name: locations PK_locations; Type: CONSTRAINT; Schema: game_1; Owner: postgres
--

ALTER TABLE ONLY game_1.locations
    ADD CONSTRAINT "PK_locations" PRIMARY KEY (id);


--
-- TOC entry 4838 (class 2606 OID 67786)
-- Name: locationsResources PK_locationsResources; Type: CONSTRAINT; Schema: game_1; Owner: postgres
--

ALTER TABLE ONLY game_1."locationsResources"
    ADD CONSTRAINT "PK_locationsResources" PRIMARY KEY (id);


--
-- TOC entry 4842 (class 2606 OID 67788)
-- Name: maintenanceCosts PK_maintenanceCosts; Type: CONSTRAINT; Schema: game_1; Owner: postgres
--

ALTER TABLE ONLY game_1."maintenanceCosts"
    ADD CONSTRAINT "PK_maintenanceCosts" PRIMARY KEY (id);


--
-- TOC entry 4844 (class 2606 OID 67790)
-- Name: map PK_map; Type: CONSTRAINT; Schema: game_1; Owner: postgres
--

ALTER TABLE ONLY game_1.map
    ADD CONSTRAINT "PK_map" PRIMARY KEY (id);


--
-- TOC entry 4847 (class 2606 OID 67792)
-- Name: mapAccess PK_mapAccess; Type: CONSTRAINT; Schema: game_1; Owner: postgres
--

ALTER TABLE ONLY game_1."mapAccess"
    ADD CONSTRAINT "PK_mapAccess" PRIMARY KEY ("fk_Users", "fk_Maps");


--
-- TOC entry 4854 (class 2606 OID 67794)
-- Name: modifiers PK_modifiers; Type: CONSTRAINT; Schema: game_1; Owner: postgres
--

ALTER TABLE ONLY game_1.modifiers
    ADD CONSTRAINT "PK_modifiers" PRIMARY KEY (id);


--
-- TOC entry 4856 (class 2606 OID 67796)
-- Name: nations PK_nations; Type: CONSTRAINT; Schema: game_1; Owner: postgres
--

ALTER TABLE ONLY game_1.nations
    ADD CONSTRAINT "PK_nations" PRIMARY KEY (id);


--
-- TOC entry 4860 (class 2606 OID 67798)
-- Name: offeredresources PK_offeredresources; Type: CONSTRAINT; Schema: game_1; Owner: postgres
--

ALTER TABLE ONLY game_1.offeredresources
    ADD CONSTRAINT "PK_offeredresources" PRIMARY KEY (id);


--
-- TOC entry 4862 (class 2606 OID 67800)
-- Name: players PK_players; Type: CONSTRAINT; Schema: game_1; Owner: postgres
--

ALTER TABLE ONLY game_1.players
    ADD CONSTRAINT "PK_players" PRIMARY KEY (id);


--
-- TOC entry 4868 (class 2606 OID 67802)
-- Name: populations PK_populations; Type: CONSTRAINT; Schema: game_1; Owner: postgres
--

ALTER TABLE ONLY game_1.populations
    ADD CONSTRAINT "PK_populations" PRIMARY KEY (id);


--
-- TOC entry 4872 (class 2606 OID 67804)
-- Name: productionCost PK_productionCost; Type: CONSTRAINT; Schema: game_1; Owner: postgres
--

ALTER TABLE ONLY game_1."productionCost"
    ADD CONSTRAINT "PK_productionCost" PRIMARY KEY (id);


--
-- TOC entry 4874 (class 2606 OID 67806)
-- Name: productionShares PK_productionShares; Type: CONSTRAINT; Schema: game_1; Owner: postgres
--

ALTER TABLE ONLY game_1."productionShares"
    ADD CONSTRAINT "PK_productionShares" PRIMARY KEY (id);


--
-- TOC entry 4878 (class 2606 OID 67808)
-- Name: relatedEvents PK_relatedEvents; Type: CONSTRAINT; Schema: game_1; Owner: postgres
--

ALTER TABLE ONLY game_1."relatedEvents"
    ADD CONSTRAINT "PK_relatedEvents" PRIMARY KEY (id);


--
-- TOC entry 4880 (class 2606 OID 67810)
-- Name: religions PK_religions; Type: CONSTRAINT; Schema: game_1; Owner: postgres
--

ALTER TABLE ONLY game_1.religions
    ADD CONSTRAINT "PK_religions" PRIMARY KEY (id);


--
-- TOC entry 4882 (class 2606 OID 67812)
-- Name: resources PK_resources; Type: CONSTRAINT; Schema: game_1; Owner: postgres
--

ALTER TABLE ONLY game_1.resources
    ADD CONSTRAINT "PK_resources" PRIMARY KEY (id);


--
-- TOC entry 4884 (class 2606 OID 67814)
-- Name: socialgroups PK_socialgroups; Type: CONSTRAINT; Schema: game_1; Owner: postgres
--

ALTER TABLE ONLY game_1.socialgroups
    ADD CONSTRAINT "PK_socialgroups" PRIMARY KEY (id);


--
-- TOC entry 4888 (class 2606 OID 67816)
-- Name: tradeagreements PK_tradeagreements; Type: CONSTRAINT; Schema: game_1; Owner: postgres
--

ALTER TABLE ONLY game_1.tradeagreements
    ADD CONSTRAINT "PK_tradeagreements" PRIMARY KEY (id);


--
-- TOC entry 4892 (class 2606 OID 67818)
-- Name: troops PK_troops; Type: CONSTRAINT; Schema: game_1; Owner: postgres
--

ALTER TABLE ONLY game_1.troops
    ADD CONSTRAINT "PK_troops" PRIMARY KEY (id);


--
-- TOC entry 4896 (class 2606 OID 67820)
-- Name: unitOrders PK_unitOrders; Type: CONSTRAINT; Schema: game_1; Owner: postgres
--

ALTER TABLE ONLY game_1."unitOrders"
    ADD CONSTRAINT "PK_unitOrders" PRIMARY KEY (id);


--
-- TOC entry 4898 (class 2606 OID 67822)
-- Name: unitTypes PK_unitTypes; Type: CONSTRAINT; Schema: game_1; Owner: postgres
--

ALTER TABLE ONLY game_1."unitTypes"
    ADD CONSTRAINT "PK_unitTypes" PRIMARY KEY (id);


--
-- TOC entry 4900 (class 2606 OID 67824)
-- Name: usedResources PK_usedResources; Type: CONSTRAINT; Schema: game_1; Owner: postgres
--

ALTER TABLE ONLY game_1."usedResources"
    ADD CONSTRAINT "PK_usedResources" PRIMARY KEY (id);


--
-- TOC entry 4904 (class 2606 OID 67826)
-- Name: wantedresources PK_wantedresources; Type: CONSTRAINT; Schema: game_1; Owner: postgres
--

ALTER TABLE ONLY game_1.wantedresources
    ADD CONSTRAINT "PK_wantedresources" PRIMARY KEY (id);


--
-- TOC entry 4906 (class 2606 OID 67828)
-- Name: __EFMigrationsHistory PK___EFMigrationsHistory; Type: CONSTRAINT; Schema: public; Owner: postgres
--

ALTER TABLE ONLY public."__EFMigrationsHistory"
    ADD CONSTRAINT "PK___EFMigrationsHistory" PRIMARY KEY ("MigrationId");


--
-- TOC entry 4801 (class 1259 OID 67829)
-- Name: IX_gameaccess_fk_Games; Type: INDEX; Schema: Global; Owner: postgres
--

CREATE INDEX "IX_gameaccess_fk_Games" ON "Global".gameaccess USING btree ("fk_Games");


--
-- TOC entry 4804 (class 1259 OID 67830)
-- Name: IX_games_name; Type: INDEX; Schema: Global; Owner: postgres
--

CREATE UNIQUE INDEX "IX_games_name" ON "Global".games USING btree (name);


--
-- TOC entry 4805 (class 1259 OID 67831)
-- Name: IX_games_ownerId; Type: INDEX; Schema: Global; Owner: postgres
--

CREATE INDEX "IX_games_ownerId" ON "Global".games USING btree ("ownerId");


--
-- TOC entry 4808 (class 1259 OID 67832)
-- Name: IX_users_email; Type: INDEX; Schema: Global; Owner: postgres
--

CREATE UNIQUE INDEX "IX_users_email" ON "Global".users USING btree (email);


--
-- TOC entry 4809 (class 1259 OID 67833)
-- Name: IX_users_name; Type: INDEX; Schema: Global; Owner: postgres
--

CREATE UNIQUE INDEX "IX_users_name" ON "Global".users USING btree (name);


--
-- TOC entry 4812 (class 1259 OID 67834)
-- Name: IX_accessToUnits_fk_Nations; Type: INDEX; Schema: game_1; Owner: postgres
--

CREATE INDEX "IX_accessToUnits_fk_Nations" ON game_1."accessToUnits" USING btree ("fk_Nation");


--
-- TOC entry 4813 (class 1259 OID 67835)
-- Name: IX_accessToUnits_fk_UnitTypes; Type: INDEX; Schema: game_1; Owner: postgres
--

CREATE INDEX "IX_accessToUnits_fk_UnitTypes" ON game_1."accessToUnits" USING btree ("fk_UnitTypes");


--
-- TOC entry 4816 (class 1259 OID 67836)
-- Name: IX_accessestonations_fk_nations; Type: INDEX; Schema: game_1; Owner: postgres
--

CREATE INDEX "IX_accessestonations_fk_nations" ON game_1.accessestonations USING btree (fk_nations);


--
-- TOC entry 4817 (class 1259 OID 67837)
-- Name: IX_accessestonations_fk_users; Type: INDEX; Schema: game_1; Owner: postgres
--

CREATE INDEX "IX_accessestonations_fk_users" ON game_1.accessestonations USING btree (fk_users);


--
-- TOC entry 4820 (class 1259 OID 67838)
-- Name: IX_actions_fk_Nations; Type: INDEX; Schema: game_1; Owner: postgres
--

CREATE INDEX "IX_actions_fk_Nations" ON game_1.actions USING btree ("fk_Nations");


--
-- TOC entry 4823 (class 1259 OID 67839)
-- Name: IX_armies_fk_Locations; Type: INDEX; Schema: game_1; Owner: postgres
--

CREATE INDEX "IX_armies_fk_Locations" ON game_1.armies USING btree ("fk_Locations");


--
-- TOC entry 4824 (class 1259 OID 67840)
-- Name: IX_armies_fk_Nations; Type: INDEX; Schema: game_1; Owner: postgres
--

CREATE INDEX "IX_armies_fk_Nations" ON game_1.armies USING btree ("fk_Nations");


--
-- TOC entry 4831 (class 1259 OID 67841)
-- Name: IX_factions_fk_Nations; Type: INDEX; Schema: game_1; Owner: postgres
--

CREATE INDEX "IX_factions_fk_Nations" ON game_1.factions USING btree ("fk_Nations");


--
-- TOC entry 4834 (class 1259 OID 67842)
-- Name: IX_locations_fk_nations; Type: INDEX; Schema: game_1; Owner: postgres
--

CREATE INDEX "IX_locations_fk_nations" ON game_1.locations USING btree (fk_nations);


--
-- TOC entry 4839 (class 1259 OID 67843)
-- Name: IX_maintenanceCosts_fk_Resources; Type: INDEX; Schema: game_1; Owner: postgres
--

CREATE INDEX "IX_maintenanceCosts_fk_Resources" ON game_1."maintenanceCosts" USING btree ("fk_Resources");


--
-- TOC entry 4840 (class 1259 OID 67844)
-- Name: IX_maintenanceCosts_fk_UnitTypes; Type: INDEX; Schema: game_1; Owner: postgres
--

CREATE INDEX "IX_maintenanceCosts_fk_UnitTypes" ON game_1."maintenanceCosts" USING btree ("fk_UnitTypes");


--
-- TOC entry 4845 (class 1259 OID 67845)
-- Name: IX_mapAccess_fk_Maps; Type: INDEX; Schema: game_1; Owner: postgres
--

CREATE INDEX "IX_mapAccess_fk_Maps" ON game_1."mapAccess" USING btree ("fk_Maps");


--
-- TOC entry 4848 (class 1259 OID 67846)
-- Name: IX_modifiers_fk_Cultures; Type: INDEX; Schema: game_1; Owner: postgres
--

CREATE INDEX "IX_modifiers_fk_Cultures" ON game_1.modifiers USING btree ("fk_Cultures");


--
-- TOC entry 4849 (class 1259 OID 67847)
-- Name: IX_modifiers_fk_Events; Type: INDEX; Schema: game_1; Owner: postgres
--

CREATE INDEX "IX_modifiers_fk_Events" ON game_1.modifiers USING btree ("fk_Events");


--
-- TOC entry 4850 (class 1259 OID 67848)
-- Name: IX_modifiers_fk_Religion; Type: INDEX; Schema: game_1; Owner: postgres
--

CREATE INDEX "IX_modifiers_fk_Religion" ON game_1.modifiers USING btree ("fk_Religion");


--
-- TOC entry 4851 (class 1259 OID 67849)
-- Name: IX_modifiers_fk_Resources; Type: INDEX; Schema: game_1; Owner: postgres
--

CREATE INDEX "IX_modifiers_fk_Resources" ON game_1.modifiers USING btree ("fk_Resources");


--
-- TOC entry 4852 (class 1259 OID 67850)
-- Name: IX_modifiers_fk_SocialGroups; Type: INDEX; Schema: game_1; Owner: postgres
--

CREATE INDEX "IX_modifiers_fk_SocialGroups" ON game_1.modifiers USING btree ("fk_SocialGroups");


--
-- TOC entry 4857 (class 1259 OID 67851)
-- Name: IX_offeredresources_fk_resource; Type: INDEX; Schema: game_1; Owner: postgres
--

CREATE INDEX "IX_offeredresources_fk_resource" ON game_1.offeredresources USING btree (fk_resource);


--
-- TOC entry 4858 (class 1259 OID 67852)
-- Name: IX_offeredresources_fk_tradeagreement; Type: INDEX; Schema: game_1; Owner: postgres
--

CREATE INDEX "IX_offeredresources_fk_tradeagreement" ON game_1.offeredresources USING btree (fk_tradeagreement);


--
-- TOC entry 4863 (class 1259 OID 67853)
-- Name: IX_populations_fk_cultures; Type: INDEX; Schema: game_1; Owner: postgres
--

CREATE INDEX "IX_populations_fk_cultures" ON game_1.populations USING btree (fk_cultures);


--
-- TOC entry 4864 (class 1259 OID 67854)
-- Name: IX_populations_fk_locations; Type: INDEX; Schema: game_1; Owner: postgres
--

CREATE INDEX "IX_populations_fk_locations" ON game_1.populations USING btree (fk_locations);


--
-- TOC entry 4865 (class 1259 OID 67855)
-- Name: IX_populations_fk_religions; Type: INDEX; Schema: game_1; Owner: postgres
--

CREATE INDEX "IX_populations_fk_religions" ON game_1.populations USING btree (fk_religions);


--
-- TOC entry 4866 (class 1259 OID 67856)
-- Name: IX_populations_fk_socialgroups; Type: INDEX; Schema: game_1; Owner: postgres
--

CREATE INDEX "IX_populations_fk_socialgroups" ON game_1.populations USING btree (fk_socialgroups);


--
-- TOC entry 4869 (class 1259 OID 67857)
-- Name: IX_productionCost_fk_Resources; Type: INDEX; Schema: game_1; Owner: postgres
--

CREATE INDEX "IX_productionCost_fk_Resources" ON game_1."productionCost" USING btree ("fk_Resources");


--
-- TOC entry 4870 (class 1259 OID 67858)
-- Name: IX_productionCost_fk_UnitTypes; Type: INDEX; Schema: game_1; Owner: postgres
--

CREATE INDEX "IX_productionCost_fk_UnitTypes" ON game_1."productionCost" USING btree ("fk_UnitTypes");


--
-- TOC entry 4875 (class 1259 OID 67859)
-- Name: IX_relatedEvents_fk_Events; Type: INDEX; Schema: game_1; Owner: postgres
--

CREATE INDEX "IX_relatedEvents_fk_Events" ON game_1."relatedEvents" USING btree ("fk_Events");


--
-- TOC entry 4876 (class 1259 OID 67860)
-- Name: IX_relatedEvents_fk_Nations; Type: INDEX; Schema: game_1; Owner: postgres
--

CREATE INDEX "IX_relatedEvents_fk_Nations" ON game_1."relatedEvents" USING btree ("fk_Nations");


--
-- TOC entry 4885 (class 1259 OID 67861)
-- Name: IX_tradeagreements_fk_nationoffering; Type: INDEX; Schema: game_1; Owner: postgres
--

CREATE INDEX "IX_tradeagreements_fk_nationoffering" ON game_1.tradeagreements USING btree (fk_nationoffering);


--
-- TOC entry 4886 (class 1259 OID 67862)
-- Name: IX_tradeagreements_fk_nationreceiving; Type: INDEX; Schema: game_1; Owner: postgres
--

CREATE INDEX "IX_tradeagreements_fk_nationreceiving" ON game_1.tradeagreements USING btree (fk_nationreceiving);


--
-- TOC entry 4889 (class 1259 OID 67863)
-- Name: IX_troops_fk_Armies; Type: INDEX; Schema: game_1; Owner: postgres
--

CREATE INDEX "IX_troops_fk_Armies" ON game_1.troops USING btree ("fk_Armies");


--
-- TOC entry 4890 (class 1259 OID 67864)
-- Name: IX_troops_fk_UnitTypes; Type: INDEX; Schema: game_1; Owner: postgres
--

CREATE INDEX "IX_troops_fk_UnitTypes" ON game_1.troops USING btree ("fk_UnitTypes");


--
-- TOC entry 4893 (class 1259 OID 67865)
-- Name: IX_unitOrders_fk_Nations; Type: INDEX; Schema: game_1; Owner: postgres
--

CREATE INDEX "IX_unitOrders_fk_Nations" ON game_1."unitOrders" USING btree ("fk_Nations");


--
-- TOC entry 4894 (class 1259 OID 67866)
-- Name: IX_unitOrders_fk_UnitTypes; Type: INDEX; Schema: game_1; Owner: postgres
--

CREATE INDEX "IX_unitOrders_fk_UnitTypes" ON game_1."unitOrders" USING btree ("fk_UnitTypes");


--
-- TOC entry 4901 (class 1259 OID 67867)
-- Name: IX_wantedresources_fk_resource; Type: INDEX; Schema: game_1; Owner: postgres
--

CREATE INDEX "IX_wantedresources_fk_resource" ON game_1.wantedresources USING btree (fk_resource);


--
-- TOC entry 4902 (class 1259 OID 67868)
-- Name: IX_wantedresources_fk_tradeagreement; Type: INDEX; Schema: game_1; Owner: postgres
--

CREATE INDEX "IX_wantedresources_fk_tradeagreement" ON game_1.wantedresources USING btree (fk_tradeagreement);


--
-- TOC entry 4907 (class 2606 OID 67869)
-- Name: gameaccess FK_gameaccess_games_fk_Games; Type: FK CONSTRAINT; Schema: Global; Owner: postgres
--

ALTER TABLE ONLY "Global".gameaccess
    ADD CONSTRAINT "FK_gameaccess_games_fk_Games" FOREIGN KEY ("fk_Games") REFERENCES "Global".games(id) ON DELETE CASCADE;


--
-- TOC entry 4908 (class 2606 OID 67874)
-- Name: gameaccess FK_gameaccess_users_fk_Users; Type: FK CONSTRAINT; Schema: Global; Owner: postgres
--

ALTER TABLE ONLY "Global".gameaccess
    ADD CONSTRAINT "FK_gameaccess_users_fk_Users" FOREIGN KEY ("fk_Users") REFERENCES "Global".users(id) ON DELETE CASCADE;


--
-- TOC entry 4909 (class 2606 OID 67879)
-- Name: games FK_games_users_ownerId; Type: FK CONSTRAINT; Schema: Global; Owner: postgres
--

ALTER TABLE ONLY "Global".games
    ADD CONSTRAINT "FK_games_users_ownerId" FOREIGN KEY ("ownerId") REFERENCES "Global".users(id) ON DELETE CASCADE;


--
-- TOC entry 4910 (class 2606 OID 67884)
-- Name: accessToUnits FK_accessToUnits_nations_fk_Nations; Type: FK CONSTRAINT; Schema: game_1; Owner: postgres
--

ALTER TABLE ONLY game_1."accessToUnits"
    ADD CONSTRAINT "FK_accessToUnits_nations_fk_Nations" FOREIGN KEY ("fk_Nation") REFERENCES game_1.nations(id) ON DELETE CASCADE;


--
-- TOC entry 4911 (class 2606 OID 67889)
-- Name: accessToUnits FK_accessToUnits_unitTypes_fk_UnitTypes; Type: FK CONSTRAINT; Schema: game_1; Owner: postgres
--

ALTER TABLE ONLY game_1."accessToUnits"
    ADD CONSTRAINT "FK_accessToUnits_unitTypes_fk_UnitTypes" FOREIGN KEY ("fk_UnitTypes") REFERENCES game_1."unitTypes"(id) ON DELETE CASCADE;


--
-- TOC entry 4912 (class 2606 OID 67894)
-- Name: accessestonations FK_accessestonations_nations_fk_nations; Type: FK CONSTRAINT; Schema: game_1; Owner: postgres
--

ALTER TABLE ONLY game_1.accessestonations
    ADD CONSTRAINT "FK_accessestonations_nations_fk_nations" FOREIGN KEY (fk_nations) REFERENCES game_1.nations(id) ON DELETE CASCADE;


--
-- TOC entry 4913 (class 2606 OID 67899)
-- Name: accessestonations FK_accessestonations_players_fk_users; Type: FK CONSTRAINT; Schema: game_1; Owner: postgres
--

ALTER TABLE ONLY game_1.accessestonations
    ADD CONSTRAINT "FK_accessestonations_players_fk_users" FOREIGN KEY (fk_users) REFERENCES game_1.players(id) ON DELETE CASCADE;


--
-- TOC entry 4914 (class 2606 OID 67904)
-- Name: actions FK_actions_nations_fk_Nations; Type: FK CONSTRAINT; Schema: game_1; Owner: postgres
--

ALTER TABLE ONLY game_1.actions
    ADD CONSTRAINT "FK_actions_nations_fk_Nations" FOREIGN KEY ("fk_Nations") REFERENCES game_1.nations(id) ON DELETE CASCADE;


--
-- TOC entry 4915 (class 2606 OID 67909)
-- Name: armies FK_armies_locations_fk_Locations; Type: FK CONSTRAINT; Schema: game_1; Owner: postgres
--

ALTER TABLE ONLY game_1.armies
    ADD CONSTRAINT "FK_armies_locations_fk_Locations" FOREIGN KEY ("fk_Locations") REFERENCES game_1.locations(id) ON DELETE CASCADE;


--
-- TOC entry 4916 (class 2606 OID 67914)
-- Name: armies FK_armies_nations_fk_Nations; Type: FK CONSTRAINT; Schema: game_1; Owner: postgres
--

ALTER TABLE ONLY game_1.armies
    ADD CONSTRAINT "FK_armies_nations_fk_Nations" FOREIGN KEY ("fk_Nations") REFERENCES game_1.nations(id) ON DELETE CASCADE;


--
-- TOC entry 4917 (class 2606 OID 67919)
-- Name: factions FK_factions_nations_fk_Nations; Type: FK CONSTRAINT; Schema: game_1; Owner: postgres
--

ALTER TABLE ONLY game_1.factions
    ADD CONSTRAINT "FK_factions_nations_fk_Nations" FOREIGN KEY ("fk_Nations") REFERENCES game_1.nations(id) ON DELETE CASCADE;


--
-- TOC entry 4919 (class 2606 OID 67924)
-- Name: locationsResources FK_locationsResources_locations_fk_Locations; Type: FK CONSTRAINT; Schema: game_1; Owner: postgres
--

ALTER TABLE ONLY game_1."locationsResources"
    ADD CONSTRAINT "FK_locationsResources_locations_fk_Locations" FOREIGN KEY ("fk_Locations") REFERENCES game_1.locations(id) ON DELETE CASCADE;


--
-- TOC entry 4920 (class 2606 OID 67929)
-- Name: locationsResources FK_locationsResources_resources_fk_Resources; Type: FK CONSTRAINT; Schema: game_1; Owner: postgres
--

ALTER TABLE ONLY game_1."locationsResources"
    ADD CONSTRAINT "FK_locationsResources_resources_fk_Resources" FOREIGN KEY ("fk_Resources") REFERENCES game_1.resources(id) ON DELETE CASCADE;


--
-- TOC entry 4918 (class 2606 OID 67934)
-- Name: locations FK_locations_nations_fk_nations; Type: FK CONSTRAINT; Schema: game_1; Owner: postgres
--

ALTER TABLE ONLY game_1.locations
    ADD CONSTRAINT "FK_locations_nations_fk_nations" FOREIGN KEY (fk_nations) REFERENCES game_1.nations(id) ON DELETE CASCADE;


--
-- TOC entry 4921 (class 2606 OID 67939)
-- Name: maintenanceCosts FK_maintenanceCosts_resources_fk_Resources; Type: FK CONSTRAINT; Schema: game_1; Owner: postgres
--

ALTER TABLE ONLY game_1."maintenanceCosts"
    ADD CONSTRAINT "FK_maintenanceCosts_resources_fk_Resources" FOREIGN KEY ("fk_Resources") REFERENCES game_1.resources(id) ON DELETE CASCADE;


--
-- TOC entry 4922 (class 2606 OID 67944)
-- Name: maintenanceCosts FK_maintenanceCosts_unitTypes_fk_UnitTypes; Type: FK CONSTRAINT; Schema: game_1; Owner: postgres
--

ALTER TABLE ONLY game_1."maintenanceCosts"
    ADD CONSTRAINT "FK_maintenanceCosts_unitTypes_fk_UnitTypes" FOREIGN KEY ("fk_UnitTypes") REFERENCES game_1."unitTypes"(id) ON DELETE CASCADE;


--
-- TOC entry 4923 (class 2606 OID 67949)
-- Name: mapAccess FK_mapAccess_map_fk_Maps; Type: FK CONSTRAINT; Schema: game_1; Owner: postgres
--

ALTER TABLE ONLY game_1."mapAccess"
    ADD CONSTRAINT "FK_mapAccess_map_fk_Maps" FOREIGN KEY ("fk_Maps") REFERENCES game_1.map(id) ON DELETE CASCADE;


--
-- TOC entry 4924 (class 2606 OID 67954)
-- Name: mapAccess FK_mapAccess_players_fk_Users; Type: FK CONSTRAINT; Schema: game_1; Owner: postgres
--

ALTER TABLE ONLY game_1."mapAccess"
    ADD CONSTRAINT "FK_mapAccess_players_fk_Users" FOREIGN KEY ("fk_Users") REFERENCES game_1.players(id) ON DELETE CASCADE;


--
-- TOC entry 4925 (class 2606 OID 67959)
-- Name: modifiers FK_modifiers_cultures_fk_Cultures; Type: FK CONSTRAINT; Schema: game_1; Owner: postgres
--

ALTER TABLE ONLY game_1.modifiers
    ADD CONSTRAINT "FK_modifiers_cultures_fk_Cultures" FOREIGN KEY ("fk_Cultures") REFERENCES game_1.cultures(id);


--
-- TOC entry 4926 (class 2606 OID 67964)
-- Name: modifiers FK_modifiers_events_fk_Events; Type: FK CONSTRAINT; Schema: game_1; Owner: postgres
--

ALTER TABLE ONLY game_1.modifiers
    ADD CONSTRAINT "FK_modifiers_events_fk_Events" FOREIGN KEY ("fk_Events") REFERENCES game_1.events(id) ON DELETE CASCADE;


--
-- TOC entry 4927 (class 2606 OID 67969)
-- Name: modifiers FK_modifiers_religions_fk_Religion; Type: FK CONSTRAINT; Schema: game_1; Owner: postgres
--

ALTER TABLE ONLY game_1.modifiers
    ADD CONSTRAINT "FK_modifiers_religions_fk_Religion" FOREIGN KEY ("fk_Religion") REFERENCES game_1.religions(id);


--
-- TOC entry 4928 (class 2606 OID 67974)
-- Name: modifiers FK_modifiers_resources_fk_Resources; Type: FK CONSTRAINT; Schema: game_1; Owner: postgres
--

ALTER TABLE ONLY game_1.modifiers
    ADD CONSTRAINT "FK_modifiers_resources_fk_Resources" FOREIGN KEY ("fk_Resources") REFERENCES game_1.resources(id);


--
-- TOC entry 4929 (class 2606 OID 67979)
-- Name: modifiers FK_modifiers_socialgroups_fk_SocialGroups; Type: FK CONSTRAINT; Schema: game_1; Owner: postgres
--

ALTER TABLE ONLY game_1.modifiers
    ADD CONSTRAINT "FK_modifiers_socialgroups_fk_SocialGroups" FOREIGN KEY ("fk_SocialGroups") REFERENCES game_1.socialgroups(id);


--
-- TOC entry 4930 (class 2606 OID 67984)
-- Name: offeredresources FK_offeredresources_resources_fk_resource; Type: FK CONSTRAINT; Schema: game_1; Owner: postgres
--

ALTER TABLE ONLY game_1.offeredresources
    ADD CONSTRAINT "FK_offeredresources_resources_fk_resource" FOREIGN KEY (fk_resource) REFERENCES game_1.resources(id) ON DELETE CASCADE;


--
-- TOC entry 4931 (class 2606 OID 67989)
-- Name: offeredresources FK_offeredresources_tradeagreements_fk_tradeagreement; Type: FK CONSTRAINT; Schema: game_1; Owner: postgres
--

ALTER TABLE ONLY game_1.offeredresources
    ADD CONSTRAINT "FK_offeredresources_tradeagreements_fk_tradeagreement" FOREIGN KEY (fk_tradeagreement) REFERENCES game_1.tradeagreements(id) ON DELETE CASCADE;


--
-- TOC entry 4932 (class 2606 OID 67994)
-- Name: populations FK_populations_cultures_fk_cultures; Type: FK CONSTRAINT; Schema: game_1; Owner: postgres
--

ALTER TABLE ONLY game_1.populations
    ADD CONSTRAINT "FK_populations_cultures_fk_cultures" FOREIGN KEY (fk_cultures) REFERENCES game_1.cultures(id) ON DELETE CASCADE;


--
-- TOC entry 4933 (class 2606 OID 67999)
-- Name: populations FK_populations_locations_fk_locations; Type: FK CONSTRAINT; Schema: game_1; Owner: postgres
--

ALTER TABLE ONLY game_1.populations
    ADD CONSTRAINT "FK_populations_locations_fk_locations" FOREIGN KEY (fk_locations) REFERENCES game_1.locations(id) ON DELETE CASCADE;


--
-- TOC entry 4934 (class 2606 OID 68004)
-- Name: populations FK_populations_religions_fk_religions; Type: FK CONSTRAINT; Schema: game_1; Owner: postgres
--

ALTER TABLE ONLY game_1.populations
    ADD CONSTRAINT "FK_populations_religions_fk_religions" FOREIGN KEY (fk_religions) REFERENCES game_1.religions(id) ON DELETE CASCADE;


--
-- TOC entry 4935 (class 2606 OID 68009)
-- Name: populations FK_populations_socialgroups_fk_socialgroups; Type: FK CONSTRAINT; Schema: game_1; Owner: postgres
--

ALTER TABLE ONLY game_1.populations
    ADD CONSTRAINT "FK_populations_socialgroups_fk_socialgroups" FOREIGN KEY (fk_socialgroups) REFERENCES game_1.socialgroups(id) ON DELETE CASCADE;


--
-- TOC entry 4936 (class 2606 OID 68014)
-- Name: productionCost FK_productionCost_resources_fk_Resources; Type: FK CONSTRAINT; Schema: game_1; Owner: postgres
--

ALTER TABLE ONLY game_1."productionCost"
    ADD CONSTRAINT "FK_productionCost_resources_fk_Resources" FOREIGN KEY ("fk_Resources") REFERENCES game_1.resources(id) ON DELETE CASCADE;


--
-- TOC entry 4937 (class 2606 OID 68019)
-- Name: productionCost FK_productionCost_unitTypes_fk_UnitTypes; Type: FK CONSTRAINT; Schema: game_1; Owner: postgres
--

ALTER TABLE ONLY game_1."productionCost"
    ADD CONSTRAINT "FK_productionCost_unitTypes_fk_UnitTypes" FOREIGN KEY ("fk_UnitTypes") REFERENCES game_1."unitTypes"(id) ON DELETE CASCADE;


--
-- TOC entry 4938 (class 2606 OID 68024)
-- Name: relatedEvents FK_relatedEvents_events_fk_Events; Type: FK CONSTRAINT; Schema: game_1; Owner: postgres
--

ALTER TABLE ONLY game_1."relatedEvents"
    ADD CONSTRAINT "FK_relatedEvents_events_fk_Events" FOREIGN KEY ("fk_Events") REFERENCES game_1.events(id) ON DELETE CASCADE;


--
-- TOC entry 4939 (class 2606 OID 68029)
-- Name: relatedEvents FK_relatedEvents_nations_fk_Nations; Type: FK CONSTRAINT; Schema: game_1; Owner: postgres
--

ALTER TABLE ONLY game_1."relatedEvents"
    ADD CONSTRAINT "FK_relatedEvents_nations_fk_Nations" FOREIGN KEY ("fk_Nations") REFERENCES game_1.nations(id) ON DELETE CASCADE;


--
-- TOC entry 4940 (class 2606 OID 68034)
-- Name: tradeagreements FK_tradeagreements_nations_fk_nationoffering; Type: FK CONSTRAINT; Schema: game_1; Owner: postgres
--

ALTER TABLE ONLY game_1.tradeagreements
    ADD CONSTRAINT "FK_tradeagreements_nations_fk_nationoffering" FOREIGN KEY (fk_nationoffering) REFERENCES game_1.nations(id) ON DELETE CASCADE;


--
-- TOC entry 4941 (class 2606 OID 68039)
-- Name: tradeagreements FK_tradeagreements_nations_fk_nationreceiving; Type: FK CONSTRAINT; Schema: game_1; Owner: postgres
--

ALTER TABLE ONLY game_1.tradeagreements
    ADD CONSTRAINT "FK_tradeagreements_nations_fk_nationreceiving" FOREIGN KEY (fk_nationreceiving) REFERENCES game_1.nations(id) ON DELETE CASCADE;


--
-- TOC entry 4942 (class 2606 OID 68044)
-- Name: troops FK_troops_armies_fk_Armies; Type: FK CONSTRAINT; Schema: game_1; Owner: postgres
--

ALTER TABLE ONLY game_1.troops
    ADD CONSTRAINT "FK_troops_armies_fk_Armies" FOREIGN KEY ("fk_Armies") REFERENCES game_1.armies(id) ON DELETE CASCADE;


--
-- TOC entry 4943 (class 2606 OID 68049)
-- Name: troops FK_troops_unitTypes_fk_UnitTypes; Type: FK CONSTRAINT; Schema: game_1; Owner: postgres
--

ALTER TABLE ONLY game_1.troops
    ADD CONSTRAINT "FK_troops_unitTypes_fk_UnitTypes" FOREIGN KEY ("fk_UnitTypes") REFERENCES game_1."unitTypes"(id) ON DELETE CASCADE;


--
-- TOC entry 4944 (class 2606 OID 68054)
-- Name: unitOrders FK_unitOrders_nations_fk_Nations; Type: FK CONSTRAINT; Schema: game_1; Owner: postgres
--

ALTER TABLE ONLY game_1."unitOrders"
    ADD CONSTRAINT "FK_unitOrders_nations_fk_Nations" FOREIGN KEY ("fk_Nations") REFERENCES game_1.nations(id) ON DELETE CASCADE;


--
-- TOC entry 4945 (class 2606 OID 68059)
-- Name: unitOrders FK_unitOrders_unitTypes_fk_UnitTypes; Type: FK CONSTRAINT; Schema: game_1; Owner: postgres
--

ALTER TABLE ONLY game_1."unitOrders"
    ADD CONSTRAINT "FK_unitOrders_unitTypes_fk_UnitTypes" FOREIGN KEY ("fk_UnitTypes") REFERENCES game_1."unitTypes"(id) ON DELETE CASCADE;


--
-- TOC entry 4946 (class 2606 OID 68064)
-- Name: wantedresources FK_wantedresources_resources_fk_resource; Type: FK CONSTRAINT; Schema: game_1; Owner: postgres
--

ALTER TABLE ONLY game_1.wantedresources
    ADD CONSTRAINT "FK_wantedresources_resources_fk_resource" FOREIGN KEY (fk_resource) REFERENCES game_1.resources(id) ON DELETE CASCADE;


--
-- TOC entry 4947 (class 2606 OID 68069)
-- Name: wantedresources FK_wantedresources_tradeagreements_fk_tradeagreement; Type: FK CONSTRAINT; Schema: game_1; Owner: postgres
--

ALTER TABLE ONLY game_1.wantedresources
    ADD CONSTRAINT "FK_wantedresources_tradeagreements_fk_tradeagreement" FOREIGN KEY (fk_tradeagreement) REFERENCES game_1.tradeagreements(id) ON DELETE CASCADE;


-- Completed on 2025-06-15 23:38:39

--
-- PostgreSQL database dump complete
--

