--
-- PostgreSQL database dump
--

-- Dumped from database version 17.5
-- Dumped by pg_dump version 17.5

-- Started on 2025-06-04 22:46:12

SET statement_timeout = 0;
SET lock_timeout = 0;
SET idle_in_transaction_session_timeout = 0;
SET transaction_timeout = 0;
SET client_encoding = 'UTF8';
SET standard_conforming_strings = on;
SELECT pg_catalog.set_config('search_path', '', false);
SET check_function_bodies = false;
SET xmloption = content;
SET client_min_messages = warning;
SET row_security = off;

--
-- TOC entry 7 (class 2615 OID 41527)
-- Name: Global; Type: SCHEMA; Schema: -; Owner: postgres
--

CREATE SCHEMA "Global";


ALTER SCHEMA "Global" OWNER TO postgres;

--
-- TOC entry 6 (class 2615 OID 41106)
-- Name: default_schema; Type: SCHEMA; Schema: -; Owner: postgres
--

CREATE SCHEMA default_schema;


ALTER SCHEMA default_schema OWNER TO postgres;

SET default_tablespace = '';

SET default_table_access_method = heap;

--
-- TOC entry 282 (class 1259 OID 41550)
-- Name: gameaccess; Type: TABLE; Schema: Global; Owner: postgres
--

CREATE TABLE "Global".gameaccess (
    id integer NOT NULL,
    "fk_Users" integer NOT NULL,
    "fk_Games" integer NOT NULL,
    "accessType" integer NOT NULL,
    "isArchived" boolean NOT NULL
);


ALTER TABLE "Global".gameaccess OWNER TO postgres;

--
-- TOC entry 281 (class 1259 OID 41549)
-- Name: gameaccess_id_seq; Type: SEQUENCE; Schema: Global; Owner: postgres
--

ALTER TABLE "Global".gameaccess ALTER COLUMN id ADD GENERATED BY DEFAULT AS IDENTITY (
    SEQUENCE NAME "Global".gameaccess_id_seq
    START WITH 1
    INCREMENT BY 1
    NO MINVALUE
    NO MAXVALUE
    CACHE 1
);


--
-- TOC entry 280 (class 1259 OID 41537)
-- Name: games; Type: TABLE; Schema: Global; Owner: postgres
--

CREATE TABLE "Global".games (
    id integer NOT NULL,
    name text NOT NULL,
    description text,
    image text,
    "ownerId" integer NOT NULL
);


ALTER TABLE "Global".games OWNER TO postgres;

--
-- TOC entry 279 (class 1259 OID 41536)
-- Name: games_id_seq; Type: SEQUENCE; Schema: Global; Owner: postgres
--

ALTER TABLE "Global".games ALTER COLUMN id ADD GENERATED BY DEFAULT AS IDENTITY (
    SEQUENCE NAME "Global".games_id_seq
    START WITH 1
    INCREMENT BY 1
    NO MINVALUE
    NO MAXVALUE
    CACHE 1
);


--
-- TOC entry 278 (class 1259 OID 41529)
-- Name: users; Type: TABLE; Schema: Global; Owner: postgres
--

CREATE TABLE "Global".users (
    id integer NOT NULL,
    name text NOT NULL,
    email text NOT NULL,
    password text NOT NULL,
    issso boolean NOT NULL,
    image text,
    isarchived boolean NOT NULL
);


ALTER TABLE "Global".users OWNER TO postgres;

--
-- TOC entry 277 (class 1259 OID 41528)
-- Name: users_id_seq; Type: SEQUENCE; Schema: Global; Owner: postgres
--

ALTER TABLE "Global".users ALTER COLUMN id ADD GENERATED BY DEFAULT AS IDENTITY (
    SEQUENCE NAME "Global".users_id_seq
    START WITH 1
    INCREMENT BY 1
    NO MINVALUE
    NO MAXVALUE
    CACHE 1
);


--
-- TOC entry 259 (class 1259 OID 41331)
-- Name: accessToUnits; Type: TABLE; Schema: default_schema; Owner: postgres
--

CREATE TABLE default_schema."accessToUnits" (
    id integer NOT NULL,
    "fk_Nation" integer NOT NULL,
    "fk_UnitTypes" integer NOT NULL
);


ALTER TABLE default_schema."accessToUnits" OWNER TO postgres;

--
-- TOC entry 258 (class 1259 OID 41330)
-- Name: accessToUnits_id_seq; Type: SEQUENCE; Schema: default_schema; Owner: postgres
--

ALTER TABLE default_schema."accessToUnits" ALTER COLUMN id ADD GENERATED BY DEFAULT AS IDENTITY (
    SEQUENCE NAME default_schema."accessToUnits_id_seq"
    START WITH 1
    INCREMENT BY 1
    NO MINVALUE
    NO MAXVALUE
    CACHE 1
);


--
-- TOC entry 254 (class 1259 OID 41269)
-- Name: accessestonations; Type: TABLE; Schema: default_schema; Owner: postgres
--

CREATE TABLE default_schema.accessestonations (
    id integer NOT NULL,
    fk_nations integer NOT NULL,
    fk_users integer NOT NULL,
    dateacquired timestamp with time zone NOT NULL,
    isactive boolean NOT NULL
);


ALTER TABLE default_schema.accessestonations OWNER TO postgres;

--
-- TOC entry 253 (class 1259 OID 41268)
-- Name: accessestonations_id_seq; Type: SEQUENCE; Schema: default_schema; Owner: postgres
--

ALTER TABLE default_schema.accessestonations ALTER COLUMN id ADD GENERATED BY DEFAULT AS IDENTITY (
    SEQUENCE NAME default_schema.accessestonations_id_seq
    START WITH 1
    INCREMENT BY 1
    NO MINVALUE
    NO MAXVALUE
    CACHE 1
);


--
-- TOC entry 242 (class 1259 OID 41184)
-- Name: actions; Type: TABLE; Schema: default_schema; Owner: postgres
--

CREATE TABLE default_schema.actions (
    id integer NOT NULL,
    "fk_Nations" integer NOT NULL,
    name text,
    description text NOT NULL,
    result text,
    "isSettled" boolean NOT NULL
);


ALTER TABLE default_schema.actions OWNER TO postgres;

--
-- TOC entry 241 (class 1259 OID 41183)
-- Name: actions_id_seq; Type: SEQUENCE; Schema: default_schema; Owner: postgres
--

ALTER TABLE default_schema.actions ALTER COLUMN id ADD GENERATED BY DEFAULT AS IDENTITY (
    SEQUENCE NAME default_schema.actions_id_seq
    START WITH 1
    INCREMENT BY 1
    NO MINVALUE
    NO MAXVALUE
    CACHE 1
);


--
-- TOC entry 267 (class 1259 OID 41395)
-- Name: armies; Type: TABLE; Schema: default_schema; Owner: postgres
--

CREATE TABLE default_schema.armies (
    id integer NOT NULL,
    name text NOT NULL,
    "fk_Nations" integer NOT NULL,
    "fk_Locations" integer NOT NULL,
    is_naval boolean NOT NULL
);


ALTER TABLE default_schema.armies OWNER TO postgres;

--
-- TOC entry 266 (class 1259 OID 41394)
-- Name: armies_id_seq; Type: SEQUENCE; Schema: default_schema; Owner: postgres
--

ALTER TABLE default_schema.armies ALTER COLUMN id ADD GENERATED BY DEFAULT AS IDENTITY (
    SEQUENCE NAME default_schema.armies_id_seq
    START WITH 1
    INCREMENT BY 1
    NO MINVALUE
    NO MAXVALUE
    CACHE 1
);


--
-- TOC entry 220 (class 1259 OID 41108)
-- Name: cultures; Type: TABLE; Schema: default_schema; Owner: postgres
--

CREATE TABLE default_schema.cultures (
    id integer NOT NULL,
    name character varying(255) NOT NULL
);


ALTER TABLE default_schema.cultures OWNER TO postgres;

--
-- TOC entry 219 (class 1259 OID 41107)
-- Name: cultures_id_seq; Type: SEQUENCE; Schema: default_schema; Owner: postgres
--

ALTER TABLE default_schema.cultures ALTER COLUMN id ADD GENERATED BY DEFAULT AS IDENTITY (
    SEQUENCE NAME default_schema.cultures_id_seq
    START WITH 1
    INCREMENT BY 1
    NO MINVALUE
    NO MAXVALUE
    CACHE 1
);


--
-- TOC entry 222 (class 1259 OID 41114)
-- Name: events; Type: TABLE; Schema: default_schema; Owner: postgres
--

CREATE TABLE default_schema.events (
    id integer NOT NULL,
    name text NOT NULL,
    description text,
    picture text
);


ALTER TABLE default_schema.events OWNER TO postgres;

--
-- TOC entry 221 (class 1259 OID 41113)
-- Name: events_id_seq; Type: SEQUENCE; Schema: default_schema; Owner: postgres
--

ALTER TABLE default_schema.events ALTER COLUMN id ADD GENERATED BY DEFAULT AS IDENTITY (
    SEQUENCE NAME default_schema.events_id_seq
    START WITH 1
    INCREMENT BY 1
    NO MINVALUE
    NO MAXVALUE
    CACHE 1
);


--
-- TOC entry 244 (class 1259 OID 41197)
-- Name: factions; Type: TABLE; Schema: default_schema; Owner: postgres
--

CREATE TABLE default_schema.factions (
    id integer NOT NULL,
    name text NOT NULL,
    "fk_Nations" integer NOT NULL,
    power integer NOT NULL,
    agenda text NOT NULL,
    contentment integer NOT NULL,
    color text NOT NULL
);


ALTER TABLE default_schema.factions OWNER TO postgres;

--
-- TOC entry 243 (class 1259 OID 41196)
-- Name: factions_id_seq; Type: SEQUENCE; Schema: default_schema; Owner: postgres
--

ALTER TABLE default_schema.factions ALTER COLUMN id ADD GENERATED BY DEFAULT AS IDENTITY (
    SEQUENCE NAME default_schema.factions_id_seq
    START WITH 1
    INCREMENT BY 1
    NO MINVALUE
    NO MAXVALUE
    CACHE 1
);


--
-- TOC entry 246 (class 1259 OID 41210)
-- Name: locations; Type: TABLE; Schema: default_schema; Owner: postgres
--

CREATE TABLE default_schema.locations (
    id integer NOT NULL,
    name character varying(255) NOT NULL,
    size integer NOT NULL,
    fortifications integer NOT NULL,
    fk_nations integer NOT NULL
);


ALTER TABLE default_schema.locations OWNER TO postgres;

--
-- TOC entry 248 (class 1259 OID 41221)
-- Name: locationsResources; Type: TABLE; Schema: default_schema; Owner: postgres
--

CREATE TABLE default_schema."locationsResources" (
    id integer NOT NULL,
    "fk_Locations" integer NOT NULL,
    "fk_Resources" integer NOT NULL,
    amount double precision NOT NULL
);


ALTER TABLE default_schema."locationsResources" OWNER TO postgres;

--
-- TOC entry 247 (class 1259 OID 41220)
-- Name: locationsResources_id_seq; Type: SEQUENCE; Schema: default_schema; Owner: postgres
--

ALTER TABLE default_schema."locationsResources" ALTER COLUMN id ADD GENERATED BY DEFAULT AS IDENTITY (
    SEQUENCE NAME default_schema."locationsResources_id_seq"
    START WITH 1
    INCREMENT BY 1
    NO MINVALUE
    NO MAXVALUE
    CACHE 1
);


--
-- TOC entry 245 (class 1259 OID 41209)
-- Name: locations_id_seq; Type: SEQUENCE; Schema: default_schema; Owner: postgres
--

ALTER TABLE default_schema.locations ALTER COLUMN id ADD GENERATED BY DEFAULT AS IDENTITY (
    SEQUENCE NAME default_schema.locations_id_seq
    START WITH 1
    INCREMENT BY 1
    NO MINVALUE
    NO MAXVALUE
    CACHE 1
);


--
-- TOC entry 261 (class 1259 OID 41347)
-- Name: maintenanceCosts; Type: TABLE; Schema: default_schema; Owner: postgres
--

CREATE TABLE default_schema."maintenanceCosts" (
    id integer NOT NULL,
    "fk_UnitTypes" integer NOT NULL,
    "fk_Resources" integer NOT NULL,
    amount double precision NOT NULL
);


ALTER TABLE default_schema."maintenanceCosts" OWNER TO postgres;

--
-- TOC entry 260 (class 1259 OID 41346)
-- Name: maintenanceCosts_id_seq; Type: SEQUENCE; Schema: default_schema; Owner: postgres
--

ALTER TABLE default_schema."maintenanceCosts" ALTER COLUMN id ADD GENERATED BY DEFAULT AS IDENTITY (
    SEQUENCE NAME default_schema."maintenanceCosts_id_seq"
    START WITH 1
    INCREMENT BY 1
    NO MINVALUE
    NO MAXVALUE
    CACHE 1
);


--
-- TOC entry 224 (class 1259 OID 41122)
-- Name: map; Type: TABLE; Schema: default_schema; Owner: postgres
--

CREATE TABLE default_schema.map (
    id integer NOT NULL,
    name text NOT NULL,
    "mapLocation" text NOT NULL,
    "mapIconLocation" text NOT NULL
);


ALTER TABLE default_schema.map OWNER TO postgres;

--
-- TOC entry 255 (class 1259 OID 41284)
-- Name: mapAccess; Type: TABLE; Schema: default_schema; Owner: postgres
--

CREATE TABLE default_schema."mapAccess" (
    "fk_Nations" integer NOT NULL,
    "fk_Maps" integer NOT NULL
);


ALTER TABLE default_schema."mapAccess" OWNER TO postgres;

--
-- TOC entry 223 (class 1259 OID 41121)
-- Name: map_id_seq; Type: SEQUENCE; Schema: default_schema; Owner: postgres
--

ALTER TABLE default_schema.map ALTER COLUMN id ADD GENERATED BY DEFAULT AS IDENTITY (
    SEQUENCE NAME default_schema.map_id_seq
    START WITH 1
    INCREMENT BY 1
    NO MINVALUE
    NO MAXVALUE
    CACHE 1
);


--
-- TOC entry 257 (class 1259 OID 41300)
-- Name: modifiers; Type: TABLE; Schema: default_schema; Owner: postgres
--

CREATE TABLE default_schema.modifiers (
    id integer NOT NULL,
    "fk_Events" integer NOT NULL,
    "modifireType" integer NOT NULL,
    "fk_Resources" integer,
    "fk_SocialGroups" integer,
    "fk_Cultures" integer,
    "fk_Religion" integer
);


ALTER TABLE default_schema.modifiers OWNER TO postgres;

--
-- TOC entry 256 (class 1259 OID 41299)
-- Name: modifiers_id_seq; Type: SEQUENCE; Schema: default_schema; Owner: postgres
--

ALTER TABLE default_schema.modifiers ALTER COLUMN id ADD GENERATED BY DEFAULT AS IDENTITY (
    SEQUENCE NAME default_schema.modifiers_id_seq
    START WITH 1
    INCREMENT BY 1
    NO MINVALUE
    NO MAXVALUE
    CACHE 1
);


--
-- TOC entry 226 (class 1259 OID 41130)
-- Name: nations; Type: TABLE; Schema: default_schema; Owner: postgres
--

CREATE TABLE default_schema.nations (
    id integer NOT NULL,
    name text NOT NULL,
    fk_religions integer NOT NULL,
    fk_cultures integer NOT NULL
);


ALTER TABLE default_schema.nations OWNER TO postgres;

--
-- TOC entry 225 (class 1259 OID 41129)
-- Name: nations_id_seq; Type: SEQUENCE; Schema: default_schema; Owner: postgres
--

ALTER TABLE default_schema.nations ALTER COLUMN id ADD GENERATED BY DEFAULT AS IDENTITY (
    SEQUENCE NAME default_schema.nations_id_seq
    START WITH 1
    INCREMENT BY 1
    NO MINVALUE
    NO MAXVALUE
    CACHE 1
);


--
-- TOC entry 271 (class 1259 OID 41439)
-- Name: offeredresources; Type: TABLE; Schema: default_schema; Owner: postgres
--

CREATE TABLE default_schema.offeredresources (
    id integer NOT NULL,
    fk_resource integer NOT NULL,
    fk_tradeagreement integer NOT NULL,
    quantity integer NOT NULL
);


ALTER TABLE default_schema.offeredresources OWNER TO postgres;

--
-- TOC entry 270 (class 1259 OID 41438)
-- Name: offeredresources_id_seq; Type: SEQUENCE; Schema: default_schema; Owner: postgres
--

ALTER TABLE default_schema.offeredresources ALTER COLUMN id ADD GENERATED BY DEFAULT AS IDENTITY (
    SEQUENCE NAME default_schema.offeredresources_id_seq
    START WITH 1
    INCREMENT BY 1
    NO MINVALUE
    NO MAXVALUE
    CACHE 1
);


--
-- TOC entry 228 (class 1259 OID 41138)
-- Name: players; Type: TABLE; Schema: default_schema; Owner: postgres
--

CREATE TABLE default_schema.players (
    id integer NOT NULL,
    "fk_User" integer NOT NULL,
    "playerType" integer NOT NULL
);


ALTER TABLE default_schema.players OWNER TO postgres;

--
-- TOC entry 227 (class 1259 OID 41137)
-- Name: players_id_seq; Type: SEQUENCE; Schema: default_schema; Owner: postgres
--

ALTER TABLE default_schema.players ALTER COLUMN id ADD GENERATED BY DEFAULT AS IDENTITY (
    SEQUENCE NAME default_schema.players_id_seq
    START WITH 1
    INCREMENT BY 1
    NO MINVALUE
    NO MAXVALUE
    CACHE 1
);


--
-- TOC entry 269 (class 1259 OID 41413)
-- Name: populations; Type: TABLE; Schema: default_schema; Owner: postgres
--

CREATE TABLE default_schema.populations (
    id integer NOT NULL,
    fk_religions integer NOT NULL,
    fk_cultures integer NOT NULL,
    fk_socialgroups integer NOT NULL,
    fk_locations integer NOT NULL,
    happiness real NOT NULL
);


ALTER TABLE default_schema.populations OWNER TO postgres;

--
-- TOC entry 268 (class 1259 OID 41412)
-- Name: populations_id_seq; Type: SEQUENCE; Schema: default_schema; Owner: postgres
--

ALTER TABLE default_schema.populations ALTER COLUMN id ADD GENERATED BY DEFAULT AS IDENTITY (
    SEQUENCE NAME default_schema.populations_id_seq
    START WITH 1
    INCREMENT BY 1
    NO MINVALUE
    NO MAXVALUE
    CACHE 1
);


--
-- TOC entry 263 (class 1259 OID 41363)
-- Name: productionCost; Type: TABLE; Schema: default_schema; Owner: postgres
--

CREATE TABLE default_schema."productionCost" (
    id integer NOT NULL,
    "fk_UnitTypes" integer NOT NULL,
    "fk_Resources" integer NOT NULL,
    amount double precision NOT NULL
);


ALTER TABLE default_schema."productionCost" OWNER TO postgres;

--
-- TOC entry 262 (class 1259 OID 41362)
-- Name: productionCost_id_seq; Type: SEQUENCE; Schema: default_schema; Owner: postgres
--

ALTER TABLE default_schema."productionCost" ALTER COLUMN id ADD GENERATED BY DEFAULT AS IDENTITY (
    SEQUENCE NAME default_schema."productionCost_id_seq"
    START WITH 1
    INCREMENT BY 1
    NO MINVALUE
    NO MAXVALUE
    CACHE 1
);


--
-- TOC entry 230 (class 1259 OID 41144)
-- Name: productionShares; Type: TABLE; Schema: default_schema; Owner: postgres
--

CREATE TABLE default_schema."productionShares" (
    id integer NOT NULL,
    "fk_SocialGroups" integer NOT NULL,
    "fk_Resources" integer NOT NULL,
    coefficient double precision NOT NULL
);


ALTER TABLE default_schema."productionShares" OWNER TO postgres;

--
-- TOC entry 229 (class 1259 OID 41143)
-- Name: productionShares_id_seq; Type: SEQUENCE; Schema: default_schema; Owner: postgres
--

ALTER TABLE default_schema."productionShares" ALTER COLUMN id ADD GENERATED BY DEFAULT AS IDENTITY (
    SEQUENCE NAME default_schema."productionShares_id_seq"
    START WITH 1
    INCREMENT BY 1
    NO MINVALUE
    NO MAXVALUE
    CACHE 1
);


--
-- TOC entry 250 (class 1259 OID 41237)
-- Name: relatedEvents; Type: TABLE; Schema: default_schema; Owner: postgres
--

CREATE TABLE default_schema."relatedEvents" (
    id integer NOT NULL,
    "fk_Events" integer NOT NULL,
    "fk_Nations" integer NOT NULL
);


ALTER TABLE default_schema."relatedEvents" OWNER TO postgres;

--
-- TOC entry 249 (class 1259 OID 41236)
-- Name: relatedEvents_id_seq; Type: SEQUENCE; Schema: default_schema; Owner: postgres
--

ALTER TABLE default_schema."relatedEvents" ALTER COLUMN id ADD GENERATED BY DEFAULT AS IDENTITY (
    SEQUENCE NAME default_schema."relatedEvents_id_seq"
    START WITH 1
    INCREMENT BY 1
    NO MINVALUE
    NO MAXVALUE
    CACHE 1
);


--
-- TOC entry 232 (class 1259 OID 41150)
-- Name: religions; Type: TABLE; Schema: default_schema; Owner: postgres
--

CREATE TABLE default_schema.religions (
    id integer NOT NULL,
    name character varying(25) NOT NULL
);


ALTER TABLE default_schema.religions OWNER TO postgres;

--
-- TOC entry 231 (class 1259 OID 41149)
-- Name: religions_id_seq; Type: SEQUENCE; Schema: default_schema; Owner: postgres
--

ALTER TABLE default_schema.religions ALTER COLUMN id ADD GENERATED BY DEFAULT AS IDENTITY (
    SEQUENCE NAME default_schema.religions_id_seq
    START WITH 1
    INCREMENT BY 1
    NO MINVALUE
    NO MAXVALUE
    CACHE 1
);


--
-- TOC entry 234 (class 1259 OID 41156)
-- Name: resources; Type: TABLE; Schema: default_schema; Owner: postgres
--

CREATE TABLE default_schema.resources (
    id integer NOT NULL,
    name character varying(255) NOT NULL,
    ismain boolean NOT NULL,
    icon text
);


ALTER TABLE default_schema.resources OWNER TO postgres;

--
-- TOC entry 233 (class 1259 OID 41155)
-- Name: resources_id_seq; Type: SEQUENCE; Schema: default_schema; Owner: postgres
--

ALTER TABLE default_schema.resources ALTER COLUMN id ADD GENERATED BY DEFAULT AS IDENTITY (
    SEQUENCE NAME default_schema.resources_id_seq
    START WITH 1
    INCREMENT BY 1
    NO MINVALUE
    NO MAXVALUE
    CACHE 1
);


--
-- TOC entry 236 (class 1259 OID 41164)
-- Name: socialgroups; Type: TABLE; Schema: default_schema; Owner: postgres
--

CREATE TABLE default_schema.socialgroups (
    id integer NOT NULL,
    name character varying(100) NOT NULL,
    basehappiness real NOT NULL,
    volunteers integer NOT NULL
);


ALTER TABLE default_schema.socialgroups OWNER TO postgres;

--
-- TOC entry 235 (class 1259 OID 41163)
-- Name: socialgroups_id_seq; Type: SEQUENCE; Schema: default_schema; Owner: postgres
--

ALTER TABLE default_schema.socialgroups ALTER COLUMN id ADD GENERATED BY DEFAULT AS IDENTITY (
    SEQUENCE NAME default_schema.socialgroups_id_seq
    START WITH 1
    INCREMENT BY 1
    NO MINVALUE
    NO MAXVALUE
    CACHE 1
);


--
-- TOC entry 252 (class 1259 OID 41253)
-- Name: tradeagreements; Type: TABLE; Schema: default_schema; Owner: postgres
--

CREATE TABLE default_schema.tradeagreements (
    id integer NOT NULL,
    fk_nationoffering integer NOT NULL,
    fk_nationreceiving integer NOT NULL,
    isaccepted boolean NOT NULL,
    duration integer NOT NULL
);


ALTER TABLE default_schema.tradeagreements OWNER TO postgres;

--
-- TOC entry 251 (class 1259 OID 41252)
-- Name: tradeagreements_id_seq; Type: SEQUENCE; Schema: default_schema; Owner: postgres
--

ALTER TABLE default_schema.tradeagreements ALTER COLUMN id ADD GENERATED BY DEFAULT AS IDENTITY (
    SEQUENCE NAME default_schema.tradeagreements_id_seq
    START WITH 1
    INCREMENT BY 1
    NO MINVALUE
    NO MAXVALUE
    CACHE 1
);


--
-- TOC entry 275 (class 1259 OID 41471)
-- Name: troops; Type: TABLE; Schema: default_schema; Owner: postgres
--

CREATE TABLE default_schema.troops (
    id integer NOT NULL,
    "fk_UnitTypes" integer NOT NULL,
    "fk_Armies" integer NOT NULL,
    quantity integer NOT NULL
);


ALTER TABLE default_schema.troops OWNER TO postgres;

--
-- TOC entry 274 (class 1259 OID 41470)
-- Name: troops_id_seq; Type: SEQUENCE; Schema: default_schema; Owner: postgres
--

ALTER TABLE default_schema.troops ALTER COLUMN id ADD GENERATED BY DEFAULT AS IDENTITY (
    SEQUENCE NAME default_schema.troops_id_seq
    START WITH 1
    INCREMENT BY 1
    NO MINVALUE
    NO MAXVALUE
    CACHE 1
);


--
-- TOC entry 265 (class 1259 OID 41379)
-- Name: unitOrders; Type: TABLE; Schema: default_schema; Owner: postgres
--

CREATE TABLE default_schema."unitOrders" (
    id integer NOT NULL,
    "fk_UnitTypes" integer NOT NULL,
    "fk_Nations" integer NOT NULL,
    quantity integer NOT NULL
);


ALTER TABLE default_schema."unitOrders" OWNER TO postgres;

--
-- TOC entry 264 (class 1259 OID 41378)
-- Name: unitOrders_id_seq; Type: SEQUENCE; Schema: default_schema; Owner: postgres
--

ALTER TABLE default_schema."unitOrders" ALTER COLUMN id ADD GENERATED BY DEFAULT AS IDENTITY (
    SEQUENCE NAME default_schema."unitOrders_id_seq"
    START WITH 1
    INCREMENT BY 1
    NO MINVALUE
    NO MAXVALUE
    CACHE 1
);


--
-- TOC entry 238 (class 1259 OID 41170)
-- Name: unitTypes; Type: TABLE; Schema: default_schema; Owner: postgres
--

CREATE TABLE default_schema."unitTypes" (
    id integer NOT NULL,
    name text NOT NULL,
    description text NOT NULL,
    melee integer NOT NULL,
    range integer NOT NULL,
    defense integer NOT NULL,
    speed integer NOT NULL,
    morale integer NOT NULL,
    "volunteersNeeded" integer NOT NULL,
    "isNaval" boolean NOT NULL
);


ALTER TABLE default_schema."unitTypes" OWNER TO postgres;

--
-- TOC entry 237 (class 1259 OID 41169)
-- Name: unitTypes_id_seq; Type: SEQUENCE; Schema: default_schema; Owner: postgres
--

ALTER TABLE default_schema."unitTypes" ALTER COLUMN id ADD GENERATED BY DEFAULT AS IDENTITY (
    SEQUENCE NAME default_schema."unitTypes_id_seq"
    START WITH 1
    INCREMENT BY 1
    NO MINVALUE
    NO MAXVALUE
    CACHE 1
);


--
-- TOC entry 240 (class 1259 OID 41178)
-- Name: usedResources; Type: TABLE; Schema: default_schema; Owner: postgres
--

CREATE TABLE default_schema."usedResources" (
    id integer NOT NULL,
    "fk_SocialGroups" integer NOT NULL,
    "fk_Resources" integer NOT NULL,
    amount double precision NOT NULL
);


ALTER TABLE default_schema."usedResources" OWNER TO postgres;

--
-- TOC entry 239 (class 1259 OID 41177)
-- Name: usedResources_id_seq; Type: SEQUENCE; Schema: default_schema; Owner: postgres
--

ALTER TABLE default_schema."usedResources" ALTER COLUMN id ADD GENERATED BY DEFAULT AS IDENTITY (
    SEQUENCE NAME default_schema."usedResources_id_seq"
    START WITH 1
    INCREMENT BY 1
    NO MINVALUE
    NO MAXVALUE
    CACHE 1
);


--
-- TOC entry 273 (class 1259 OID 41455)
-- Name: wantedresources; Type: TABLE; Schema: default_schema; Owner: postgres
--

CREATE TABLE default_schema.wantedresources (
    id integer NOT NULL,
    fk_resource integer NOT NULL,
    fk_tradeagreement integer NOT NULL,
    amount double precision NOT NULL
);


ALTER TABLE default_schema.wantedresources OWNER TO postgres;

--
-- TOC entry 272 (class 1259 OID 41454)
-- Name: wantedresources_id_seq; Type: SEQUENCE; Schema: default_schema; Owner: postgres
--

ALTER TABLE default_schema.wantedresources ALTER COLUMN id ADD GENERATED BY DEFAULT AS IDENTITY (
    SEQUENCE NAME default_schema.wantedresources_id_seq
    START WITH 1
    INCREMENT BY 1
    NO MINVALUE
    NO MAXVALUE
    CACHE 1
);


--
-- TOC entry 276 (class 1259 OID 41522)
-- Name: __EFMigrationsHistory; Type: TABLE; Schema: public; Owner: postgres
--

CREATE TABLE public."__EFMigrationsHistory" (
    "MigrationId" character varying(150) NOT NULL,
    "ProductVersion" character varying(32) NOT NULL
);


ALTER TABLE public."__EFMigrationsHistory" OWNER TO postgres;

--
-- TOC entry 5210 (class 0 OID 41550)
-- Dependencies: 282
-- Data for Name: gameaccess; Type: TABLE DATA; Schema: Global; Owner: postgres
--

COPY "Global".gameaccess (id, "fk_Users", "fk_Games", "accessType", "isArchived") FROM stdin;
1	1	1	1	f
2	2	1	2	f
\.


--
-- TOC entry 5208 (class 0 OID 41537)
-- Dependencies: 280
-- Data for Name: games; Type: TABLE DATA; Schema: Global; Owner: postgres
--

COPY "Global".games (id, name, description, image, "ownerId") FROM stdin;
1	default_schema	Demo testowe\n	\N	2
\.


--
-- TOC entry 5206 (class 0 OID 41529)
-- Dependencies: 278
-- Data for Name: users; Type: TABLE DATA; Schema: Global; Owner: postgres
--

COPY "Global".users (id, name, email, password, issso, image, isarchived) FROM stdin;
1	Test	test	$2a$11$s/J0zefb5amFzjdjllmuZ.AXuziyjVRcYTeEhxyemaxsJJyKnzxU2	f	\N	f
2	admin	admin	$2a$11$t8DGLO5spPxXzpyRb5j0vuuk54ycsFEo9scO7xswpGCH9WvMcwive	f	\N	f
\.


--
-- TOC entry 5187 (class 0 OID 41331)
-- Dependencies: 259
-- Data for Name: accessToUnits; Type: TABLE DATA; Schema: default_schema; Owner: postgres
--

COPY default_schema."accessToUnits" (id, "fk_Nation", "fk_UnitTypes") FROM stdin;
1	1	1
2	1	2
3	1	3
4	2	1
5	2	3
6	2	4
7	3	1
8	3	5
9	4	1
10	4	2
11	5	1
12	5	3
\.


--
-- TOC entry 5182 (class 0 OID 41269)
-- Dependencies: 254
-- Data for Name: accessestonations; Type: TABLE DATA; Schema: default_schema; Owner: postgres
--

COPY default_schema.accessestonations (id, fk_nations, fk_users, dateacquired, isactive) FROM stdin;
1	1	1	2025-01-01 00:00:00+01	t
2	2	2	2025-01-02 00:00:00+01	t
3	3	3	2025-01-03 00:00:00+01	t
4	4	4	2025-01-04 00:00:00+01	t
5	5	5	2025-01-05 00:00:00+01	t
\.


--
-- TOC entry 5170 (class 0 OID 41184)
-- Dependencies: 242
-- Data for Name: actions; Type: TABLE DATA; Schema: default_schema; Owner: postgres
--

COPY default_schema.actions (id, "fk_Nations", name, description, result, "isSettled") FROM stdin;
1	1	Ekspedycja	Wysłanie ekspedycji na niezbadane tereny	\N	f
2	2	Budowa Świątyni	Rozpoczęcie budowy wielkiej świątyni	\N	f
3	3	Szlak Handlowy	Otwarcie nowego szlaku handlowego	Zwiększenie przychodów o 10%	t
4	4	Reformy	Wprowadzenie reform społecznych	\N	f
5	5	Mobilizacja	Mobilizacja sił zbrojnych	Wzrost liczebności armii o 20%	t
\.


--
-- TOC entry 5195 (class 0 OID 41395)
-- Dependencies: 267
-- Data for Name: armies; Type: TABLE DATA; Schema: default_schema; Owner: postgres
--

COPY default_schema.armies (id, name, "fk_Nations", "fk_Locations", is_naval) FROM stdin;
1	Armia Północy	1	1	f
2	Legiony Cesarskie	2	2	f
3	Flota Republiki	3	3	t
4	Drużyna Księcia	4	4	f
5	Jeźdźcy Pustyni	5	5	f
\.


--
-- TOC entry 5148 (class 0 OID 41108)
-- Dependencies: 220
-- Data for Name: cultures; Type: TABLE DATA; Schema: default_schema; Owner: postgres
--

COPY default_schema.cultures (id, name) FROM stdin;
1	Nordycka
2	Słowiańska
3	Germańska
4	Romańska
5	Grecka
\.


--
-- TOC entry 5150 (class 0 OID 41114)
-- Dependencies: 222
-- Data for Name: events; Type: TABLE DATA; Schema: default_schema; Owner: postgres
--

COPY default_schema.events (id, name, description, picture) FROM stdin;
1	Wielka Bitwa	Epiczna bitwa, która zmieniła losy świata	battle.jpg
2	Plaga	Śmiertelna zaraza dziesiątkująca populację	plague.jpg
3	Odkrycie	Odkrycie nowych terenów i technologii	discovery.jpg
4	Rewolta	Rewolta społeczeństwa przeciwko władcy	revolt.jpg
5	Sojusz	Zawarcie sojuszu między narodami	alliance.jpg
\.


--
-- TOC entry 5172 (class 0 OID 41197)
-- Dependencies: 244
-- Data for Name: factions; Type: TABLE DATA; Schema: default_schema; Owner: postgres
--

COPY default_schema.factions (id, name, "fk_Nations", power, agenda, contentment, color) FROM stdin;
1	Konserwatyści	1	70	Utrzymanie tradycji	60	#0000FF
2	Reformatorzy	1	30	Wprowadzenie zmian	40	#00FF00
3	Militaryści	2	60	Ekspansja militarna	50	#FF0000
4	Handlarze	2	40	Rozwój handlu	70	#FFFF00
5	Zjednoczeni	3	90	Jedność narodu	80	#800080
\.


--
-- TOC entry 5174 (class 0 OID 41210)
-- Dependencies: 246
-- Data for Name: locations; Type: TABLE DATA; Schema: default_schema; Owner: postgres
--

COPY default_schema.locations (id, name, size, fortifications, fk_nations) FROM stdin;
1	Stolica Północy	5	4	1
2	Twierdza Cesarska	6	5	2
3	Port Republiki	4	3	3
4	Wschodni Gród	3	2	4
5	Oaza Południowa	4	3	5
6	Górska Osada	2	1	1
7	Cesarskie Tereny	3	2	2
8	Nadmorska Wioska	2	1	3
\.


--
-- TOC entry 5176 (class 0 OID 41221)
-- Dependencies: 248
-- Data for Name: locationsResources; Type: TABLE DATA; Schema: default_schema; Owner: postgres
--

COPY default_schema."locationsResources" (id, "fk_Locations", "fk_Resources", amount) FROM stdin;
1	1	1	1000
2	1	3	2000
3	2	2	1500
4	2	5	3000
5	3	1	800
6	3	8	500
7	4	3	2500
8	4	4	3500
9	5	7	600
10	5	6	400
\.


--
-- TOC entry 5189 (class 0 OID 41347)
-- Dependencies: 261
-- Data for Name: maintenanceCosts; Type: TABLE DATA; Schema: default_schema; Owner: postgres
--

COPY default_schema."maintenanceCosts" (id, "fk_UnitTypes", "fk_Resources", amount) FROM stdin;
1	1	1	0.5
2	1	4	1
3	2	1	0.3
4	2	3	0.5
5	3	1	1
6	3	4	1.5
7	4	1	2
8	4	3	1
9	5	1	3
10	5	3	2
\.


--
-- TOC entry 5152 (class 0 OID 41122)
-- Dependencies: 224
-- Data for Name: map; Type: TABLE DATA; Schema: default_schema; Owner: postgres
--

COPY default_schema.map (id, name, "mapLocation", "mapIconLocation") FROM stdin;
1	Europa Środkowa	maps/central_europe.jpg	maps/central_europe.jpg
2	Wyspy Brytyjskie	maps/british_isles.jpg	maps/central_europe.jpg
3	Półwysep Iberyjski	maps/iberia.jpg	maps/central_europe.jpg
4	Skandynawia	maps/scandinavia.jpg	maps/central_europe.jpg
5	Bałkany	maps/balkans.jpg	maps/central_europe.jpg
\.


--
-- TOC entry 5183 (class 0 OID 41284)
-- Dependencies: 255
-- Data for Name: mapAccess; Type: TABLE DATA; Schema: default_schema; Owner: postgres
--

COPY default_schema."mapAccess" ("fk_Nations", "fk_Maps") FROM stdin;
1	1
1	4
2	2
2	5
3	3
4	1
4	5
5	3
\.


--
-- TOC entry 5185 (class 0 OID 41300)
-- Dependencies: 257
-- Data for Name: modifiers; Type: TABLE DATA; Schema: default_schema; Owner: postgres
--

COPY default_schema.modifiers (id, "fk_Events", "modifireType", "fk_Resources", "fk_SocialGroups", "fk_Cultures", "fk_Religion") FROM stdin;
1	1	1	2	\N	\N	\N
2	1	2	\N	3	\N	\N
3	2	3	4	\N	\N	\N
4	2	4	\N	1	\N	\N
5	3	5	\N	\N	2	\N
6	4	6	\N	2	\N	\N
7	5	7	\N	\N	\N	2
\.


--
-- TOC entry 5154 (class 0 OID 41130)
-- Dependencies: 226
-- Data for Name: nations; Type: TABLE DATA; Schema: default_schema; Owner: postgres
--

COPY default_schema.nations (id, name, fk_religions, fk_cultures) FROM stdin;
1	Królestwo Północy	1	1
2	Cesarstwo Centralne	2	3
3	Republika Nadmorska	2	4
4	Księstwo Wschodnie	1	2
5	Kalifat Południowy	3	5
\.


--
-- TOC entry 5199 (class 0 OID 41439)
-- Dependencies: 271
-- Data for Name: offeredresources; Type: TABLE DATA; Schema: default_schema; Owner: postgres
--

COPY default_schema.offeredresources (id, fk_resource, fk_tradeagreement, quantity) FROM stdin;
1	2	1	100
2	3	1	200
3	1	3	50
4	4	3	300
5	3	4	150
\.


--
-- TOC entry 5156 (class 0 OID 41138)
-- Dependencies: 228
-- Data for Name: players; Type: TABLE DATA; Schema: default_schema; Owner: postgres
--

COPY default_schema.players (id, "fk_User", "playerType") FROM stdin;
1	1	1
4	4	1
2	2	2
3	3	1
5	5	1
\.


--
-- TOC entry 5197 (class 0 OID 41413)
-- Dependencies: 269
-- Data for Name: populations; Type: TABLE DATA; Schema: default_schema; Owner: postgres
--

COPY default_schema.populations (id, fk_religions, fk_cultures, fk_socialgroups, fk_locations, happiness) FROM stdin;
1	1	1	1	1	5.5
2	2	3	2	2	6
3	2	4	3	3	7.2
4	1	2	1	4	4.8
5	3	5	5	5	5.7
6	1	1	2	6	5.2
7	2	3	4	7	6.8
8	2	4	5	8	6.3
\.


--
-- TOC entry 5191 (class 0 OID 41363)
-- Dependencies: 263
-- Data for Name: productionCost; Type: TABLE DATA; Schema: default_schema; Owner: postgres
--

COPY default_schema."productionCost" (id, "fk_UnitTypes", "fk_Resources", amount) FROM stdin;
1	1	1	10
2	1	2	5
3	2	1	8
4	2	3	10
5	3	1	20
6	3	2	15
7	4	1	30
8	4	3	25
9	5	1	50
10	5	2	30
\.


--
-- TOC entry 5158 (class 0 OID 41144)
-- Dependencies: 230
-- Data for Name: productionShares; Type: TABLE DATA; Schema: default_schema; Owner: postgres
--

COPY default_schema."productionShares" (id, "fk_SocialGroups", "fk_Resources", coefficient) FROM stdin;
1	1	3	2
2	1	4	3
3	2	1	1.5
4	2	6	2
5	3	2	1
6	3	5	1.5
7	4	1	1
8	4	7	0.5
9	5	1	2.5
10	5	8	2
\.


--
-- TOC entry 5178 (class 0 OID 41237)
-- Dependencies: 250
-- Data for Name: relatedEvents; Type: TABLE DATA; Schema: default_schema; Owner: postgres
--

COPY default_schema."relatedEvents" (id, "fk_Events", "fk_Nations") FROM stdin;
1	1	1
2	1	2
3	2	3
4	2	4
5	3	1
6	3	5
7	4	2
8	4	4
9	5	1
10	5	3
\.


--
-- TOC entry 5160 (class 0 OID 41150)
-- Dependencies: 232
-- Data for Name: religions; Type: TABLE DATA; Schema: default_schema; Owner: postgres
--

COPY default_schema.religions (id, name) FROM stdin;
1	Pogaństwo
2	Chrześcijaństwo
3	Islam
4	Judaizm
5	Zoroastrianizm
\.


--
-- TOC entry 5162 (class 0 OID 41156)
-- Dependencies: 234
-- Data for Name: resources; Type: TABLE DATA; Schema: default_schema; Owner: postgres
--

COPY default_schema.resources (id, name, ismain, icon) FROM stdin;
1	Złoto	t	icons/gold.png
2	Żelazo	t	icons/iron.png
3	Drewno	t	icons/wood.png
4	Żywność	t	icons/food.png
5	Kamień	t	icons/stone.png
6	Tkaniny	f	icons/textiles.png
7	Przyprawy	f	icons/spices.png
8	Wino	f	icons/wine.png
\.


--
-- TOC entry 5164 (class 0 OID 41164)
-- Dependencies: 236
-- Data for Name: socialgroups; Type: TABLE DATA; Schema: default_schema; Owner: postgres
--

COPY default_schema.socialgroups (id, name, basehappiness, volunteers) FROM stdin;
1	Chłopi	5	10
2	Mieszczanie	6	20
3	Szlachta	7	30
4	Duchowieństwo	8	5
5	Kupcy	6.5	15
\.


--
-- TOC entry 5180 (class 0 OID 41253)
-- Dependencies: 252
-- Data for Name: tradeagreements; Type: TABLE DATA; Schema: default_schema; Owner: postgres
--

COPY default_schema.tradeagreements (id, fk_nationoffering, fk_nationreceiving, isaccepted, duration) FROM stdin;
1	1	2	t	10
2	1	3	f	5
3	2	4	t	8
4	3	5	t	12
5	4	5	f	6
\.


--
-- TOC entry 5203 (class 0 OID 41471)
-- Dependencies: 275
-- Data for Name: troops; Type: TABLE DATA; Schema: default_schema; Owner: postgres
--

COPY default_schema.troops (id, "fk_UnitTypes", "fk_Armies", quantity) FROM stdin;
1	1	1	500
2	2	1	300
3	3	2	400
4	1	2	600
5	5	3	20
6	1	4	300
7	3	4	150
8	3	5	500
\.


--
-- TOC entry 5193 (class 0 OID 41379)
-- Dependencies: 265
-- Data for Name: unitOrders; Type: TABLE DATA; Schema: default_schema; Owner: postgres
--

COPY default_schema."unitOrders" (id, "fk_UnitTypes", "fk_Nations", quantity) FROM stdin;
1	1	1	10
2	2	1	5
3	3	2	3
4	4	2	1
5	1	3	8
6	5	3	5
7	1	4	6
8	2	4	4
9	1	5	1
10	3	5	4
\.


--
-- TOC entry 5166 (class 0 OID 41170)
-- Dependencies: 238
-- Data for Name: unitTypes; Type: TABLE DATA; Schema: default_schema; Owner: postgres
--

COPY default_schema."unitTypes" (id, name, description, melee, range, defense, speed, morale, "volunteersNeeded", "isNaval") FROM stdin;
1	Piechota	Podstawowa jednostka piechoty	5	0	3	3	5	100	f
2	Łucznicy	Jednostka łuczników	1	6	2	3	4	80	f
3	Kawaleria	Szybka jednostka kawalerii	7	0	4	6	7	120	f
4	Oblężnicza	Machiny oblężnicze	1	8	1	2	3	150	f
5	Okręty wojenne	Okręty bojowe	6	4	5	4	6	200	t
\.


--
-- TOC entry 5168 (class 0 OID 41178)
-- Dependencies: 240
-- Data for Name: usedResources; Type: TABLE DATA; Schema: default_schema; Owner: postgres
--

COPY default_schema."usedResources" (id, "fk_SocialGroups", "fk_Resources", amount) FROM stdin;
1	1	4	100
2	1	3	50
3	2	4	75
4	2	6	25
5	3	4	50
6	3	8	30
7	4	4	30
8	4	7	10
9	5	4	60
10	5	6	40
\.


--
-- TOC entry 5201 (class 0 OID 41455)
-- Dependencies: 273
-- Data for Name: wantedresources; Type: TABLE DATA; Schema: default_schema; Owner: postgres
--

COPY default_schema.wantedresources (id, fk_resource, fk_tradeagreement, amount) FROM stdin;
1	1	1	50
2	4	1	100
3	2	3	75
4	5	3	200
5	7	4	25
\.


--
-- TOC entry 5204 (class 0 OID 41522)
-- Dependencies: 276
-- Data for Name: __EFMigrationsHistory; Type: TABLE DATA; Schema: public; Owner: postgres
--

COPY public."__EFMigrationsHistory" ("MigrationId", "ProductVersion") FROM stdin;
20250323115916_InitialGDBMigration	9.0.3
\.


--
-- TOC entry 5216 (class 0 OID 0)
-- Dependencies: 281
-- Name: gameaccess_id_seq; Type: SEQUENCE SET; Schema: Global; Owner: postgres
--

SELECT pg_catalog.setval('"Global".gameaccess_id_seq', 1, false);


--
-- TOC entry 5217 (class 0 OID 0)
-- Dependencies: 279
-- Name: games_id_seq; Type: SEQUENCE SET; Schema: Global; Owner: postgres
--

SELECT pg_catalog.setval('"Global".games_id_seq', 1, false);


--
-- TOC entry 5218 (class 0 OID 0)
-- Dependencies: 277
-- Name: users_id_seq; Type: SEQUENCE SET; Schema: Global; Owner: postgres
--

SELECT pg_catalog.setval('"Global".users_id_seq', 1, false);


--
-- TOC entry 5219 (class 0 OID 0)
-- Dependencies: 258
-- Name: accessToUnits_id_seq; Type: SEQUENCE SET; Schema: default_schema; Owner: postgres
--

SELECT pg_catalog.setval('default_schema."accessToUnits_id_seq"', 12, true);


--
-- TOC entry 5220 (class 0 OID 0)
-- Dependencies: 253
-- Name: accessestonations_id_seq; Type: SEQUENCE SET; Schema: default_schema; Owner: postgres
--

SELECT pg_catalog.setval('default_schema.accessestonations_id_seq', 5, true);


--
-- TOC entry 5221 (class 0 OID 0)
-- Dependencies: 241
-- Name: actions_id_seq; Type: SEQUENCE SET; Schema: default_schema; Owner: postgres
--

SELECT pg_catalog.setval('default_schema.actions_id_seq', 5, true);


--
-- TOC entry 5222 (class 0 OID 0)
-- Dependencies: 266
-- Name: armies_id_seq; Type: SEQUENCE SET; Schema: default_schema; Owner: postgres
--

SELECT pg_catalog.setval('default_schema.armies_id_seq', 5, true);


--
-- TOC entry 5223 (class 0 OID 0)
-- Dependencies: 219
-- Name: cultures_id_seq; Type: SEQUENCE SET; Schema: default_schema; Owner: postgres
--

SELECT pg_catalog.setval('default_schema.cultures_id_seq', 5, true);


--
-- TOC entry 5224 (class 0 OID 0)
-- Dependencies: 221
-- Name: events_id_seq; Type: SEQUENCE SET; Schema: default_schema; Owner: postgres
--

SELECT pg_catalog.setval('default_schema.events_id_seq', 5, true);


--
-- TOC entry 5225 (class 0 OID 0)
-- Dependencies: 243
-- Name: factions_id_seq; Type: SEQUENCE SET; Schema: default_schema; Owner: postgres
--

SELECT pg_catalog.setval('default_schema.factions_id_seq', 5, true);


--
-- TOC entry 5226 (class 0 OID 0)
-- Dependencies: 247
-- Name: locationsResources_id_seq; Type: SEQUENCE SET; Schema: default_schema; Owner: postgres
--

SELECT pg_catalog.setval('default_schema."locationsResources_id_seq"', 10, true);


--
-- TOC entry 5227 (class 0 OID 0)
-- Dependencies: 245
-- Name: locations_id_seq; Type: SEQUENCE SET; Schema: default_schema; Owner: postgres
--

SELECT pg_catalog.setval('default_schema.locations_id_seq', 8, true);


--
-- TOC entry 5228 (class 0 OID 0)
-- Dependencies: 260
-- Name: maintenanceCosts_id_seq; Type: SEQUENCE SET; Schema: default_schema; Owner: postgres
--

SELECT pg_catalog.setval('default_schema."maintenanceCosts_id_seq"', 10, true);


--
-- TOC entry 5229 (class 0 OID 0)
-- Dependencies: 223
-- Name: map_id_seq; Type: SEQUENCE SET; Schema: default_schema; Owner: postgres
--

SELECT pg_catalog.setval('default_schema.map_id_seq', 5, true);


--
-- TOC entry 5230 (class 0 OID 0)
-- Dependencies: 256
-- Name: modifiers_id_seq; Type: SEQUENCE SET; Schema: default_schema; Owner: postgres
--

SELECT pg_catalog.setval('default_schema.modifiers_id_seq', 7, true);


--
-- TOC entry 5231 (class 0 OID 0)
-- Dependencies: 225
-- Name: nations_id_seq; Type: SEQUENCE SET; Schema: default_schema; Owner: postgres
--

SELECT pg_catalog.setval('default_schema.nations_id_seq', 5, true);


--
-- TOC entry 5232 (class 0 OID 0)
-- Dependencies: 270
-- Name: offeredresources_id_seq; Type: SEQUENCE SET; Schema: default_schema; Owner: postgres
--

SELECT pg_catalog.setval('default_schema.offeredresources_id_seq', 5, true);


--
-- TOC entry 5233 (class 0 OID 0)
-- Dependencies: 227
-- Name: players_id_seq; Type: SEQUENCE SET; Schema: default_schema; Owner: postgres
--

SELECT pg_catalog.setval('default_schema.players_id_seq', 1, false);


--
-- TOC entry 5234 (class 0 OID 0)
-- Dependencies: 268
-- Name: populations_id_seq; Type: SEQUENCE SET; Schema: default_schema; Owner: postgres
--

SELECT pg_catalog.setval('default_schema.populations_id_seq', 8, true);


--
-- TOC entry 5235 (class 0 OID 0)
-- Dependencies: 262
-- Name: productionCost_id_seq; Type: SEQUENCE SET; Schema: default_schema; Owner: postgres
--

SELECT pg_catalog.setval('default_schema."productionCost_id_seq"', 10, true);


--
-- TOC entry 5236 (class 0 OID 0)
-- Dependencies: 229
-- Name: productionShares_id_seq; Type: SEQUENCE SET; Schema: default_schema; Owner: postgres
--

SELECT pg_catalog.setval('default_schema."productionShares_id_seq"', 10, true);


--
-- TOC entry 5237 (class 0 OID 0)
-- Dependencies: 249
-- Name: relatedEvents_id_seq; Type: SEQUENCE SET; Schema: default_schema; Owner: postgres
--

SELECT pg_catalog.setval('default_schema."relatedEvents_id_seq"', 10, true);


--
-- TOC entry 5238 (class 0 OID 0)
-- Dependencies: 231
-- Name: religions_id_seq; Type: SEQUENCE SET; Schema: default_schema; Owner: postgres
--

SELECT pg_catalog.setval('default_schema.religions_id_seq', 5, true);


--
-- TOC entry 5239 (class 0 OID 0)
-- Dependencies: 233
-- Name: resources_id_seq; Type: SEQUENCE SET; Schema: default_schema; Owner: postgres
--

SELECT pg_catalog.setval('default_schema.resources_id_seq', 8, true);


--
-- TOC entry 5240 (class 0 OID 0)
-- Dependencies: 235
-- Name: socialgroups_id_seq; Type: SEQUENCE SET; Schema: default_schema; Owner: postgres
--

SELECT pg_catalog.setval('default_schema.socialgroups_id_seq', 5, true);


--
-- TOC entry 5241 (class 0 OID 0)
-- Dependencies: 251
-- Name: tradeagreements_id_seq; Type: SEQUENCE SET; Schema: default_schema; Owner: postgres
--

SELECT pg_catalog.setval('default_schema.tradeagreements_id_seq', 5, true);


--
-- TOC entry 5242 (class 0 OID 0)
-- Dependencies: 274
-- Name: troops_id_seq; Type: SEQUENCE SET; Schema: default_schema; Owner: postgres
--

SELECT pg_catalog.setval('default_schema.troops_id_seq', 8, true);


--
-- TOC entry 5243 (class 0 OID 0)
-- Dependencies: 264
-- Name: unitOrders_id_seq; Type: SEQUENCE SET; Schema: default_schema; Owner: postgres
--

SELECT pg_catalog.setval('default_schema."unitOrders_id_seq"', 10, true);


--
-- TOC entry 5244 (class 0 OID 0)
-- Dependencies: 237
-- Name: unitTypes_id_seq; Type: SEQUENCE SET; Schema: default_schema; Owner: postgres
--

SELECT pg_catalog.setval('default_schema."unitTypes_id_seq"', 5, true);


--
-- TOC entry 5245 (class 0 OID 0)
-- Dependencies: 239
-- Name: usedResources_id_seq; Type: SEQUENCE SET; Schema: default_schema; Owner: postgres
--

SELECT pg_catalog.setval('default_schema."usedResources_id_seq"', 10, true);


--
-- TOC entry 5246 (class 0 OID 0)
-- Dependencies: 272
-- Name: wantedresources_id_seq; Type: SEQUENCE SET; Schema: default_schema; Owner: postgres
--

SELECT pg_catalog.setval('default_schema.wantedresources_id_seq', 5, true);


--
-- TOC entry 4960 (class 2606 OID 41554)
-- Name: gameaccess PK_gameaccess; Type: CONSTRAINT; Schema: Global; Owner: postgres
--

ALTER TABLE ONLY "Global".gameaccess
    ADD CONSTRAINT "PK_gameaccess" PRIMARY KEY ("fk_Users", "fk_Games");


--
-- TOC entry 4957 (class 2606 OID 41543)
-- Name: games PK_games; Type: CONSTRAINT; Schema: Global; Owner: postgres
--

ALTER TABLE ONLY "Global".games
    ADD CONSTRAINT "PK_games" PRIMARY KEY (id);


--
-- TOC entry 4953 (class 2606 OID 41535)
-- Name: users PK_users; Type: CONSTRAINT; Schema: Global; Owner: postgres
--

ALTER TABLE ONLY "Global".users
    ADD CONSTRAINT "PK_users" PRIMARY KEY (id);


--
-- TOC entry 4913 (class 2606 OID 41335)
-- Name: accessToUnits PK_accessToUnits; Type: CONSTRAINT; Schema: default_schema; Owner: postgres
--

ALTER TABLE ONLY default_schema."accessToUnits"
    ADD CONSTRAINT "PK_accessToUnits" PRIMARY KEY (id);


--
-- TOC entry 4899 (class 2606 OID 41273)
-- Name: accessestonations PK_accessestonations; Type: CONSTRAINT; Schema: default_schema; Owner: postgres
--

ALTER TABLE ONLY default_schema.accessestonations
    ADD CONSTRAINT "PK_accessestonations" PRIMARY KEY (id);


--
-- TOC entry 4879 (class 2606 OID 41190)
-- Name: actions PK_actions; Type: CONSTRAINT; Schema: default_schema; Owner: postgres
--

ALTER TABLE ONLY default_schema.actions
    ADD CONSTRAINT "PK_actions" PRIMARY KEY (id);


--
-- TOC entry 4929 (class 2606 OID 41401)
-- Name: armies PK_armies; Type: CONSTRAINT; Schema: default_schema; Owner: postgres
--

ALTER TABLE ONLY default_schema.armies
    ADD CONSTRAINT "PK_armies" PRIMARY KEY (id);


--
-- TOC entry 4856 (class 2606 OID 41112)
-- Name: cultures PK_cultures; Type: CONSTRAINT; Schema: default_schema; Owner: postgres
--

ALTER TABLE ONLY default_schema.cultures
    ADD CONSTRAINT "PK_cultures" PRIMARY KEY (id);


--
-- TOC entry 4858 (class 2606 OID 41120)
-- Name: events PK_events; Type: CONSTRAINT; Schema: default_schema; Owner: postgres
--

ALTER TABLE ONLY default_schema.events
    ADD CONSTRAINT "PK_events" PRIMARY KEY (id);


--
-- TOC entry 4882 (class 2606 OID 41203)
-- Name: factions PK_factions; Type: CONSTRAINT; Schema: default_schema; Owner: postgres
--

ALTER TABLE ONLY default_schema.factions
    ADD CONSTRAINT "PK_factions" PRIMARY KEY (id);


--
-- TOC entry 4885 (class 2606 OID 41214)
-- Name: locations PK_locations; Type: CONSTRAINT; Schema: default_schema; Owner: postgres
--

ALTER TABLE ONLY default_schema.locations
    ADD CONSTRAINT "PK_locations" PRIMARY KEY (id);


--
-- TOC entry 4887 (class 2606 OID 41225)
-- Name: locationsResources PK_locationsResources; Type: CONSTRAINT; Schema: default_schema; Owner: postgres
--

ALTER TABLE ONLY default_schema."locationsResources"
    ADD CONSTRAINT "PK_locationsResources" PRIMARY KEY (id);


--
-- TOC entry 4917 (class 2606 OID 41351)
-- Name: maintenanceCosts PK_maintenanceCosts; Type: CONSTRAINT; Schema: default_schema; Owner: postgres
--

ALTER TABLE ONLY default_schema."maintenanceCosts"
    ADD CONSTRAINT "PK_maintenanceCosts" PRIMARY KEY (id);


--
-- TOC entry 4860 (class 2606 OID 41128)
-- Name: map PK_map; Type: CONSTRAINT; Schema: default_schema; Owner: postgres
--

ALTER TABLE ONLY default_schema.map
    ADD CONSTRAINT "PK_map" PRIMARY KEY (id);


--
-- TOC entry 4902 (class 2606 OID 41288)
-- Name: mapAccess PK_mapAccess; Type: CONSTRAINT; Schema: default_schema; Owner: postgres
--

ALTER TABLE ONLY default_schema."mapAccess"
    ADD CONSTRAINT "PK_mapAccess" PRIMARY KEY ("fk_Nations", "fk_Maps");


--
-- TOC entry 4909 (class 2606 OID 41304)
-- Name: modifiers PK_modifiers; Type: CONSTRAINT; Schema: default_schema; Owner: postgres
--

ALTER TABLE ONLY default_schema.modifiers
    ADD CONSTRAINT "PK_modifiers" PRIMARY KEY (id);


--
-- TOC entry 4862 (class 2606 OID 41136)
-- Name: nations PK_nations; Type: CONSTRAINT; Schema: default_schema; Owner: postgres
--

ALTER TABLE ONLY default_schema.nations
    ADD CONSTRAINT "PK_nations" PRIMARY KEY (id);


--
-- TOC entry 4939 (class 2606 OID 41443)
-- Name: offeredresources PK_offeredresources; Type: CONSTRAINT; Schema: default_schema; Owner: postgres
--

ALTER TABLE ONLY default_schema.offeredresources
    ADD CONSTRAINT "PK_offeredresources" PRIMARY KEY (id);


--
-- TOC entry 4864 (class 2606 OID 41142)
-- Name: players PK_players; Type: CONSTRAINT; Schema: default_schema; Owner: postgres
--

ALTER TABLE ONLY default_schema.players
    ADD CONSTRAINT "PK_players" PRIMARY KEY (id);


--
-- TOC entry 4935 (class 2606 OID 41417)
-- Name: populations PK_populations; Type: CONSTRAINT; Schema: default_schema; Owner: postgres
--

ALTER TABLE ONLY default_schema.populations
    ADD CONSTRAINT "PK_populations" PRIMARY KEY (id);


--
-- TOC entry 4921 (class 2606 OID 41367)
-- Name: productionCost PK_productionCost; Type: CONSTRAINT; Schema: default_schema; Owner: postgres
--

ALTER TABLE ONLY default_schema."productionCost"
    ADD CONSTRAINT "PK_productionCost" PRIMARY KEY (id);


--
-- TOC entry 4866 (class 2606 OID 41148)
-- Name: productionShares PK_productionShares; Type: CONSTRAINT; Schema: default_schema; Owner: postgres
--

ALTER TABLE ONLY default_schema."productionShares"
    ADD CONSTRAINT "PK_productionShares" PRIMARY KEY (id);


--
-- TOC entry 4891 (class 2606 OID 41241)
-- Name: relatedEvents PK_relatedEvents; Type: CONSTRAINT; Schema: default_schema; Owner: postgres
--

ALTER TABLE ONLY default_schema."relatedEvents"
    ADD CONSTRAINT "PK_relatedEvents" PRIMARY KEY (id);


--
-- TOC entry 4868 (class 2606 OID 41154)
-- Name: religions PK_religions; Type: CONSTRAINT; Schema: default_schema; Owner: postgres
--

ALTER TABLE ONLY default_schema.religions
    ADD CONSTRAINT "PK_religions" PRIMARY KEY (id);


--
-- TOC entry 4870 (class 2606 OID 41162)
-- Name: resources PK_resources; Type: CONSTRAINT; Schema: default_schema; Owner: postgres
--

ALTER TABLE ONLY default_schema.resources
    ADD CONSTRAINT "PK_resources" PRIMARY KEY (id);


--
-- TOC entry 4872 (class 2606 OID 41168)
-- Name: socialgroups PK_socialgroups; Type: CONSTRAINT; Schema: default_schema; Owner: postgres
--

ALTER TABLE ONLY default_schema.socialgroups
    ADD CONSTRAINT "PK_socialgroups" PRIMARY KEY (id);


--
-- TOC entry 4895 (class 2606 OID 41257)
-- Name: tradeagreements PK_tradeagreements; Type: CONSTRAINT; Schema: default_schema; Owner: postgres
--

ALTER TABLE ONLY default_schema.tradeagreements
    ADD CONSTRAINT "PK_tradeagreements" PRIMARY KEY (id);


--
-- TOC entry 4947 (class 2606 OID 41475)
-- Name: troops PK_troops; Type: CONSTRAINT; Schema: default_schema; Owner: postgres
--

ALTER TABLE ONLY default_schema.troops
    ADD CONSTRAINT "PK_troops" PRIMARY KEY (id);


--
-- TOC entry 4925 (class 2606 OID 41383)
-- Name: unitOrders PK_unitOrders; Type: CONSTRAINT; Schema: default_schema; Owner: postgres
--

ALTER TABLE ONLY default_schema."unitOrders"
    ADD CONSTRAINT "PK_unitOrders" PRIMARY KEY (id);


--
-- TOC entry 4874 (class 2606 OID 41176)
-- Name: unitTypes PK_unitTypes; Type: CONSTRAINT; Schema: default_schema; Owner: postgres
--

ALTER TABLE ONLY default_schema."unitTypes"
    ADD CONSTRAINT "PK_unitTypes" PRIMARY KEY (id);


--
-- TOC entry 4876 (class 2606 OID 41182)
-- Name: usedResources PK_usedResources; Type: CONSTRAINT; Schema: default_schema; Owner: postgres
--

ALTER TABLE ONLY default_schema."usedResources"
    ADD CONSTRAINT "PK_usedResources" PRIMARY KEY (id);


--
-- TOC entry 4943 (class 2606 OID 41459)
-- Name: wantedresources PK_wantedresources; Type: CONSTRAINT; Schema: default_schema; Owner: postgres
--

ALTER TABLE ONLY default_schema.wantedresources
    ADD CONSTRAINT "PK_wantedresources" PRIMARY KEY (id);


--
-- TOC entry 4949 (class 2606 OID 41526)
-- Name: __EFMigrationsHistory PK___EFMigrationsHistory; Type: CONSTRAINT; Schema: public; Owner: postgres
--

ALTER TABLE ONLY public."__EFMigrationsHistory"
    ADD CONSTRAINT "PK___EFMigrationsHistory" PRIMARY KEY ("MigrationId");


--
-- TOC entry 4958 (class 1259 OID 41565)
-- Name: IX_gameaccess_fk_Games; Type: INDEX; Schema: Global; Owner: postgres
--

CREATE INDEX "IX_gameaccess_fk_Games" ON "Global".gameaccess USING btree ("fk_Games");


--
-- TOC entry 4954 (class 1259 OID 41566)
-- Name: IX_games_name; Type: INDEX; Schema: Global; Owner: postgres
--

CREATE UNIQUE INDEX "IX_games_name" ON "Global".games USING btree (name);


--
-- TOC entry 4955 (class 1259 OID 41567)
-- Name: IX_games_ownerId; Type: INDEX; Schema: Global; Owner: postgres
--

CREATE INDEX "IX_games_ownerId" ON "Global".games USING btree ("ownerId");


--
-- TOC entry 4950 (class 1259 OID 41568)
-- Name: IX_users_email; Type: INDEX; Schema: Global; Owner: postgres
--

CREATE UNIQUE INDEX "IX_users_email" ON "Global".users USING btree (email);


--
-- TOC entry 4951 (class 1259 OID 41569)
-- Name: IX_users_name; Type: INDEX; Schema: Global; Owner: postgres
--

CREATE UNIQUE INDEX "IX_users_name" ON "Global".users USING btree (name);


--
-- TOC entry 4910 (class 1259 OID 41489)
-- Name: IX_accessToUnits_fk_Nations; Type: INDEX; Schema: default_schema; Owner: postgres
--

CREATE INDEX "IX_accessToUnits_fk_Nations" ON default_schema."accessToUnits" USING btree ("fk_Nation");


--
-- TOC entry 4911 (class 1259 OID 41488)
-- Name: IX_accessToUnits_fk_UnitTypes; Type: INDEX; Schema: default_schema; Owner: postgres
--

CREATE INDEX "IX_accessToUnits_fk_UnitTypes" ON default_schema."accessToUnits" USING btree ("fk_UnitTypes");


--
-- TOC entry 4896 (class 1259 OID 41486)
-- Name: IX_accessestonations_fk_nations; Type: INDEX; Schema: default_schema; Owner: postgres
--

CREATE INDEX "IX_accessestonations_fk_nations" ON default_schema.accessestonations USING btree (fk_nations);


--
-- TOC entry 4897 (class 1259 OID 41487)
-- Name: IX_accessestonations_fk_users; Type: INDEX; Schema: default_schema; Owner: postgres
--

CREATE INDEX "IX_accessestonations_fk_users" ON default_schema.accessestonations USING btree (fk_users);


--
-- TOC entry 4877 (class 1259 OID 41490)
-- Name: IX_actions_fk_Nations; Type: INDEX; Schema: default_schema; Owner: postgres
--

CREATE INDEX "IX_actions_fk_Nations" ON default_schema.actions USING btree ("fk_Nations");


--
-- TOC entry 4926 (class 1259 OID 41491)
-- Name: IX_armies_fk_Locations; Type: INDEX; Schema: default_schema; Owner: postgres
--

CREATE INDEX "IX_armies_fk_Locations" ON default_schema.armies USING btree ("fk_Locations");


--
-- TOC entry 4927 (class 1259 OID 41492)
-- Name: IX_armies_fk_Nations; Type: INDEX; Schema: default_schema; Owner: postgres
--

CREATE INDEX "IX_armies_fk_Nations" ON default_schema.armies USING btree ("fk_Nations");


--
-- TOC entry 4880 (class 1259 OID 41493)
-- Name: IX_factions_fk_Nations; Type: INDEX; Schema: default_schema; Owner: postgres
--

CREATE INDEX "IX_factions_fk_Nations" ON default_schema.factions USING btree ("fk_Nations");


--
-- TOC entry 4883 (class 1259 OID 41494)
-- Name: IX_locations_fk_nations; Type: INDEX; Schema: default_schema; Owner: postgres
--

CREATE INDEX "IX_locations_fk_nations" ON default_schema.locations USING btree (fk_nations);


--
-- TOC entry 4914 (class 1259 OID 41495)
-- Name: IX_maintenanceCosts_fk_Resources; Type: INDEX; Schema: default_schema; Owner: postgres
--

CREATE INDEX "IX_maintenanceCosts_fk_Resources" ON default_schema."maintenanceCosts" USING btree ("fk_Resources");


--
-- TOC entry 4915 (class 1259 OID 41496)
-- Name: IX_maintenanceCosts_fk_UnitTypes; Type: INDEX; Schema: default_schema; Owner: postgres
--

CREATE INDEX "IX_maintenanceCosts_fk_UnitTypes" ON default_schema."maintenanceCosts" USING btree ("fk_UnitTypes");


--
-- TOC entry 4900 (class 1259 OID 41497)
-- Name: IX_mapAccess_fk_Maps; Type: INDEX; Schema: default_schema; Owner: postgres
--

CREATE INDEX "IX_mapAccess_fk_Maps" ON default_schema."mapAccess" USING btree ("fk_Maps");


--
-- TOC entry 4903 (class 1259 OID 41498)
-- Name: IX_modifiers_fk_Cultures; Type: INDEX; Schema: default_schema; Owner: postgres
--

CREATE INDEX "IX_modifiers_fk_Cultures" ON default_schema.modifiers USING btree ("fk_Cultures");


--
-- TOC entry 4904 (class 1259 OID 41499)
-- Name: IX_modifiers_fk_Events; Type: INDEX; Schema: default_schema; Owner: postgres
--

CREATE INDEX "IX_modifiers_fk_Events" ON default_schema.modifiers USING btree ("fk_Events");


--
-- TOC entry 4905 (class 1259 OID 41500)
-- Name: IX_modifiers_fk_Religion; Type: INDEX; Schema: default_schema; Owner: postgres
--

CREATE INDEX "IX_modifiers_fk_Religion" ON default_schema.modifiers USING btree ("fk_Religion");


--
-- TOC entry 4906 (class 1259 OID 41501)
-- Name: IX_modifiers_fk_Resources; Type: INDEX; Schema: default_schema; Owner: postgres
--

CREATE INDEX "IX_modifiers_fk_Resources" ON default_schema.modifiers USING btree ("fk_Resources");


--
-- TOC entry 4907 (class 1259 OID 41502)
-- Name: IX_modifiers_fk_SocialGroups; Type: INDEX; Schema: default_schema; Owner: postgres
--

CREATE INDEX "IX_modifiers_fk_SocialGroups" ON default_schema.modifiers USING btree ("fk_SocialGroups");


--
-- TOC entry 4936 (class 1259 OID 41503)
-- Name: IX_offeredresources_fk_resource; Type: INDEX; Schema: default_schema; Owner: postgres
--

CREATE INDEX "IX_offeredresources_fk_resource" ON default_schema.offeredresources USING btree (fk_resource);


--
-- TOC entry 4937 (class 1259 OID 41504)
-- Name: IX_offeredresources_fk_tradeagreement; Type: INDEX; Schema: default_schema; Owner: postgres
--

CREATE INDEX "IX_offeredresources_fk_tradeagreement" ON default_schema.offeredresources USING btree (fk_tradeagreement);


--
-- TOC entry 4930 (class 1259 OID 41505)
-- Name: IX_populations_fk_cultures; Type: INDEX; Schema: default_schema; Owner: postgres
--

CREATE INDEX "IX_populations_fk_cultures" ON default_schema.populations USING btree (fk_cultures);


--
-- TOC entry 4931 (class 1259 OID 41506)
-- Name: IX_populations_fk_locations; Type: INDEX; Schema: default_schema; Owner: postgres
--

CREATE INDEX "IX_populations_fk_locations" ON default_schema.populations USING btree (fk_locations);


--
-- TOC entry 4932 (class 1259 OID 41507)
-- Name: IX_populations_fk_religions; Type: INDEX; Schema: default_schema; Owner: postgres
--

CREATE INDEX "IX_populations_fk_religions" ON default_schema.populations USING btree (fk_religions);


--
-- TOC entry 4933 (class 1259 OID 41508)
-- Name: IX_populations_fk_socialgroups; Type: INDEX; Schema: default_schema; Owner: postgres
--

CREATE INDEX "IX_populations_fk_socialgroups" ON default_schema.populations USING btree (fk_socialgroups);


--
-- TOC entry 4918 (class 1259 OID 41509)
-- Name: IX_productionCost_fk_Resources; Type: INDEX; Schema: default_schema; Owner: postgres
--

CREATE INDEX "IX_productionCost_fk_Resources" ON default_schema."productionCost" USING btree ("fk_Resources");


--
-- TOC entry 4919 (class 1259 OID 41510)
-- Name: IX_productionCost_fk_UnitTypes; Type: INDEX; Schema: default_schema; Owner: postgres
--

CREATE INDEX "IX_productionCost_fk_UnitTypes" ON default_schema."productionCost" USING btree ("fk_UnitTypes");


--
-- TOC entry 4888 (class 1259 OID 41511)
-- Name: IX_relatedEvents_fk_Events; Type: INDEX; Schema: default_schema; Owner: postgres
--

CREATE INDEX "IX_relatedEvents_fk_Events" ON default_schema."relatedEvents" USING btree ("fk_Events");


--
-- TOC entry 4889 (class 1259 OID 41512)
-- Name: IX_relatedEvents_fk_Nations; Type: INDEX; Schema: default_schema; Owner: postgres
--

CREATE INDEX "IX_relatedEvents_fk_Nations" ON default_schema."relatedEvents" USING btree ("fk_Nations");


--
-- TOC entry 4892 (class 1259 OID 41513)
-- Name: IX_tradeagreements_fk_nationoffering; Type: INDEX; Schema: default_schema; Owner: postgres
--

CREATE INDEX "IX_tradeagreements_fk_nationoffering" ON default_schema.tradeagreements USING btree (fk_nationoffering);


--
-- TOC entry 4893 (class 1259 OID 41514)
-- Name: IX_tradeagreements_fk_nationreceiving; Type: INDEX; Schema: default_schema; Owner: postgres
--

CREATE INDEX "IX_tradeagreements_fk_nationreceiving" ON default_schema.tradeagreements USING btree (fk_nationreceiving);


--
-- TOC entry 4944 (class 1259 OID 41515)
-- Name: IX_troops_fk_Armies; Type: INDEX; Schema: default_schema; Owner: postgres
--

CREATE INDEX "IX_troops_fk_Armies" ON default_schema.troops USING btree ("fk_Armies");


--
-- TOC entry 4945 (class 1259 OID 41516)
-- Name: IX_troops_fk_UnitTypes; Type: INDEX; Schema: default_schema; Owner: postgres
--

CREATE INDEX "IX_troops_fk_UnitTypes" ON default_schema.troops USING btree ("fk_UnitTypes");


--
-- TOC entry 4922 (class 1259 OID 41517)
-- Name: IX_unitOrders_fk_Nations; Type: INDEX; Schema: default_schema; Owner: postgres
--

CREATE INDEX "IX_unitOrders_fk_Nations" ON default_schema."unitOrders" USING btree ("fk_Nations");


--
-- TOC entry 4923 (class 1259 OID 41518)
-- Name: IX_unitOrders_fk_UnitTypes; Type: INDEX; Schema: default_schema; Owner: postgres
--

CREATE INDEX "IX_unitOrders_fk_UnitTypes" ON default_schema."unitOrders" USING btree ("fk_UnitTypes");


--
-- TOC entry 4940 (class 1259 OID 41519)
-- Name: IX_wantedresources_fk_resource; Type: INDEX; Schema: default_schema; Owner: postgres
--

CREATE INDEX "IX_wantedresources_fk_resource" ON default_schema.wantedresources USING btree (fk_resource);


--
-- TOC entry 4941 (class 1259 OID 41520)
-- Name: IX_wantedresources_fk_tradeagreement; Type: INDEX; Schema: default_schema; Owner: postgres
--

CREATE INDEX "IX_wantedresources_fk_tradeagreement" ON default_schema.wantedresources USING btree (fk_tradeagreement);


--
-- TOC entry 5000 (class 2606 OID 41555)
-- Name: gameaccess FK_gameaccess_games_fk_Games; Type: FK CONSTRAINT; Schema: Global; Owner: postgres
--

ALTER TABLE ONLY "Global".gameaccess
    ADD CONSTRAINT "FK_gameaccess_games_fk_Games" FOREIGN KEY ("fk_Games") REFERENCES "Global".games(id) ON DELETE CASCADE;


--
-- TOC entry 5001 (class 2606 OID 41560)
-- Name: gameaccess FK_gameaccess_users_fk_Users; Type: FK CONSTRAINT; Schema: Global; Owner: postgres
--

ALTER TABLE ONLY "Global".gameaccess
    ADD CONSTRAINT "FK_gameaccess_users_fk_Users" FOREIGN KEY ("fk_Users") REFERENCES "Global".users(id) ON DELETE CASCADE;


--
-- TOC entry 4999 (class 2606 OID 41544)
-- Name: games FK_games_users_ownerId; Type: FK CONSTRAINT; Schema: Global; Owner: postgres
--

ALTER TABLE ONLY "Global".games
    ADD CONSTRAINT "FK_games_users_ownerId" FOREIGN KEY ("ownerId") REFERENCES "Global".users(id) ON DELETE CASCADE;


--
-- TOC entry 4979 (class 2606 OID 41336)
-- Name: accessToUnits FK_accessToUnits_nations_fk_Nations; Type: FK CONSTRAINT; Schema: default_schema; Owner: postgres
--

ALTER TABLE ONLY default_schema."accessToUnits"
    ADD CONSTRAINT "FK_accessToUnits_nations_fk_Nations" FOREIGN KEY ("fk_Nation") REFERENCES default_schema.nations(id) ON DELETE CASCADE;


--
-- TOC entry 4980 (class 2606 OID 41341)
-- Name: accessToUnits FK_accessToUnits_unitTypes_fk_UnitTypes; Type: FK CONSTRAINT; Schema: default_schema; Owner: postgres
--

ALTER TABLE ONLY default_schema."accessToUnits"
    ADD CONSTRAINT "FK_accessToUnits_unitTypes_fk_UnitTypes" FOREIGN KEY ("fk_UnitTypes") REFERENCES default_schema."unitTypes"(id) ON DELETE CASCADE;


--
-- TOC entry 4970 (class 2606 OID 41274)
-- Name: accessestonations FK_accessestonations_nations_fk_nations; Type: FK CONSTRAINT; Schema: default_schema; Owner: postgres
--

ALTER TABLE ONLY default_schema.accessestonations
    ADD CONSTRAINT "FK_accessestonations_nations_fk_nations" FOREIGN KEY (fk_nations) REFERENCES default_schema.nations(id) ON DELETE CASCADE;


--
-- TOC entry 4971 (class 2606 OID 41279)
-- Name: accessestonations FK_accessestonations_players_fk_users; Type: FK CONSTRAINT; Schema: default_schema; Owner: postgres
--

ALTER TABLE ONLY default_schema.accessestonations
    ADD CONSTRAINT "FK_accessestonations_players_fk_users" FOREIGN KEY (fk_users) REFERENCES default_schema.players(id) ON DELETE CASCADE;


--
-- TOC entry 4961 (class 2606 OID 41191)
-- Name: actions FK_actions_nations_fk_Nations; Type: FK CONSTRAINT; Schema: default_schema; Owner: postgres
--

ALTER TABLE ONLY default_schema.actions
    ADD CONSTRAINT "FK_actions_nations_fk_Nations" FOREIGN KEY ("fk_Nations") REFERENCES default_schema.nations(id) ON DELETE CASCADE;


--
-- TOC entry 4987 (class 2606 OID 41402)
-- Name: armies FK_armies_locations_fk_Locations; Type: FK CONSTRAINT; Schema: default_schema; Owner: postgres
--

ALTER TABLE ONLY default_schema.armies
    ADD CONSTRAINT "FK_armies_locations_fk_Locations" FOREIGN KEY ("fk_Locations") REFERENCES default_schema.locations(id) ON DELETE CASCADE;


--
-- TOC entry 4988 (class 2606 OID 41407)
-- Name: armies FK_armies_nations_fk_Nations; Type: FK CONSTRAINT; Schema: default_schema; Owner: postgres
--

ALTER TABLE ONLY default_schema.armies
    ADD CONSTRAINT "FK_armies_nations_fk_Nations" FOREIGN KEY ("fk_Nations") REFERENCES default_schema.nations(id) ON DELETE CASCADE;


--
-- TOC entry 4962 (class 2606 OID 41204)
-- Name: factions FK_factions_nations_fk_Nations; Type: FK CONSTRAINT; Schema: default_schema; Owner: postgres
--

ALTER TABLE ONLY default_schema.factions
    ADD CONSTRAINT "FK_factions_nations_fk_Nations" FOREIGN KEY ("fk_Nations") REFERENCES default_schema.nations(id) ON DELETE CASCADE;


--
-- TOC entry 4964 (class 2606 OID 41226)
-- Name: locationsResources FK_locationsResources_locations_fk_Locations; Type: FK CONSTRAINT; Schema: default_schema; Owner: postgres
--

ALTER TABLE ONLY default_schema."locationsResources"
    ADD CONSTRAINT "FK_locationsResources_locations_fk_Locations" FOREIGN KEY ("fk_Locations") REFERENCES default_schema.locations(id) ON DELETE CASCADE;


--
-- TOC entry 4965 (class 2606 OID 41231)
-- Name: locationsResources FK_locationsResources_resources_fk_Resources; Type: FK CONSTRAINT; Schema: default_schema; Owner: postgres
--

ALTER TABLE ONLY default_schema."locationsResources"
    ADD CONSTRAINT "FK_locationsResources_resources_fk_Resources" FOREIGN KEY ("fk_Resources") REFERENCES default_schema.resources(id) ON DELETE CASCADE;


--
-- TOC entry 4963 (class 2606 OID 41215)
-- Name: locations FK_locations_nations_fk_nations; Type: FK CONSTRAINT; Schema: default_schema; Owner: postgres
--

ALTER TABLE ONLY default_schema.locations
    ADD CONSTRAINT "FK_locations_nations_fk_nations" FOREIGN KEY (fk_nations) REFERENCES default_schema.nations(id) ON DELETE CASCADE;


--
-- TOC entry 4981 (class 2606 OID 41352)
-- Name: maintenanceCosts FK_maintenanceCosts_resources_fk_Resources; Type: FK CONSTRAINT; Schema: default_schema; Owner: postgres
--

ALTER TABLE ONLY default_schema."maintenanceCosts"
    ADD CONSTRAINT "FK_maintenanceCosts_resources_fk_Resources" FOREIGN KEY ("fk_Resources") REFERENCES default_schema.resources(id) ON DELETE CASCADE;


--
-- TOC entry 4982 (class 2606 OID 41357)
-- Name: maintenanceCosts FK_maintenanceCosts_unitTypes_fk_UnitTypes; Type: FK CONSTRAINT; Schema: default_schema; Owner: postgres
--

ALTER TABLE ONLY default_schema."maintenanceCosts"
    ADD CONSTRAINT "FK_maintenanceCosts_unitTypes_fk_UnitTypes" FOREIGN KEY ("fk_UnitTypes") REFERENCES default_schema."unitTypes"(id) ON DELETE CASCADE;


--
-- TOC entry 4972 (class 2606 OID 41289)
-- Name: mapAccess FK_mapAccess_map_fk_Maps; Type: FK CONSTRAINT; Schema: default_schema; Owner: postgres
--

ALTER TABLE ONLY default_schema."mapAccess"
    ADD CONSTRAINT "FK_mapAccess_map_fk_Maps" FOREIGN KEY ("fk_Maps") REFERENCES default_schema.map(id) ON DELETE CASCADE;


--
-- TOC entry 4973 (class 2606 OID 41294)
-- Name: mapAccess FK_mapAccess_players_fk_Users; Type: FK CONSTRAINT; Schema: default_schema; Owner: postgres
--

ALTER TABLE ONLY default_schema."mapAccess"
    ADD CONSTRAINT "FK_mapAccess_players_fk_Nations" FOREIGN KEY ("fk_Nations") REFERENCES default_schema.nations(id) ON DELETE CASCADE;


--
-- TOC entry 4974 (class 2606 OID 41305)
-- Name: modifiers FK_modifiers_cultures_fk_Cultures; Type: FK CONSTRAINT; Schema: default_schema; Owner: postgres
--

ALTER TABLE ONLY default_schema.modifiers
    ADD CONSTRAINT "FK_modifiers_cultures_fk_Cultures" FOREIGN KEY ("fk_Cultures") REFERENCES default_schema.cultures(id);


--
-- TOC entry 4975 (class 2606 OID 41310)
-- Name: modifiers FK_modifiers_events_fk_Events; Type: FK CONSTRAINT; Schema: default_schema; Owner: postgres
--

ALTER TABLE ONLY default_schema.modifiers
    ADD CONSTRAINT "FK_modifiers_events_fk_Events" FOREIGN KEY ("fk_Events") REFERENCES default_schema.events(id) ON DELETE CASCADE;


--
-- TOC entry 4976 (class 2606 OID 41315)
-- Name: modifiers FK_modifiers_religions_fk_Religion; Type: FK CONSTRAINT; Schema: default_schema; Owner: postgres
--

ALTER TABLE ONLY default_schema.modifiers
    ADD CONSTRAINT "FK_modifiers_religions_fk_Religion" FOREIGN KEY ("fk_Religion") REFERENCES default_schema.religions(id);


--
-- TOC entry 4977 (class 2606 OID 41320)
-- Name: modifiers FK_modifiers_resources_fk_Resources; Type: FK CONSTRAINT; Schema: default_schema; Owner: postgres
--

ALTER TABLE ONLY default_schema.modifiers
    ADD CONSTRAINT "FK_modifiers_resources_fk_Resources" FOREIGN KEY ("fk_Resources") REFERENCES default_schema.resources(id);


--
-- TOC entry 4978 (class 2606 OID 41325)
-- Name: modifiers FK_modifiers_socialgroups_fk_SocialGroups; Type: FK CONSTRAINT; Schema: default_schema; Owner: postgres
--

ALTER TABLE ONLY default_schema.modifiers
    ADD CONSTRAINT "FK_modifiers_socialgroups_fk_SocialGroups" FOREIGN KEY ("fk_SocialGroups") REFERENCES default_schema.socialgroups(id);


--
-- TOC entry 4993 (class 2606 OID 41444)
-- Name: offeredresources FK_offeredresources_resources_fk_resource; Type: FK CONSTRAINT; Schema: default_schema; Owner: postgres
--

ALTER TABLE ONLY default_schema.offeredresources
    ADD CONSTRAINT "FK_offeredresources_resources_fk_resource" FOREIGN KEY (fk_resource) REFERENCES default_schema.resources(id) ON DELETE CASCADE;


--
-- TOC entry 4994 (class 2606 OID 41449)
-- Name: offeredresources FK_offeredresources_tradeagreements_fk_tradeagreement; Type: FK CONSTRAINT; Schema: default_schema; Owner: postgres
--

ALTER TABLE ONLY default_schema.offeredresources
    ADD CONSTRAINT "FK_offeredresources_tradeagreements_fk_tradeagreement" FOREIGN KEY (fk_tradeagreement) REFERENCES default_schema.tradeagreements(id) ON DELETE CASCADE;


--
-- TOC entry 4989 (class 2606 OID 41418)
-- Name: populations FK_populations_cultures_fk_cultures; Type: FK CONSTRAINT; Schema: default_schema; Owner: postgres
--

ALTER TABLE ONLY default_schema.populations
    ADD CONSTRAINT "FK_populations_cultures_fk_cultures" FOREIGN KEY (fk_cultures) REFERENCES default_schema.cultures(id) ON DELETE CASCADE;


--
-- TOC entry 4990 (class 2606 OID 41423)
-- Name: populations FK_populations_locations_fk_locations; Type: FK CONSTRAINT; Schema: default_schema; Owner: postgres
--

ALTER TABLE ONLY default_schema.populations
    ADD CONSTRAINT "FK_populations_locations_fk_locations" FOREIGN KEY (fk_locations) REFERENCES default_schema.locations(id) ON DELETE CASCADE;


--
-- TOC entry 4991 (class 2606 OID 41428)
-- Name: populations FK_populations_religions_fk_religions; Type: FK CONSTRAINT; Schema: default_schema; Owner: postgres
--

ALTER TABLE ONLY default_schema.populations
    ADD CONSTRAINT "FK_populations_religions_fk_religions" FOREIGN KEY (fk_religions) REFERENCES default_schema.religions(id) ON DELETE CASCADE;


--
-- TOC entry 4992 (class 2606 OID 41433)
-- Name: populations FK_populations_socialgroups_fk_socialgroups; Type: FK CONSTRAINT; Schema: default_schema; Owner: postgres
--

ALTER TABLE ONLY default_schema.populations
    ADD CONSTRAINT "FK_populations_socialgroups_fk_socialgroups" FOREIGN KEY (fk_socialgroups) REFERENCES default_schema.socialgroups(id) ON DELETE CASCADE;


--
-- TOC entry 4983 (class 2606 OID 41368)
-- Name: productionCost FK_productionCost_resources_fk_Resources; Type: FK CONSTRAINT; Schema: default_schema; Owner: postgres
--

ALTER TABLE ONLY default_schema."productionCost"
    ADD CONSTRAINT "FK_productionCost_resources_fk_Resources" FOREIGN KEY ("fk_Resources") REFERENCES default_schema.resources(id) ON DELETE CASCADE;


--
-- TOC entry 4984 (class 2606 OID 41373)
-- Name: productionCost FK_productionCost_unitTypes_fk_UnitTypes; Type: FK CONSTRAINT; Schema: default_schema; Owner: postgres
--

ALTER TABLE ONLY default_schema."productionCost"
    ADD CONSTRAINT "FK_productionCost_unitTypes_fk_UnitTypes" FOREIGN KEY ("fk_UnitTypes") REFERENCES default_schema."unitTypes"(id) ON DELETE CASCADE;


--
-- TOC entry 4966 (class 2606 OID 41242)
-- Name: relatedEvents FK_relatedEvents_events_fk_Events; Type: FK CONSTRAINT; Schema: default_schema; Owner: postgres
--

ALTER TABLE ONLY default_schema."relatedEvents"
    ADD CONSTRAINT "FK_relatedEvents_events_fk_Events" FOREIGN KEY ("fk_Events") REFERENCES default_schema.events(id) ON DELETE CASCADE;


--
-- TOC entry 4967 (class 2606 OID 41247)
-- Name: relatedEvents FK_relatedEvents_nations_fk_Nations; Type: FK CONSTRAINT; Schema: default_schema; Owner: postgres
--

ALTER TABLE ONLY default_schema."relatedEvents"
    ADD CONSTRAINT "FK_relatedEvents_nations_fk_Nations" FOREIGN KEY ("fk_Nations") REFERENCES default_schema.nations(id) ON DELETE CASCADE;


--
-- TOC entry 4968 (class 2606 OID 41258)
-- Name: tradeagreements FK_tradeagreements_nations_fk_nationoffering; Type: FK CONSTRAINT; Schema: default_schema; Owner: postgres
--

ALTER TABLE ONLY default_schema.tradeagreements
    ADD CONSTRAINT "FK_tradeagreements_nations_fk_nationoffering" FOREIGN KEY (fk_nationoffering) REFERENCES default_schema.nations(id) ON DELETE CASCADE;


--
-- TOC entry 4969 (class 2606 OID 41263)
-- Name: tradeagreements FK_tradeagreements_nations_fk_nationreceiving; Type: FK CONSTRAINT; Schema: default_schema; Owner: postgres
--

ALTER TABLE ONLY default_schema.tradeagreements
    ADD CONSTRAINT "FK_tradeagreements_nations_fk_nationreceiving" FOREIGN KEY (fk_nationreceiving) REFERENCES default_schema.nations(id) ON DELETE CASCADE;


--
-- TOC entry 4997 (class 2606 OID 41476)
-- Name: troops FK_troops_armies_fk_Armies; Type: FK CONSTRAINT; Schema: default_schema; Owner: postgres
--

ALTER TABLE ONLY default_schema.troops
    ADD CONSTRAINT "FK_troops_armies_fk_Armies" FOREIGN KEY ("fk_Armies") REFERENCES default_schema.armies(id) ON DELETE CASCADE;


--
-- TOC entry 4998 (class 2606 OID 41481)
-- Name: troops FK_troops_unitTypes_fk_UnitTypes; Type: FK CONSTRAINT; Schema: default_schema; Owner: postgres
--

ALTER TABLE ONLY default_schema.troops
    ADD CONSTRAINT "FK_troops_unitTypes_fk_UnitTypes" FOREIGN KEY ("fk_UnitTypes") REFERENCES default_schema."unitTypes"(id) ON DELETE CASCADE;


--
-- TOC entry 4985 (class 2606 OID 41384)
-- Name: unitOrders FK_unitOrders_nations_fk_Nations; Type: FK CONSTRAINT; Schema: default_schema; Owner: postgres
--

ALTER TABLE ONLY default_schema."unitOrders"
    ADD CONSTRAINT "FK_unitOrders_nations_fk_Nations" FOREIGN KEY ("fk_Nations") REFERENCES default_schema.nations(id) ON DELETE CASCADE;


--
-- TOC entry 4986 (class 2606 OID 41389)
-- Name: unitOrders FK_unitOrders_unitTypes_fk_UnitTypes; Type: FK CONSTRAINT; Schema: default_schema; Owner: postgres
--

ALTER TABLE ONLY default_schema."unitOrders"
    ADD CONSTRAINT "FK_unitOrders_unitTypes_fk_UnitTypes" FOREIGN KEY ("fk_UnitTypes") REFERENCES default_schema."unitTypes"(id) ON DELETE CASCADE;


--
-- TOC entry 4995 (class 2606 OID 41460)
-- Name: wantedresources FK_wantedresources_resources_fk_resource; Type: FK CONSTRAINT; Schema: default_schema; Owner: postgres
--

ALTER TABLE ONLY default_schema.wantedresources
    ADD CONSTRAINT "FK_wantedresources_resources_fk_resource" FOREIGN KEY (fk_resource) REFERENCES default_schema.resources(id) ON DELETE CASCADE;


--
-- TOC entry 4996 (class 2606 OID 41465)
-- Name: wantedresources FK_wantedresources_tradeagreements_fk_tradeagreement; Type: FK CONSTRAINT; Schema: default_schema; Owner: postgres
--

ALTER TABLE ONLY default_schema.wantedresources
    ADD CONSTRAINT "FK_wantedresources_tradeagreements_fk_tradeagreement" FOREIGN KEY (fk_tradeagreement) REFERENCES default_schema.tradeagreements(id) ON DELETE CASCADE;


-- Completed on 2025-06-04 22:46:12

--
-- PostgreSQL database dump complete
--

