--
-- PostgreSQL database dump
--

\restrict 2TSejbMcPrk87NhV0ZFwRCpcl1LHY92rN1oKPO1pgv2QQiHXHkt2bhBuXbutBXc

-- Dumped from database version 17.6
-- Dumped by pg_dump version 17.6

-- Started on 2025-10-25 12:54:06

SET statement_timeout = 0;
SET lock_timeout = 0;
SET idle_in_transaction_session_timeout = 0;
SET transaction_timeout = 0;
SET client_encoding = 'UTF8';
SET standard_conforming_strings = on;
SELECT pg_catalog.set_config('search_path', '', false);
SET check_function_bodies = false;
SET xmloption = content;
SET client_min_messages = warning;
SET row_security = off;

--
-- TOC entry 6 (class 2615 OID 25475)
-- Name: Global; Type: SCHEMA; Schema: -; Owner: postgres
--

CREATE SCHEMA "Global";


ALTER SCHEMA "Global" OWNER TO postgres;

--
-- TOC entry 7 (class 2615 OID 25476)
-- Name: game_1; Type: SCHEMA; Schema: -; Owner: postgres
--

CREATE SCHEMA game_1;


ALTER SCHEMA game_1 OWNER TO postgres;

SET default_tablespace = '';

SET default_table_access_method = heap;

--
-- TOC entry 219 (class 1259 OID 25477)
-- Name: gameaccess; Type: TABLE; Schema: Global; Owner: postgres
--

CREATE TABLE "Global".gameaccess (
    id integer NOT NULL,
    "fk_Users" integer NOT NULL,
    "fk_Games" integer NOT NULL,
    "accessType" integer NOT NULL,
    "isArchived" boolean NOT NULL
);


ALTER TABLE "Global".gameaccess OWNER TO postgres;

--
-- TOC entry 220 (class 1259 OID 25480)
-- Name: gameaccess_id_seq; Type: SEQUENCE; Schema: Global; Owner: postgres
--

ALTER TABLE "Global".gameaccess ALTER COLUMN id ADD GENERATED BY DEFAULT AS IDENTITY (
    SEQUENCE NAME "Global".gameaccess_id_seq
    START WITH 1
    INCREMENT BY 1
    NO MINVALUE
    NO MAXVALUE
    CACHE 1
);


--
-- TOC entry 221 (class 1259 OID 25481)
-- Name: games; Type: TABLE; Schema: Global; Owner: postgres
--

CREATE TABLE "Global".games (
    id integer NOT NULL,
    name text NOT NULL,
    description text,
    image text,
    "ownerId" integer NOT NULL,
    game_code text DEFAULT upper(substr(md5((random())::text), 1, 6))
);


ALTER TABLE "Global".games OWNER TO postgres;

--
-- TOC entry 222 (class 1259 OID 25486)
-- Name: games_id_seq; Type: SEQUENCE; Schema: Global; Owner: postgres
--

ALTER TABLE "Global".games ALTER COLUMN id ADD GENERATED BY DEFAULT AS IDENTITY (
    SEQUENCE NAME "Global".games_id_seq
    START WITH 1
    INCREMENT BY 1
    NO MINVALUE
    NO MAXVALUE
    CACHE 1
);


--
-- TOC entry 223 (class 1259 OID 25487)
-- Name: users; Type: TABLE; Schema: Global; Owner: postgres
--

CREATE TABLE "Global".users (
    id integer NOT NULL,
    name text NOT NULL,
    email text NOT NULL,
    password text NOT NULL,
    issso boolean NOT NULL,
    image text,
    isarchived boolean NOT NULL
);


ALTER TABLE "Global".users OWNER TO postgres;

--
-- TOC entry 224 (class 1259 OID 25492)
-- Name: users_id_seq; Type: SEQUENCE; Schema: Global; Owner: postgres
--

ALTER TABLE "Global".users ALTER COLUMN id ADD GENERATED BY DEFAULT AS IDENTITY (
    SEQUENCE NAME "Global".users_id_seq
    START WITH 1
    INCREMENT BY 1
    NO MINVALUE
    NO MAXVALUE
    CACHE 1
);


--
-- TOC entry 225 (class 1259 OID 25493)
-- Name: accessToUnits; Type: TABLE; Schema: game_1; Owner: postgres
--

CREATE TABLE game_1."accessToUnits" (
    id integer NOT NULL,
    "fk_Nation" integer NOT NULL,
    "fk_UnitTypes" integer NOT NULL
);


ALTER TABLE game_1."accessToUnits" OWNER TO postgres;

--
-- TOC entry 226 (class 1259 OID 25496)
-- Name: accessToUnits_id_seq; Type: SEQUENCE; Schema: game_1; Owner: postgres
--

ALTER TABLE game_1."accessToUnits" ALTER COLUMN id ADD GENERATED BY DEFAULT AS IDENTITY (
    SEQUENCE NAME game_1."accessToUnits_id_seq"
    START WITH 1
    INCREMENT BY 1
    NO MINVALUE
    NO MAXVALUE
    CACHE 1
);


--
-- TOC entry 227 (class 1259 OID 25497)
-- Name: accessestonations; Type: TABLE; Schema: game_1; Owner: postgres
--

CREATE TABLE game_1.accessestonations (
    id integer NOT NULL,
    fk_nations integer NOT NULL,
    fk_users integer NOT NULL,
    dateacquired timestamp with time zone NOT NULL,
    isactive boolean NOT NULL
);


ALTER TABLE game_1.accessestonations OWNER TO postgres;

--
-- TOC entry 228 (class 1259 OID 25500)
-- Name: accessestonations_id_seq; Type: SEQUENCE; Schema: game_1; Owner: postgres
--

ALTER TABLE game_1.accessestonations ALTER COLUMN id ADD GENERATED BY DEFAULT AS IDENTITY (
    SEQUENCE NAME game_1.accessestonations_id_seq
    START WITH 1
    INCREMENT BY 1
    NO MINVALUE
    NO MAXVALUE
    CACHE 1
);


--
-- TOC entry 229 (class 1259 OID 25501)
-- Name: actions; Type: TABLE; Schema: game_1; Owner: postgres
--

CREATE TABLE game_1.actions (
    id integer NOT NULL,
    "fk_Nations" integer NOT NULL,
    name text,
    description text NOT NULL,
    result text,
    "isSettled" boolean NOT NULL
);


ALTER TABLE game_1.actions OWNER TO postgres;

--
-- TOC entry 230 (class 1259 OID 25506)
-- Name: actions_id_seq; Type: SEQUENCE; Schema: game_1; Owner: postgres
--

ALTER TABLE game_1.actions ALTER COLUMN id ADD GENERATED BY DEFAULT AS IDENTITY (
    SEQUENCE NAME game_1.actions_id_seq
    START WITH 1
    INCREMENT BY 1
    NO MINVALUE
    NO MAXVALUE
    CACHE 1
);


--
-- TOC entry 231 (class 1259 OID 25507)
-- Name: armies; Type: TABLE; Schema: game_1; Owner: postgres
--

CREATE TABLE game_1.armies (
    id integer NOT NULL,
    name text NOT NULL,
    "fk_Nations" integer NOT NULL,
    "fk_Locations" integer NOT NULL,
    is_naval boolean NOT NULL
);


ALTER TABLE game_1.armies OWNER TO postgres;

--
-- TOC entry 232 (class 1259 OID 25512)
-- Name: armies_id_seq; Type: SEQUENCE; Schema: game_1; Owner: postgres
--

ALTER TABLE game_1.armies ALTER COLUMN id ADD GENERATED BY DEFAULT AS IDENTITY (
    SEQUENCE NAME game_1.armies_id_seq
    START WITH 1
    INCREMENT BY 1
    NO MINVALUE
    NO MAXVALUE
    CACHE 1
);


--
-- TOC entry 233 (class 1259 OID 25513)
-- Name: cultures; Type: TABLE; Schema: game_1; Owner: postgres
--

CREATE TABLE game_1.cultures (
    id integer NOT NULL,
    name text NOT NULL
);


ALTER TABLE game_1.cultures OWNER TO postgres;

--
-- TOC entry 234 (class 1259 OID 25518)
-- Name: cultures_id_seq; Type: SEQUENCE; Schema: game_1; Owner: postgres
--

ALTER TABLE game_1.cultures ALTER COLUMN id ADD GENERATED BY DEFAULT AS IDENTITY (
    SEQUENCE NAME game_1.cultures_id_seq
    START WITH 1
    INCREMENT BY 1
    NO MINVALUE
    NO MAXVALUE
    CACHE 1
);


--
-- TOC entry 235 (class 1259 OID 25519)
-- Name: events; Type: TABLE; Schema: game_1; Owner: postgres
--

CREATE TABLE game_1.events (
    id integer NOT NULL,
    name text NOT NULL,
    description text,
    picture text
);


ALTER TABLE game_1.events OWNER TO postgres;

--
-- TOC entry 236 (class 1259 OID 25524)
-- Name: events_id_seq; Type: SEQUENCE; Schema: game_1; Owner: postgres
--

ALTER TABLE game_1.events ALTER COLUMN id ADD GENERATED BY DEFAULT AS IDENTITY (
    SEQUENCE NAME game_1.events_id_seq
    START WITH 1
    INCREMENT BY 1
    NO MINVALUE
    NO MAXVALUE
    CACHE 1
);


--
-- TOC entry 237 (class 1259 OID 25525)
-- Name: factions; Type: TABLE; Schema: game_1; Owner: postgres
--

CREATE TABLE game_1.factions (
    id integer NOT NULL,
    name text NOT NULL,
    "fk_Nations" integer NOT NULL,
    power integer NOT NULL,
    agenda text NOT NULL,
    contentment integer NOT NULL,
    color text NOT NULL
);


ALTER TABLE game_1.factions OWNER TO postgres;

--
-- TOC entry 238 (class 1259 OID 25530)
-- Name: factions_id_seq; Type: SEQUENCE; Schema: game_1; Owner: postgres
--

ALTER TABLE game_1.factions ALTER COLUMN id ADD GENERATED BY DEFAULT AS IDENTITY (
    SEQUENCE NAME game_1.factions_id_seq
    START WITH 1
    INCREMENT BY 1
    NO MINVALUE
    NO MAXVALUE
    CACHE 1
);


--
-- TOC entry 239 (class 1259 OID 25531)
-- Name: locations; Type: TABLE; Schema: game_1; Owner: postgres
--

CREATE TABLE game_1.locations (
    id integer NOT NULL,
    name text NOT NULL,
    size integer NOT NULL,
    fortifications integer NOT NULL,
    fk_nations integer NOT NULL
);


ALTER TABLE game_1.locations OWNER TO postgres;

--
-- TOC entry 240 (class 1259 OID 25536)
-- Name: locationsResources; Type: TABLE; Schema: game_1; Owner: postgres
--

CREATE TABLE game_1."locationsResources" (
    id integer NOT NULL,
    "fk_Locations" integer NOT NULL,
    "fk_Resources" integer NOT NULL,
    amount double precision NOT NULL
);


ALTER TABLE game_1."locationsResources" OWNER TO postgres;

--
-- TOC entry 241 (class 1259 OID 25539)
-- Name: locationsResources_id_seq; Type: SEQUENCE; Schema: game_1; Owner: postgres
--

ALTER TABLE game_1."locationsResources" ALTER COLUMN id ADD GENERATED BY DEFAULT AS IDENTITY (
    SEQUENCE NAME game_1."locationsResources_id_seq"
    START WITH 1
    INCREMENT BY 1
    NO MINVALUE
    NO MAXVALUE
    CACHE 1
);


--
-- TOC entry 242 (class 1259 OID 25540)
-- Name: locations_id_seq; Type: SEQUENCE; Schema: game_1; Owner: postgres
--

ALTER TABLE game_1.locations ALTER COLUMN id ADD GENERATED BY DEFAULT AS IDENTITY (
    SEQUENCE NAME game_1.locations_id_seq
    START WITH 1
    INCREMENT BY 1
    NO MINVALUE
    NO MAXVALUE
    CACHE 1
);


--
-- TOC entry 243 (class 1259 OID 25541)
-- Name: maintenanceCosts; Type: TABLE; Schema: game_1; Owner: postgres
--

CREATE TABLE game_1."maintenanceCosts" (
    id integer NOT NULL,
    "fk_UnitTypes" integer NOT NULL,
    "fk_Resources" integer NOT NULL,
    amount double precision NOT NULL
);


ALTER TABLE game_1."maintenanceCosts" OWNER TO postgres;

--
-- TOC entry 244 (class 1259 OID 25544)
-- Name: maintenanceCosts_id_seq; Type: SEQUENCE; Schema: game_1; Owner: postgres
--

ALTER TABLE game_1."maintenanceCosts" ALTER COLUMN id ADD GENERATED BY DEFAULT AS IDENTITY (
    SEQUENCE NAME game_1."maintenanceCosts_id_seq"
    START WITH 1
    INCREMENT BY 1
    NO MINVALUE
    NO MAXVALUE
    CACHE 1
);


--
-- TOC entry 245 (class 1259 OID 25545)
-- Name: map; Type: TABLE; Schema: game_1; Owner: postgres
--

CREATE TABLE game_1.map (
    id integer NOT NULL,
    name text NOT NULL,
    "mapLocation" text NOT NULL,
    "mapIconLocation" text NOT NULL
);


ALTER TABLE game_1.map OWNER TO postgres;

--
-- TOC entry 246 (class 1259 OID 25550)
-- Name: mapAccess; Type: TABLE; Schema: game_1; Owner: postgres
--

CREATE TABLE game_1."mapAccess" (
    "fk_Users" integer NOT NULL,
    "fk_Maps" integer NOT NULL
);


ALTER TABLE game_1."mapAccess" OWNER TO postgres;

--
-- TOC entry 247 (class 1259 OID 25553)
-- Name: map_id_seq; Type: SEQUENCE; Schema: game_1; Owner: postgres
--

ALTER TABLE game_1.map ALTER COLUMN id ADD GENERATED BY DEFAULT AS IDENTITY (
    SEQUENCE NAME game_1.map_id_seq
    START WITH 1
    INCREMENT BY 1
    NO MINVALUE
    NO MAXVALUE
    CACHE 1
);


--
-- TOC entry 248 (class 1259 OID 25563)
-- Name: nations; Type: TABLE; Schema: game_1; Owner: postgres
--

CREATE TABLE game_1.nations (
    id integer NOT NULL,
    name text NOT NULL,
    fk_religions integer NOT NULL,
    fk_cultures integer NOT NULL
);


ALTER TABLE game_1.nations OWNER TO postgres;

--
-- TOC entry 249 (class 1259 OID 25568)
-- Name: nations_id_seq; Type: SEQUENCE; Schema: game_1; Owner: postgres
--

ALTER TABLE game_1.nations ALTER COLUMN id ADD GENERATED BY DEFAULT AS IDENTITY (
    SEQUENCE NAME game_1.nations_id_seq
    START WITH 1
    INCREMENT BY 1
    NO MINVALUE
    NO MAXVALUE
    CACHE 1
);


--
-- TOC entry 250 (class 1259 OID 25569)
-- Name: offeredresources; Type: TABLE; Schema: game_1; Owner: postgres
--

CREATE TABLE game_1.offeredresources (
    id integer NOT NULL,
    fk_resource integer NOT NULL,
    fk_tradeagreement integer NOT NULL,
    quantity integer NOT NULL
);


ALTER TABLE game_1.offeredresources OWNER TO postgres;

--
-- TOC entry 251 (class 1259 OID 25572)
-- Name: offeredresources_id_seq; Type: SEQUENCE; Schema: game_1; Owner: postgres
--

ALTER TABLE game_1.offeredresources ALTER COLUMN id ADD GENERATED BY DEFAULT AS IDENTITY (
    SEQUENCE NAME game_1.offeredresources_id_seq
    START WITH 1
    INCREMENT BY 1
    NO MINVALUE
    NO MAXVALUE
    CACHE 1
);


--
-- TOC entry 252 (class 1259 OID 25573)
-- Name: players; Type: TABLE; Schema: game_1; Owner: postgres
--

CREATE TABLE game_1.players (
    id integer NOT NULL,
    "fk_User" integer NOT NULL,
    "playerType" integer NOT NULL
);


ALTER TABLE game_1.players OWNER TO postgres;

--
-- TOC entry 253 (class 1259 OID 25576)
-- Name: players_id_seq; Type: SEQUENCE; Schema: game_1; Owner: postgres
--

ALTER TABLE game_1.players ALTER COLUMN id ADD GENERATED BY DEFAULT AS IDENTITY (
    SEQUENCE NAME game_1.players_id_seq
    START WITH 1
    INCREMENT BY 1
    NO MINVALUE
    NO MAXVALUE
    CACHE 1
);


--
-- TOC entry 254 (class 1259 OID 25577)
-- Name: populations; Type: TABLE; Schema: game_1; Owner: postgres
--

CREATE TABLE game_1.populations (
    id integer NOT NULL,
    fk_religions integer NOT NULL,
    fk_cultures integer NOT NULL,
    fk_socialgroups integer NOT NULL,
    fk_locations integer NOT NULL,
    happiness real NOT NULL
);


ALTER TABLE game_1.populations OWNER TO postgres;

--
-- TOC entry 255 (class 1259 OID 25580)
-- Name: populations_id_seq; Type: SEQUENCE; Schema: game_1; Owner: postgres
--

ALTER TABLE game_1.populations ALTER COLUMN id ADD GENERATED BY DEFAULT AS IDENTITY (
    SEQUENCE NAME game_1.populations_id_seq
    START WITH 1
    INCREMENT BY 1
    NO MINVALUE
    NO MAXVALUE
    CACHE 1
);


--
-- TOC entry 256 (class 1259 OID 25581)
-- Name: productionCost; Type: TABLE; Schema: game_1; Owner: postgres
--

CREATE TABLE game_1."productionCost" (
    id integer NOT NULL,
    "fk_UnitTypes" integer NOT NULL,
    "fk_Resources" integer NOT NULL,
    amount double precision NOT NULL
);


ALTER TABLE game_1."productionCost" OWNER TO postgres;

--
-- TOC entry 257 (class 1259 OID 25584)
-- Name: productionCost_id_seq; Type: SEQUENCE; Schema: game_1; Owner: postgres
--

ALTER TABLE game_1."productionCost" ALTER COLUMN id ADD GENERATED BY DEFAULT AS IDENTITY (
    SEQUENCE NAME game_1."productionCost_id_seq"
    START WITH 1
    INCREMENT BY 1
    NO MINVALUE
    NO MAXVALUE
    CACHE 1
);


--
-- TOC entry 258 (class 1259 OID 25585)
-- Name: productionShares; Type: TABLE; Schema: game_1; Owner: postgres
--

CREATE TABLE game_1."productionShares" (
    id integer NOT NULL,
    "fk_SocialGroups" integer NOT NULL,
    "fk_Resources" integer NOT NULL,
    coefficient double precision NOT NULL
);


ALTER TABLE game_1."productionShares" OWNER TO postgres;

--
-- TOC entry 259 (class 1259 OID 25588)
-- Name: productionShares_id_seq; Type: SEQUENCE; Schema: game_1; Owner: postgres
--

ALTER TABLE game_1."productionShares" ALTER COLUMN id ADD GENERATED BY DEFAULT AS IDENTITY (
    SEQUENCE NAME game_1."productionShares_id_seq"
    START WITH 1
    INCREMENT BY 1
    NO MINVALUE
    NO MAXVALUE
    CACHE 1
);


--
-- TOC entry 260 (class 1259 OID 25589)
-- Name: relatedEvents; Type: TABLE; Schema: game_1; Owner: postgres
--

CREATE TABLE game_1."relatedEvents" (
    id integer NOT NULL,
    "fk_Events" integer NOT NULL,
    "fk_Nations" integer NOT NULL
);


ALTER TABLE game_1."relatedEvents" OWNER TO postgres;

--
-- TOC entry 261 (class 1259 OID 25592)
-- Name: relatedEvents_id_seq; Type: SEQUENCE; Schema: game_1; Owner: postgres
--

ALTER TABLE game_1."relatedEvents" ALTER COLUMN id ADD GENERATED BY DEFAULT AS IDENTITY (
    SEQUENCE NAME game_1."relatedEvents_id_seq"
    START WITH 1
    INCREMENT BY 1
    NO MINVALUE
    NO MAXVALUE
    CACHE 1
);


--
-- TOC entry 262 (class 1259 OID 25593)
-- Name: religions; Type: TABLE; Schema: game_1; Owner: postgres
--

CREATE TABLE game_1.religions (
    id integer NOT NULL,
    name text NOT NULL
);


ALTER TABLE game_1.religions OWNER TO postgres;

--
-- TOC entry 263 (class 1259 OID 25598)
-- Name: religions_id_seq; Type: SEQUENCE; Schema: game_1; Owner: postgres
--

ALTER TABLE game_1.religions ALTER COLUMN id ADD GENERATED BY DEFAULT AS IDENTITY (
    SEQUENCE NAME game_1.religions_id_seq
    START WITH 1
    INCREMENT BY 1
    NO MINVALUE
    NO MAXVALUE
    CACHE 1
);


--
-- TOC entry 264 (class 1259 OID 25599)
-- Name: resources; Type: TABLE; Schema: game_1; Owner: postgres
--

CREATE TABLE game_1.resources (
    id integer NOT NULL,
    name text NOT NULL,
    ismain boolean NOT NULL,
    icon text
);


ALTER TABLE game_1.resources OWNER TO postgres;

--
-- TOC entry 265 (class 1259 OID 25604)
-- Name: resources_id_seq; Type: SEQUENCE; Schema: game_1; Owner: postgres
--

ALTER TABLE game_1.resources ALTER COLUMN id ADD GENERATED BY DEFAULT AS IDENTITY (
    SEQUENCE NAME game_1.resources_id_seq
    START WITH 1
    INCREMENT BY 1
    NO MINVALUE
    NO MAXVALUE
    CACHE 1
);


--
-- TOC entry 266 (class 1259 OID 25605)
-- Name: socialgroups; Type: TABLE; Schema: game_1; Owner: postgres
--

CREATE TABLE game_1.socialgroups (
    id integer NOT NULL,
    name text NOT NULL,
    basehappiness real NOT NULL,
    volunteers integer NOT NULL
);


ALTER TABLE game_1.socialgroups OWNER TO postgres;

--
-- TOC entry 267 (class 1259 OID 25610)
-- Name: socialgroups_id_seq; Type: SEQUENCE; Schema: game_1; Owner: postgres
--

ALTER TABLE game_1.socialgroups ALTER COLUMN id ADD GENERATED BY DEFAULT AS IDENTITY (
    SEQUENCE NAME game_1.socialgroups_id_seq
    START WITH 1
    INCREMENT BY 1
    NO MINVALUE
    NO MAXVALUE
    CACHE 1
);


--
-- TOC entry 268 (class 1259 OID 25611)
-- Name: tradeagreements; Type: TABLE; Schema: game_1; Owner: postgres
--

CREATE TABLE game_1.tradeagreements (
    id integer NOT NULL,
    fk_nationoffering integer NOT NULL,
    fk_nationreceiving integer NOT NULL,
    status integer NOT NULL,
    duration integer NOT NULL,
    description text NOT NULL
);


ALTER TABLE game_1.tradeagreements OWNER TO postgres;

--
-- TOC entry 269 (class 1259 OID 25616)
-- Name: tradeagreements_id_seq; Type: SEQUENCE; Schema: game_1; Owner: postgres
--

ALTER TABLE game_1.tradeagreements ALTER COLUMN id ADD GENERATED BY DEFAULT AS IDENTITY (
    SEQUENCE NAME game_1.tradeagreements_id_seq
    START WITH 1
    INCREMENT BY 1
    NO MINVALUE
    NO MAXVALUE
    CACHE 1
);


--
-- TOC entry 270 (class 1259 OID 25617)
-- Name: troops; Type: TABLE; Schema: game_1; Owner: postgres
--

CREATE TABLE game_1.troops (
    id integer NOT NULL,
    "fk_UnitTypes" integer NOT NULL,
    "fk_Armies" integer NOT NULL,
    quantity integer NOT NULL
);


ALTER TABLE game_1.troops OWNER TO postgres;

--
-- TOC entry 271 (class 1259 OID 25620)
-- Name: troops_id_seq; Type: SEQUENCE; Schema: game_1; Owner: postgres
--

ALTER TABLE game_1.troops ALTER COLUMN id ADD GENERATED BY DEFAULT AS IDENTITY (
    SEQUENCE NAME game_1.troops_id_seq
    START WITH 1
    INCREMENT BY 1
    NO MINVALUE
    NO MAXVALUE
    CACHE 1
);


--
-- TOC entry 272 (class 1259 OID 25621)
-- Name: unitOrders; Type: TABLE; Schema: game_1; Owner: postgres
--

CREATE TABLE game_1."unitOrders" (
    id integer NOT NULL,
    "fk_UnitTypes" integer NOT NULL,
    "fk_Nations" integer NOT NULL,
    quantity integer NOT NULL
);


ALTER TABLE game_1."unitOrders" OWNER TO postgres;

--
-- TOC entry 273 (class 1259 OID 25624)
-- Name: unitOrders_id_seq; Type: SEQUENCE; Schema: game_1; Owner: postgres
--

ALTER TABLE game_1."unitOrders" ALTER COLUMN id ADD GENERATED BY DEFAULT AS IDENTITY (
    SEQUENCE NAME game_1."unitOrders_id_seq"
    START WITH 1
    INCREMENT BY 1
    NO MINVALUE
    NO MAXVALUE
    CACHE 1
);


--
-- TOC entry 274 (class 1259 OID 25625)
-- Name: unitTypes; Type: TABLE; Schema: game_1; Owner: postgres
--

CREATE TABLE game_1."unitTypes" (
    id integer NOT NULL,
    name text NOT NULL,
    description text NOT NULL,
    melee integer NOT NULL,
    range integer NOT NULL,
    defense integer NOT NULL,
    speed integer NOT NULL,
    morale integer NOT NULL,
    "volunteersNeeded" integer NOT NULL,
    "isNaval" boolean NOT NULL
);


ALTER TABLE game_1."unitTypes" OWNER TO postgres;

--
-- TOC entry 275 (class 1259 OID 25630)
-- Name: unitTypes_id_seq; Type: SEQUENCE; Schema: game_1; Owner: postgres
--

ALTER TABLE game_1."unitTypes" ALTER COLUMN id ADD GENERATED BY DEFAULT AS IDENTITY (
    SEQUENCE NAME game_1."unitTypes_id_seq"
    START WITH 1
    INCREMENT BY 1
    NO MINVALUE
    NO MAXVALUE
    CACHE 1
);


--
-- TOC entry 276 (class 1259 OID 25631)
-- Name: usedResources; Type: TABLE; Schema: game_1; Owner: postgres
--

CREATE TABLE game_1."usedResources" (
    id integer NOT NULL,
    "fk_SocialGroups" integer NOT NULL,
    "fk_Resources" integer NOT NULL,
    amount double precision NOT NULL
);


ALTER TABLE game_1."usedResources" OWNER TO postgres;

--
-- TOC entry 277 (class 1259 OID 25634)
-- Name: usedResources_id_seq; Type: SEQUENCE; Schema: game_1; Owner: postgres
--

ALTER TABLE game_1."usedResources" ALTER COLUMN id ADD GENERATED BY DEFAULT AS IDENTITY (
    SEQUENCE NAME game_1."usedResources_id_seq"
    START WITH 1
    INCREMENT BY 1
    NO MINVALUE
    NO MAXVALUE
    CACHE 1
);


--
-- TOC entry 278 (class 1259 OID 25635)
-- Name: wantedresources; Type: TABLE; Schema: game_1; Owner: postgres
--

CREATE TABLE game_1.wantedresources (
    id integer NOT NULL,
    fk_resource integer NOT NULL,
    fk_tradeagreement integer NOT NULL,
    amount double precision NOT NULL
);


ALTER TABLE game_1.wantedresources OWNER TO postgres;

--
-- TOC entry 279 (class 1259 OID 25638)
-- Name: wantedresources_id_seq; Type: SEQUENCE; Schema: game_1; Owner: postgres
--

ALTER TABLE game_1.wantedresources ALTER COLUMN id ADD GENERATED BY DEFAULT AS IDENTITY (
    SEQUENCE NAME game_1.wantedresources_id_seq
    START WITH 1
    INCREMENT BY 1
    NO MINVALUE
    NO MAXVALUE
    CACHE 1
);


--
-- TOC entry 280 (class 1259 OID 25639)
-- Name: __EFMigrationsHistory; Type: TABLE; Schema: public; Owner: postgres
--

CREATE TABLE public."__EFMigrationsHistory" (
    "MigrationId" character varying(150) NOT NULL,
    "ProductVersion" character varying(32) NOT NULL
);


ALTER TABLE public."__EFMigrationsHistory" OWNER TO postgres;

--
-- TOC entry 5166 (class 0 OID 25477)
-- Dependencies: 219
-- Data for Name: gameaccess; Type: TABLE DATA; Schema: Global; Owner: postgres
--

COPY "Global".gameaccess (id, "fk_Users", "fk_Games", "accessType", "isArchived") FROM stdin;
1	1	1	1	f
2	2	1	2	f
\.


--
-- TOC entry 5168 (class 0 OID 25481)
-- Dependencies: 221
-- Data for Name: games; Type: TABLE DATA; Schema: Global; Owner: postgres
--

COPY "Global".games (id, name, description, image, "ownerId", game_code) FROM stdin;
1	default_schema	Demo testowe\n	\N	2	XETECW
\.


--
-- TOC entry 5170 (class 0 OID 25487)
-- Dependencies: 223
-- Data for Name: users; Type: TABLE DATA; Schema: Global; Owner: postgres
--

COPY "Global".users (id, name, email, password, issso, image, isarchived) FROM stdin;
1	Test	test	$2a$11$s/J0zefb5amFzjdjllmuZ.AXuziyjVRcYTeEhxyemaxsJJyKnzxU2	f	\N	f
2	admin	admin	$2a$11$t8DGLO5spPxXzpyRb5j0vuuk54ycsFEo9scO7xswpGCH9WvMcwive	f	\N	f
\.


--
-- TOC entry 5172 (class 0 OID 25493)
-- Dependencies: 225
-- Data for Name: accessToUnits; Type: TABLE DATA; Schema: game_1; Owner: postgres
--

COPY game_1."accessToUnits" (id, "fk_Nation", "fk_UnitTypes") FROM stdin;
1	1	1
2	1	2
3	1	3
4	2	1
5	2	3
6	2	4
7	3	1
8	3	5
9	4	1
10	4	2
11	5	1
12	5	3
\.


--
-- TOC entry 5174 (class 0 OID 25497)
-- Dependencies: 227
-- Data for Name: accessestonations; Type: TABLE DATA; Schema: game_1; Owner: postgres
--

COPY game_1.accessestonations (id, fk_nations, fk_users, dateacquired, isactive) FROM stdin;
1	1	1	2025-01-01 00:00:00+01	t
2	2	2	2025-01-02 00:00:00+01	t
3	3	3	2025-01-03 00:00:00+01	t
4	4	4	2025-01-04 00:00:00+01	t
5	5	5	2025-01-05 00:00:00+01	t
\.


--
-- TOC entry 5176 (class 0 OID 25501)
-- Dependencies: 229
-- Data for Name: actions; Type: TABLE DATA; Schema: game_1; Owner: postgres
--

COPY game_1.actions (id, "fk_Nations", name, description, result, "isSettled") FROM stdin;
1	1	Ekspedycja	Wysłanie ekspedycji na niezbadane tereny	\N	f
2	2	Budowa Świątyni	Rozpoczęcie budowy wielkiej świątyni	\N	f
3	3	Szlak Handlowy	Otwarcie nowego szlaku handlowego	Zwiększenie przychodów o 10%	t
4	4	Reformy	Wprowadzenie reform społecznych	\N	f
5	5	Mobilizacja	Mobilizacja sił zbrojnych	Wzrost liczebności armii o 20%	t
\.


--
-- TOC entry 5178 (class 0 OID 25507)
-- Dependencies: 231
-- Data for Name: armies; Type: TABLE DATA; Schema: game_1; Owner: postgres
--

COPY game_1.armies (id, name, "fk_Nations", "fk_Locations", is_naval) FROM stdin;
1	Armia Północy	1	1	f
2	Legiony Cesarskie	2	2	f
3	Flota Republiki	3	3	t
4	Drużyna Księcia	4	4	f
5	Jeźdźcy Pustyni	5	5	f
\.


--
-- TOC entry 5180 (class 0 OID 25513)
-- Dependencies: 233
-- Data for Name: cultures; Type: TABLE DATA; Schema: game_1; Owner: postgres
--

COPY game_1.cultures (id, name) FROM stdin;
1	Nordycka
2	Słowiańska
3	Germańska
4	Romańska
5	Grecka
\.


--
-- TOC entry 5182 (class 0 OID 25519)
-- Dependencies: 235
-- Data for Name: events; Type: TABLE DATA; Schema: game_1; Owner: postgres
--

COPY game_1.events (id, name, description, picture) FROM stdin;
1	Wielka Bitwa	Epiczna bitwa, która zmieniła losy świata	battle.jpg
2	Plaga	Śmiertelna zaraza dziesiątkująca populację	plague.jpg
3	Odkrycie	Odkrycie nowych terenów i technologii	discovery.jpg
4	Rewolta	Rewolta społeczeństwa przeciwko władcy	revolt.jpg
5	Sojusz	Zawarcie sojuszu między narodami	alliance.jpg
\.


--
-- TOC entry 5184 (class 0 OID 25525)
-- Dependencies: 237
-- Data for Name: factions; Type: TABLE DATA; Schema: game_1; Owner: postgres
--

COPY game_1.factions (id, name, "fk_Nations", power, agenda, contentment, color) FROM stdin;
1	Konserwatyści	1	70	Utrzymanie tradycji	60	#0000FF
2	Reformatorzy	1	30	Wprowadzenie zmian	40	#00FF00
3	Militaryści	2	60	Ekspansja militarna	50	#FF0000
4	Handlarze	2	40	Rozwój handlu	70	#FFFF00
5	Zjednoczeni	3	90	Jedność narodu	80	#800080
\.


--
-- TOC entry 5186 (class 0 OID 25531)
-- Dependencies: 239
-- Data for Name: locations; Type: TABLE DATA; Schema: game_1; Owner: postgres
--

COPY game_1.locations (id, name, size, fortifications, fk_nations) FROM stdin;
1	Stolica Północy	5	4	1
2	Twierdza Cesarska	6	5	2
3	Port Republiki	4	3	3
4	Wschodni Gród	3	2	4
5	Oaza Południowa	4	3	5
6	Górska Osada	2	1	1
7	Cesarskie Tereny	3	2	2
8	Nadmorska Wioska	2	1	3
\.


--
-- TOC entry 5187 (class 0 OID 25536)
-- Dependencies: 240
-- Data for Name: locationsResources; Type: TABLE DATA; Schema: game_1; Owner: postgres
--

COPY game_1."locationsResources" (id, "fk_Locations", "fk_Resources", amount) FROM stdin;
1	1	1	1000
2	1	3	2000
3	2	2	1500
4	2	5	3000
5	3	1	800
6	3	8	500
7	4	3	2500
8	4	4	3500
9	5	7	600
10	5	6	400
\.


--
-- TOC entry 5190 (class 0 OID 25541)
-- Dependencies: 243
-- Data for Name: maintenanceCosts; Type: TABLE DATA; Schema: game_1; Owner: postgres
--

COPY game_1."maintenanceCosts" (id, "fk_UnitTypes", "fk_Resources", amount) FROM stdin;
1	1	1	0.5
2	1	4	1
3	2	1	0.3
4	2	3	0.5
5	3	1	1
6	3	4	1.5
7	4	1	2
8	4	3	1
9	5	1	3
10	5	3	2
\.


--
-- TOC entry 5192 (class 0 OID 25545)
-- Dependencies: 245
-- Data for Name: map; Type: TABLE DATA; Schema: game_1; Owner: postgres
--

COPY game_1.map (id, name, "mapLocation", "mapIconLocation") FROM stdin;
1	Europa Środkowa	maps/central_europe.jpg	maps/central_europe.jpg
2	Wyspy Brytyjskie	maps/british_isles.jpg	maps/central_europe.jpg
3	Półwysep Iberyjski	maps/iberia.jpg	maps/central_europe.jpg
4	Skandynawia	maps/scandinavia.jpg	maps/central_europe.jpg
5	Bałkany	maps/balkans.jpg	maps/central_europe.jpg
\.


--
-- TOC entry 5193 (class 0 OID 25550)
-- Dependencies: 246
-- Data for Name: mapAccess; Type: TABLE DATA; Schema: game_1; Owner: postgres
--

COPY game_1."mapAccess" ("fk_Users", "fk_Maps") FROM stdin;
1	1
1	4
2	2
2	5
3	3
4	1
4	5
5	3
\.


--
-- TOC entry 5195 (class 0 OID 25563)
-- Dependencies: 248
-- Data for Name: nations; Type: TABLE DATA; Schema: game_1; Owner: postgres
--

COPY game_1.nations (id, name, fk_religions, fk_cultures) FROM stdin;
\.


--
-- TOC entry 5197 (class 0 OID 25569)
-- Dependencies: 250
-- Data for Name: offeredresources; Type: TABLE DATA; Schema: game_1; Owner: postgres
--

COPY game_1.offeredresources (id, fk_resource, fk_tradeagreement, quantity) FROM stdin;
\.


--
-- TOC entry 5199 (class 0 OID 25573)
-- Dependencies: 252
-- Data for Name: players; Type: TABLE DATA; Schema: game_1; Owner: postgres
--

COPY game_1.players (id, "fk_User", "playerType") FROM stdin;
\.


--
-- TOC entry 5201 (class 0 OID 25577)
-- Dependencies: 254
-- Data for Name: populations; Type: TABLE DATA; Schema: game_1; Owner: postgres
--

COPY game_1.populations (id, fk_religions, fk_cultures, fk_socialgroups, fk_locations, happiness) FROM stdin;
\.


--
-- TOC entry 5203 (class 0 OID 25581)
-- Dependencies: 256
-- Data for Name: productionCost; Type: TABLE DATA; Schema: game_1; Owner: postgres
--

COPY game_1."productionCost" (id, "fk_UnitTypes", "fk_Resources", amount) FROM stdin;
\.


--
-- TOC entry 5205 (class 0 OID 25585)
-- Dependencies: 258
-- Data for Name: productionShares; Type: TABLE DATA; Schema: game_1; Owner: postgres
--

COPY game_1."productionShares" (id, "fk_SocialGroups", "fk_Resources", coefficient) FROM stdin;
\.


--
-- TOC entry 5207 (class 0 OID 25589)
-- Dependencies: 260
-- Data for Name: relatedEvents; Type: TABLE DATA; Schema: game_1; Owner: postgres
--

COPY game_1."relatedEvents" (id, "fk_Events", "fk_Nations") FROM stdin;
\.


--
-- TOC entry 5209 (class 0 OID 25593)
-- Dependencies: 262
-- Data for Name: religions; Type: TABLE DATA; Schema: game_1; Owner: postgres
--

COPY game_1.religions (id, name) FROM stdin;
\.


--
-- TOC entry 5211 (class 0 OID 25599)
-- Dependencies: 264
-- Data for Name: resources; Type: TABLE DATA; Schema: game_1; Owner: postgres
--

COPY game_1.resources (id, name, ismain, icon) FROM stdin;
\.


--
-- TOC entry 5213 (class 0 OID 25605)
-- Dependencies: 266
-- Data for Name: socialgroups; Type: TABLE DATA; Schema: game_1; Owner: postgres
--

COPY game_1.socialgroups (id, name, basehappiness, volunteers) FROM stdin;
\.


--
-- TOC entry 5215 (class 0 OID 25611)
-- Dependencies: 268
-- Data for Name: tradeagreements; Type: TABLE DATA; Schema: game_1; Owner: postgres
--

COPY game_1.tradeagreements (id, fk_nationoffering, fk_nationreceiving, status, duration, description) FROM stdin;
\.


--
-- TOC entry 5217 (class 0 OID 25617)
-- Dependencies: 270
-- Data for Name: troops; Type: TABLE DATA; Schema: game_1; Owner: postgres
--

COPY game_1.troops (id, "fk_UnitTypes", "fk_Armies", quantity) FROM stdin;
\.


--
-- TOC entry 5219 (class 0 OID 25621)
-- Dependencies: 272
-- Data for Name: unitOrders; Type: TABLE DATA; Schema: game_1; Owner: postgres
--

COPY game_1."unitOrders" (id, "fk_UnitTypes", "fk_Nations", quantity) FROM stdin;
\.


--
-- TOC entry 5221 (class 0 OID 25625)
-- Dependencies: 274
-- Data for Name: unitTypes; Type: TABLE DATA; Schema: game_1; Owner: postgres
--

COPY game_1."unitTypes" (id, name, description, melee, range, defense, speed, morale, "volunteersNeeded", "isNaval") FROM stdin;
\.


--
-- TOC entry 5223 (class 0 OID 25631)
-- Dependencies: 276
-- Data for Name: usedResources; Type: TABLE DATA; Schema: game_1; Owner: postgres
--

COPY game_1."usedResources" (id, "fk_SocialGroups", "fk_Resources", amount) FROM stdin;
\.


--
-- TOC entry 5225 (class 0 OID 25635)
-- Dependencies: 278
-- Data for Name: wantedresources; Type: TABLE DATA; Schema: game_1; Owner: postgres
--

COPY game_1.wantedresources (id, fk_resource, fk_tradeagreement, amount) FROM stdin;
\.


--
-- TOC entry 5227 (class 0 OID 25639)
-- Dependencies: 280
-- Data for Name: __EFMigrationsHistory; Type: TABLE DATA; Schema: public; Owner: postgres
--

COPY public."__EFMigrationsHistory" ("MigrationId", "ProductVersion") FROM stdin;
\.


--
-- TOC entry 5233 (class 0 OID 0)
-- Dependencies: 220
-- Name: gameaccess_id_seq; Type: SEQUENCE SET; Schema: Global; Owner: postgres
--

SELECT pg_catalog.setval('"Global".gameaccess_id_seq', 1, false);


--
-- TOC entry 5234 (class 0 OID 0)
-- Dependencies: 222
-- Name: games_id_seq; Type: SEQUENCE SET; Schema: Global; Owner: postgres
--

SELECT pg_catalog.setval('"Global".games_id_seq', 6, true);


--
-- TOC entry 5235 (class 0 OID 0)
-- Dependencies: 224
-- Name: users_id_seq; Type: SEQUENCE SET; Schema: Global; Owner: postgres
--

SELECT pg_catalog.setval('"Global".users_id_seq', 1, false);


--
-- TOC entry 5236 (class 0 OID 0)
-- Dependencies: 226
-- Name: accessToUnits_id_seq; Type: SEQUENCE SET; Schema: game_1; Owner: postgres
--

SELECT pg_catalog.setval('game_1."accessToUnits_id_seq"', 12, true);


--
-- TOC entry 5237 (class 0 OID 0)
-- Dependencies: 228
-- Name: accessestonations_id_seq; Type: SEQUENCE SET; Schema: game_1; Owner: postgres
--

SELECT pg_catalog.setval('game_1.accessestonations_id_seq', 5, true);


--
-- TOC entry 5238 (class 0 OID 0)
-- Dependencies: 230
-- Name: actions_id_seq; Type: SEQUENCE SET; Schema: game_1; Owner: postgres
--

SELECT pg_catalog.setval('game_1.actions_id_seq', 5, true);


--
-- TOC entry 5239 (class 0 OID 0)
-- Dependencies: 232
-- Name: armies_id_seq; Type: SEQUENCE SET; Schema: game_1; Owner: postgres
--

SELECT pg_catalog.setval('game_1.armies_id_seq', 5, true);


--
-- TOC entry 5240 (class 0 OID 0)
-- Dependencies: 234
-- Name: cultures_id_seq; Type: SEQUENCE SET; Schema: game_1; Owner: postgres
--

SELECT pg_catalog.setval('game_1.cultures_id_seq', 5, true);


--
-- TOC entry 5241 (class 0 OID 0)
-- Dependencies: 236
-- Name: events_id_seq; Type: SEQUENCE SET; Schema: game_1; Owner: postgres
--

SELECT pg_catalog.setval('game_1.events_id_seq', 5, true);


--
-- TOC entry 5242 (class 0 OID 0)
-- Dependencies: 238
-- Name: factions_id_seq; Type: SEQUENCE SET; Schema: game_1; Owner: postgres
--

SELECT pg_catalog.setval('game_1.factions_id_seq', 5, true);


--
-- TOC entry 5243 (class 0 OID 0)
-- Dependencies: 241
-- Name: locationsResources_id_seq; Type: SEQUENCE SET; Schema: game_1; Owner: postgres
--

SELECT pg_catalog.setval('game_1."locationsResources_id_seq"', 10, true);


--
-- TOC entry 5244 (class 0 OID 0)
-- Dependencies: 242
-- Name: locations_id_seq; Type: SEQUENCE SET; Schema: game_1; Owner: postgres
--

SELECT pg_catalog.setval('game_1.locations_id_seq', 8, true);


--
-- TOC entry 5245 (class 0 OID 0)
-- Dependencies: 244
-- Name: maintenanceCosts_id_seq; Type: SEQUENCE SET; Schema: game_1; Owner: postgres
--

SELECT pg_catalog.setval('game_1."maintenanceCosts_id_seq"', 10, true);


--
-- TOC entry 5246 (class 0 OID 0)
-- Dependencies: 247
-- Name: map_id_seq; Type: SEQUENCE SET; Schema: game_1; Owner: postgres
--

SELECT pg_catalog.setval('game_1.map_id_seq', 5, true);


--
-- TOC entry 5247 (class 0 OID 0)
-- Dependencies: 249
-- Name: nations_id_seq; Type: SEQUENCE SET; Schema: game_1; Owner: postgres
--

SELECT pg_catalog.setval('game_1.nations_id_seq', 5, true);


--
-- TOC entry 5248 (class 0 OID 0)
-- Dependencies: 251
-- Name: offeredresources_id_seq; Type: SEQUENCE SET; Schema: game_1; Owner: postgres
--

SELECT pg_catalog.setval('game_1.offeredresources_id_seq', 5, true);


--
-- TOC entry 5249 (class 0 OID 0)
-- Dependencies: 253
-- Name: players_id_seq; Type: SEQUENCE SET; Schema: game_1; Owner: postgres
--

SELECT pg_catalog.setval('game_1.players_id_seq', 1, false);


--
-- TOC entry 5250 (class 0 OID 0)
-- Dependencies: 255
-- Name: populations_id_seq; Type: SEQUENCE SET; Schema: game_1; Owner: postgres
--

SELECT pg_catalog.setval('game_1.populations_id_seq', 8, true);


--
-- TOC entry 5251 (class 0 OID 0)
-- Dependencies: 257
-- Name: productionCost_id_seq; Type: SEQUENCE SET; Schema: game_1; Owner: postgres
--

SELECT pg_catalog.setval('game_1."productionCost_id_seq"', 10, true);


--
-- TOC entry 5252 (class 0 OID 0)
-- Dependencies: 259
-- Name: productionShares_id_seq; Type: SEQUENCE SET; Schema: game_1; Owner: postgres
--

SELECT pg_catalog.setval('game_1."productionShares_id_seq"', 10, true);


--
-- TOC entry 5253 (class 0 OID 0)
-- Dependencies: 261
-- Name: relatedEvents_id_seq; Type: SEQUENCE SET; Schema: game_1; Owner: postgres
--

SELECT pg_catalog.setval('game_1."relatedEvents_id_seq"', 10, true);


--
-- TOC entry 5254 (class 0 OID 0)
-- Dependencies: 263
-- Name: religions_id_seq; Type: SEQUENCE SET; Schema: game_1; Owner: postgres
--

SELECT pg_catalog.setval('game_1.religions_id_seq', 5, true);


--
-- TOC entry 5255 (class 0 OID 0)
-- Dependencies: 265
-- Name: resources_id_seq; Type: SEQUENCE SET; Schema: game_1; Owner: postgres
--

SELECT pg_catalog.setval('game_1.resources_id_seq', 8, true);


--
-- TOC entry 5256 (class 0 OID 0)
-- Dependencies: 267
-- Name: socialgroups_id_seq; Type: SEQUENCE SET; Schema: game_1; Owner: postgres
--

SELECT pg_catalog.setval('game_1.socialgroups_id_seq', 5, true);


--
-- TOC entry 5257 (class 0 OID 0)
-- Dependencies: 269
-- Name: tradeagreements_id_seq; Type: SEQUENCE SET; Schema: game_1; Owner: postgres
--

SELECT pg_catalog.setval('game_1.tradeagreements_id_seq', 5, true);


--
-- TOC entry 5258 (class 0 OID 0)
-- Dependencies: 271
-- Name: troops_id_seq; Type: SEQUENCE SET; Schema: game_1; Owner: postgres
--

SELECT pg_catalog.setval('game_1.troops_id_seq', 8, true);


--
-- TOC entry 5259 (class 0 OID 0)
-- Dependencies: 273
-- Name: unitOrders_id_seq; Type: SEQUENCE SET; Schema: game_1; Owner: postgres
--

SELECT pg_catalog.setval('game_1."unitOrders_id_seq"', 12, true);


--
-- TOC entry 5260 (class 0 OID 0)
-- Dependencies: 275
-- Name: unitTypes_id_seq; Type: SEQUENCE SET; Schema: game_1; Owner: postgres
--

SELECT pg_catalog.setval('game_1."unitTypes_id_seq"', 5, true);


--
-- TOC entry 5261 (class 0 OID 0)
-- Dependencies: 277
-- Name: usedResources_id_seq; Type: SEQUENCE SET; Schema: game_1; Owner: postgres
--

SELECT pg_catalog.setval('game_1."usedResources_id_seq"', 10, true);


--
-- TOC entry 5262 (class 0 OID 0)
-- Dependencies: 279
-- Name: wantedresources_id_seq; Type: SEQUENCE SET; Schema: game_1; Owner: postgres
--

SELECT pg_catalog.setval('game_1.wantedresources_id_seq', 5, true);


--
-- TOC entry 4900 (class 2606 OID 25643)
-- Name: gameaccess PK_gameaccess; Type: CONSTRAINT; Schema: Global; Owner: postgres
--

ALTER TABLE ONLY "Global".gameaccess
    ADD CONSTRAINT "PK_gameaccess" PRIMARY KEY ("fk_Users", "fk_Games");


--
-- TOC entry 4904 (class 2606 OID 25645)
-- Name: games PK_games; Type: CONSTRAINT; Schema: Global; Owner: postgres
--

ALTER TABLE ONLY "Global".games
    ADD CONSTRAINT "PK_games" PRIMARY KEY (id);


--
-- TOC entry 4908 (class 2606 OID 25647)
-- Name: users PK_users; Type: CONSTRAINT; Schema: Global; Owner: postgres
--

ALTER TABLE ONLY "Global".users
    ADD CONSTRAINT "PK_users" PRIMARY KEY (id);


--
-- TOC entry 4912 (class 2606 OID 25649)
-- Name: accessToUnits PK_accessToUnits; Type: CONSTRAINT; Schema: game_1; Owner: postgres
--

ALTER TABLE ONLY game_1."accessToUnits"
    ADD CONSTRAINT "PK_accessToUnits" PRIMARY KEY (id);


--
-- TOC entry 4916 (class 2606 OID 25651)
-- Name: accessestonations PK_accessestonations; Type: CONSTRAINT; Schema: game_1; Owner: postgres
--

ALTER TABLE ONLY game_1.accessestonations
    ADD CONSTRAINT "PK_accessestonations" PRIMARY KEY (id);


--
-- TOC entry 4919 (class 2606 OID 25653)
-- Name: actions PK_actions; Type: CONSTRAINT; Schema: game_1; Owner: postgres
--

ALTER TABLE ONLY game_1.actions
    ADD CONSTRAINT "PK_actions" PRIMARY KEY (id);


--
-- TOC entry 4923 (class 2606 OID 25655)
-- Name: armies PK_armies; Type: CONSTRAINT; Schema: game_1; Owner: postgres
--

ALTER TABLE ONLY game_1.armies
    ADD CONSTRAINT "PK_armies" PRIMARY KEY (id);


--
-- TOC entry 4925 (class 2606 OID 25657)
-- Name: cultures PK_cultures; Type: CONSTRAINT; Schema: game_1; Owner: postgres
--

ALTER TABLE ONLY game_1.cultures
    ADD CONSTRAINT "PK_cultures" PRIMARY KEY (id);


--
-- TOC entry 4927 (class 2606 OID 25659)
-- Name: events PK_events; Type: CONSTRAINT; Schema: game_1; Owner: postgres
--

ALTER TABLE ONLY game_1.events
    ADD CONSTRAINT "PK_events" PRIMARY KEY (id);


--
-- TOC entry 4930 (class 2606 OID 25661)
-- Name: factions PK_factions; Type: CONSTRAINT; Schema: game_1; Owner: postgres
--

ALTER TABLE ONLY game_1.factions
    ADD CONSTRAINT "PK_factions" PRIMARY KEY (id);


--
-- TOC entry 4933 (class 2606 OID 25663)
-- Name: locations PK_locations; Type: CONSTRAINT; Schema: game_1; Owner: postgres
--

ALTER TABLE ONLY game_1.locations
    ADD CONSTRAINT "PK_locations" PRIMARY KEY (id);


--
-- TOC entry 4935 (class 2606 OID 25665)
-- Name: locationsResources PK_locationsResources; Type: CONSTRAINT; Schema: game_1; Owner: postgres
--

ALTER TABLE ONLY game_1."locationsResources"
    ADD CONSTRAINT "PK_locationsResources" PRIMARY KEY (id);


--
-- TOC entry 4939 (class 2606 OID 25667)
-- Name: maintenanceCosts PK_maintenanceCosts; Type: CONSTRAINT; Schema: game_1; Owner: postgres
--

ALTER TABLE ONLY game_1."maintenanceCosts"
    ADD CONSTRAINT "PK_maintenanceCosts" PRIMARY KEY (id);


--
-- TOC entry 4941 (class 2606 OID 25669)
-- Name: map PK_map; Type: CONSTRAINT; Schema: game_1; Owner: postgres
--

ALTER TABLE ONLY game_1.map
    ADD CONSTRAINT "PK_map" PRIMARY KEY (id);


--
-- TOC entry 4944 (class 2606 OID 25671)
-- Name: mapAccess PK_mapAccess; Type: CONSTRAINT; Schema: game_1; Owner: postgres
--

ALTER TABLE ONLY game_1."mapAccess"
    ADD CONSTRAINT "PK_mapAccess" PRIMARY KEY ("fk_Users", "fk_Maps");


--
-- TOC entry 4946 (class 2606 OID 25673)
-- Name: nations PK_nations; Type: CONSTRAINT; Schema: game_1; Owner: postgres
--

ALTER TABLE ONLY game_1.nations
    ADD CONSTRAINT "PK_nations" PRIMARY KEY (id);


--
-- TOC entry 4950 (class 2606 OID 25675)
-- Name: offeredresources PK_offeredresources; Type: CONSTRAINT; Schema: game_1; Owner: postgres
--

ALTER TABLE ONLY game_1.offeredresources
    ADD CONSTRAINT "PK_offeredresources" PRIMARY KEY (id);


--
-- TOC entry 4952 (class 2606 OID 25677)
-- Name: players PK_players; Type: CONSTRAINT; Schema: game_1; Owner: postgres
--

ALTER TABLE ONLY game_1.players
    ADD CONSTRAINT "PK_players" PRIMARY KEY (id);


--
-- TOC entry 4958 (class 2606 OID 25679)
-- Name: populations PK_populations; Type: CONSTRAINT; Schema: game_1; Owner: postgres
--

ALTER TABLE ONLY game_1.populations
    ADD CONSTRAINT "PK_populations" PRIMARY KEY (id);


--
-- TOC entry 4962 (class 2606 OID 25681)
-- Name: productionCost PK_productionCost; Type: CONSTRAINT; Schema: game_1; Owner: postgres
--

ALTER TABLE ONLY game_1."productionCost"
    ADD CONSTRAINT "PK_productionCost" PRIMARY KEY (id);


--
-- TOC entry 4964 (class 2606 OID 25683)
-- Name: productionShares PK_productionShares; Type: CONSTRAINT; Schema: game_1; Owner: postgres
--

ALTER TABLE ONLY game_1."productionShares"
    ADD CONSTRAINT "PK_productionShares" PRIMARY KEY (id);


--
-- TOC entry 4968 (class 2606 OID 25685)
-- Name: relatedEvents PK_relatedEvents; Type: CONSTRAINT; Schema: game_1; Owner: postgres
--

ALTER TABLE ONLY game_1."relatedEvents"
    ADD CONSTRAINT "PK_relatedEvents" PRIMARY KEY (id);


--
-- TOC entry 4970 (class 2606 OID 25687)
-- Name: religions PK_religions; Type: CONSTRAINT; Schema: game_1; Owner: postgres
--

ALTER TABLE ONLY game_1.religions
    ADD CONSTRAINT "PK_religions" PRIMARY KEY (id);


--
-- TOC entry 4972 (class 2606 OID 25689)
-- Name: resources PK_resources; Type: CONSTRAINT; Schema: game_1; Owner: postgres
--

ALTER TABLE ONLY game_1.resources
    ADD CONSTRAINT "PK_resources" PRIMARY KEY (id);


--
-- TOC entry 4974 (class 2606 OID 25691)
-- Name: socialgroups PK_socialgroups; Type: CONSTRAINT; Schema: game_1; Owner: postgres
--

ALTER TABLE ONLY game_1.socialgroups
    ADD CONSTRAINT "PK_socialgroups" PRIMARY KEY (id);


--
-- TOC entry 4978 (class 2606 OID 25693)
-- Name: tradeagreements PK_tradeagreements; Type: CONSTRAINT; Schema: game_1; Owner: postgres
--

ALTER TABLE ONLY game_1.tradeagreements
    ADD CONSTRAINT "PK_tradeagreements" PRIMARY KEY (id);


--
-- TOC entry 4982 (class 2606 OID 25695)
-- Name: troops PK_troops; Type: CONSTRAINT; Schema: game_1; Owner: postgres
--

ALTER TABLE ONLY game_1.troops
    ADD CONSTRAINT "PK_troops" PRIMARY KEY (id);


--
-- TOC entry 4986 (class 2606 OID 25697)
-- Name: unitOrders PK_unitOrders; Type: CONSTRAINT; Schema: game_1; Owner: postgres
--

ALTER TABLE ONLY game_1."unitOrders"
    ADD CONSTRAINT "PK_unitOrders" PRIMARY KEY (id);


--
-- TOC entry 4988 (class 2606 OID 25699)
-- Name: unitTypes PK_unitTypes; Type: CONSTRAINT; Schema: game_1; Owner: postgres
--

ALTER TABLE ONLY game_1."unitTypes"
    ADD CONSTRAINT "PK_unitTypes" PRIMARY KEY (id);


--
-- TOC entry 4990 (class 2606 OID 25701)
-- Name: usedResources PK_usedResources; Type: CONSTRAINT; Schema: game_1; Owner: postgres
--

ALTER TABLE ONLY game_1."usedResources"
    ADD CONSTRAINT "PK_usedResources" PRIMARY KEY (id);


--
-- TOC entry 4994 (class 2606 OID 25703)
-- Name: wantedresources PK_wantedresources; Type: CONSTRAINT; Schema: game_1; Owner: postgres
--

ALTER TABLE ONLY game_1.wantedresources
    ADD CONSTRAINT "PK_wantedresources" PRIMARY KEY (id);


--
-- TOC entry 4996 (class 2606 OID 25705)
-- Name: __EFMigrationsHistory PK___EFMigrationsHistory; Type: CONSTRAINT; Schema: public; Owner: postgres
--

ALTER TABLE ONLY public."__EFMigrationsHistory"
    ADD CONSTRAINT "PK___EFMigrationsHistory" PRIMARY KEY ("MigrationId");


--
-- TOC entry 4898 (class 1259 OID 25706)
-- Name: IX_gameaccess_fk_Games; Type: INDEX; Schema: Global; Owner: postgres
--

CREATE INDEX "IX_gameaccess_fk_Games" ON "Global".gameaccess USING btree ("fk_Games");


--
-- TOC entry 4901 (class 1259 OID 25707)
-- Name: IX_games_name; Type: INDEX; Schema: Global; Owner: postgres
--

CREATE UNIQUE INDEX "IX_games_name" ON "Global".games USING btree (name);


--
-- TOC entry 4902 (class 1259 OID 25708)
-- Name: IX_games_ownerId; Type: INDEX; Schema: Global; Owner: postgres
--

CREATE INDEX "IX_games_ownerId" ON "Global".games USING btree ("ownerId");


--
-- TOC entry 4905 (class 1259 OID 25709)
-- Name: IX_users_email; Type: INDEX; Schema: Global; Owner: postgres
--

CREATE UNIQUE INDEX "IX_users_email" ON "Global".users USING btree (email);


--
-- TOC entry 4906 (class 1259 OID 25710)
-- Name: IX_users_name; Type: INDEX; Schema: Global; Owner: postgres
--

CREATE UNIQUE INDEX "IX_users_name" ON "Global".users USING btree (name);


--
-- TOC entry 4909 (class 1259 OID 25711)
-- Name: IX_accessToUnits_fk_Nations; Type: INDEX; Schema: game_1; Owner: postgres
--

CREATE INDEX "IX_accessToUnits_fk_Nations" ON game_1."accessToUnits" USING btree ("fk_Nation");


--
-- TOC entry 4910 (class 1259 OID 25712)
-- Name: IX_accessToUnits_fk_UnitTypes; Type: INDEX; Schema: game_1; Owner: postgres
--

CREATE INDEX "IX_accessToUnits_fk_UnitTypes" ON game_1."accessToUnits" USING btree ("fk_UnitTypes");


--
-- TOC entry 4913 (class 1259 OID 25713)
-- Name: IX_accessestonations_fk_nations; Type: INDEX; Schema: game_1; Owner: postgres
--

CREATE INDEX "IX_accessestonations_fk_nations" ON game_1.accessestonations USING btree (fk_nations);


--
-- TOC entry 4914 (class 1259 OID 25714)
-- Name: IX_accessestonations_fk_users; Type: INDEX; Schema: game_1; Owner: postgres
--

CREATE INDEX "IX_accessestonations_fk_users" ON game_1.accessestonations USING btree (fk_users);


--
-- TOC entry 4917 (class 1259 OID 25715)
-- Name: IX_actions_fk_Nations; Type: INDEX; Schema: game_1; Owner: postgres
--

CREATE INDEX "IX_actions_fk_Nations" ON game_1.actions USING btree ("fk_Nations");


--
-- TOC entry 4920 (class 1259 OID 25716)
-- Name: IX_armies_fk_Locations; Type: INDEX; Schema: game_1; Owner: postgres
--

CREATE INDEX "IX_armies_fk_Locations" ON game_1.armies USING btree ("fk_Locations");


--
-- TOC entry 4921 (class 1259 OID 25717)
-- Name: IX_armies_fk_Nations; Type: INDEX; Schema: game_1; Owner: postgres
--

CREATE INDEX "IX_armies_fk_Nations" ON game_1.armies USING btree ("fk_Nations");


--
-- TOC entry 4928 (class 1259 OID 25718)
-- Name: IX_factions_fk_Nations; Type: INDEX; Schema: game_1; Owner: postgres
--

CREATE INDEX "IX_factions_fk_Nations" ON game_1.factions USING btree ("fk_Nations");


--
-- TOC entry 4931 (class 1259 OID 25719)
-- Name: IX_locations_fk_nations; Type: INDEX; Schema: game_1; Owner: postgres
--

CREATE INDEX "IX_locations_fk_nations" ON game_1.locations USING btree (fk_nations);


--
-- TOC entry 4936 (class 1259 OID 25720)
-- Name: IX_maintenanceCosts_fk_Resources; Type: INDEX; Schema: game_1; Owner: postgres
--

CREATE INDEX "IX_maintenanceCosts_fk_Resources" ON game_1."maintenanceCosts" USING btree ("fk_Resources");


--
-- TOC entry 4937 (class 1259 OID 25721)
-- Name: IX_maintenanceCosts_fk_UnitTypes; Type: INDEX; Schema: game_1; Owner: postgres
--

CREATE INDEX "IX_maintenanceCosts_fk_UnitTypes" ON game_1."maintenanceCosts" USING btree ("fk_UnitTypes");


--
-- TOC entry 4942 (class 1259 OID 25722)
-- Name: IX_mapAccess_fk_Maps; Type: INDEX; Schema: game_1; Owner: postgres
--

CREATE INDEX "IX_mapAccess_fk_Maps" ON game_1."mapAccess" USING btree ("fk_Maps");


--
-- TOC entry 4947 (class 1259 OID 25723)
-- Name: IX_offeredresources_fk_resource; Type: INDEX; Schema: game_1; Owner: postgres
--

CREATE INDEX "IX_offeredresources_fk_resource" ON game_1.offeredresources USING btree (fk_resource);


--
-- TOC entry 4948 (class 1259 OID 25724)
-- Name: IX_offeredresources_fk_tradeagreement; Type: INDEX; Schema: game_1; Owner: postgres
--

CREATE INDEX "IX_offeredresources_fk_tradeagreement" ON game_1.offeredresources USING btree (fk_tradeagreement);


--
-- TOC entry 4953 (class 1259 OID 25725)
-- Name: IX_populations_fk_cultures; Type: INDEX; Schema: game_1; Owner: postgres
--

CREATE INDEX "IX_populations_fk_cultures" ON game_1.populations USING btree (fk_cultures);


--
-- TOC entry 4954 (class 1259 OID 25726)
-- Name: IX_populations_fk_locations; Type: INDEX; Schema: game_1; Owner: postgres
--

CREATE INDEX "IX_populations_fk_locations" ON game_1.populations USING btree (fk_locations);


--
-- TOC entry 4955 (class 1259 OID 25727)
-- Name: IX_populations_fk_religions; Type: INDEX; Schema: game_1; Owner: postgres
--

CREATE INDEX "IX_populations_fk_religions" ON game_1.populations USING btree (fk_religions);


--
-- TOC entry 4956 (class 1259 OID 25728)
-- Name: IX_populations_fk_socialgroups; Type: INDEX; Schema: game_1; Owner: postgres
--

CREATE INDEX "IX_populations_fk_socialgroups" ON game_1.populations USING btree (fk_socialgroups);


--
-- TOC entry 4959 (class 1259 OID 25729)
-- Name: IX_productionCost_fk_Resources; Type: INDEX; Schema: game_1; Owner: postgres
--

CREATE INDEX "IX_productionCost_fk_Resources" ON game_1."productionCost" USING btree ("fk_Resources");


--
-- TOC entry 4960 (class 1259 OID 25730)
-- Name: IX_productionCost_fk_UnitTypes; Type: INDEX; Schema: game_1; Owner: postgres
--

CREATE INDEX "IX_productionCost_fk_UnitTypes" ON game_1."productionCost" USING btree ("fk_UnitTypes");


--
-- TOC entry 4965 (class 1259 OID 25731)
-- Name: IX_relatedEvents_fk_Events; Type: INDEX; Schema: game_1; Owner: postgres
--

CREATE INDEX "IX_relatedEvents_fk_Events" ON game_1."relatedEvents" USING btree ("fk_Events");


--
-- TOC entry 4966 (class 1259 OID 25732)
-- Name: IX_relatedEvents_fk_Nations; Type: INDEX; Schema: game_1; Owner: postgres
--

CREATE INDEX "IX_relatedEvents_fk_Nations" ON game_1."relatedEvents" USING btree ("fk_Nations");


--
-- TOC entry 4975 (class 1259 OID 25733)
-- Name: IX_tradeagreements_fk_nationoffering; Type: INDEX; Schema: game_1; Owner: postgres
--

CREATE INDEX "IX_tradeagreements_fk_nationoffering" ON game_1.tradeagreements USING btree (fk_nationoffering);


--
-- TOC entry 4976 (class 1259 OID 25734)
-- Name: IX_tradeagreements_fk_nationreceiving; Type: INDEX; Schema: game_1; Owner: postgres
--

CREATE INDEX "IX_tradeagreements_fk_nationreceiving" ON game_1.tradeagreements USING btree (fk_nationreceiving);


--
-- TOC entry 4979 (class 1259 OID 25735)
-- Name: IX_troops_fk_Armies; Type: INDEX; Schema: game_1; Owner: postgres
--

CREATE INDEX "IX_troops_fk_Armies" ON game_1.troops USING btree ("fk_Armies");


--
-- TOC entry 4980 (class 1259 OID 25736)
-- Name: IX_troops_fk_UnitTypes; Type: INDEX; Schema: game_1; Owner: postgres
--

CREATE INDEX "IX_troops_fk_UnitTypes" ON game_1.troops USING btree ("fk_UnitTypes");


--
-- TOC entry 4983 (class 1259 OID 25737)
-- Name: IX_unitOrders_fk_Nations; Type: INDEX; Schema: game_1; Owner: postgres
--

CREATE INDEX "IX_unitOrders_fk_Nations" ON game_1."unitOrders" USING btree ("fk_Nations");


--
-- TOC entry 4984 (class 1259 OID 25738)
-- Name: IX_unitOrders_fk_UnitTypes; Type: INDEX; Schema: game_1; Owner: postgres
--

CREATE INDEX "IX_unitOrders_fk_UnitTypes" ON game_1."unitOrders" USING btree ("fk_UnitTypes");


--
-- TOC entry 4991 (class 1259 OID 25739)
-- Name: IX_wantedresources_fk_resource; Type: INDEX; Schema: game_1; Owner: postgres
--

CREATE INDEX "IX_wantedresources_fk_resource" ON game_1.wantedresources USING btree (fk_resource);


--
-- TOC entry 4992 (class 1259 OID 25740)
-- Name: IX_wantedresources_fk_tradeagreement; Type: INDEX; Schema: game_1; Owner: postgres
--

CREATE INDEX "IX_wantedresources_fk_tradeagreement" ON game_1.wantedresources USING btree (fk_tradeagreement);


--
-- TOC entry 4997 (class 2606 OID 25741)
-- Name: gameaccess FK_gameaccess_games_fk_Games; Type: FK CONSTRAINT; Schema: Global; Owner: postgres
--

ALTER TABLE ONLY "Global".gameaccess
    ADD CONSTRAINT "FK_gameaccess_games_fk_Games" FOREIGN KEY ("fk_Games") REFERENCES "Global".games(id) ON DELETE CASCADE;


--
-- TOC entry 4998 (class 2606 OID 25746)
-- Name: gameaccess FK_gameaccess_users_fk_Users; Type: FK CONSTRAINT; Schema: Global; Owner: postgres
--

ALTER TABLE ONLY "Global".gameaccess
    ADD CONSTRAINT "FK_gameaccess_users_fk_Users" FOREIGN KEY ("fk_Users") REFERENCES "Global".users(id) ON DELETE CASCADE;


--
-- TOC entry 4999 (class 2606 OID 25751)
-- Name: games FK_games_users_ownerId; Type: FK CONSTRAINT; Schema: Global; Owner: postgres
--

ALTER TABLE ONLY "Global".games
    ADD CONSTRAINT "FK_games_users_ownerId" FOREIGN KEY ("ownerId") REFERENCES "Global".users(id) ON DELETE CASCADE;


--
-- TOC entry 5000 (class 2606 OID 25781)
-- Name: armies FK_armies_locations_fk_Locations; Type: FK CONSTRAINT; Schema: game_1; Owner: postgres
--

ALTER TABLE ONLY game_1.armies
    ADD CONSTRAINT "FK_armies_locations_fk_Locations" FOREIGN KEY ("fk_Locations") REFERENCES game_1.locations(id) ON DELETE CASCADE;


--
-- TOC entry 5001 (class 2606 OID 25796)
-- Name: locationsResources FK_locationsResources_locations_fk_Locations; Type: FK CONSTRAINT; Schema: game_1; Owner: postgres
--

ALTER TABLE ONLY game_1."locationsResources"
    ADD CONSTRAINT "FK_locationsResources_locations_fk_Locations" FOREIGN KEY ("fk_Locations") REFERENCES game_1.locations(id) ON DELETE CASCADE;


--
-- TOC entry 5002 (class 2606 OID 25821)
-- Name: mapAccess FK_mapAccess_map_fk_Maps; Type: FK CONSTRAINT; Schema: game_1; Owner: postgres
--

ALTER TABLE ONLY game_1."mapAccess"
    ADD CONSTRAINT "FK_mapAccess_map_fk_Maps" FOREIGN KEY ("fk_Maps") REFERENCES game_1.map(id) ON DELETE CASCADE;


--
-- TOC entry 5003 (class 2606 OID 25831)
-- Name: offeredresources FK_offeredresources_resources_fk_resource; Type: FK CONSTRAINT; Schema: game_1; Owner: postgres
--

ALTER TABLE ONLY game_1.offeredresources
    ADD CONSTRAINT "FK_offeredresources_resources_fk_resource" FOREIGN KEY (fk_resource) REFERENCES game_1.resources(id) ON DELETE CASCADE;


--
-- TOC entry 5004 (class 2606 OID 25836)
-- Name: offeredresources FK_offeredresources_tradeagreements_fk_tradeagreement; Type: FK CONSTRAINT; Schema: game_1; Owner: postgres
--

ALTER TABLE ONLY game_1.offeredresources
    ADD CONSTRAINT "FK_offeredresources_tradeagreements_fk_tradeagreement" FOREIGN KEY (fk_tradeagreement) REFERENCES game_1.tradeagreements(id) ON DELETE CASCADE;


--
-- TOC entry 5005 (class 2606 OID 25841)
-- Name: populations FK_populations_cultures_fk_cultures; Type: FK CONSTRAINT; Schema: game_1; Owner: postgres
--

ALTER TABLE ONLY game_1.populations
    ADD CONSTRAINT "FK_populations_cultures_fk_cultures" FOREIGN KEY (fk_cultures) REFERENCES game_1.cultures(id) ON DELETE CASCADE;


--
-- TOC entry 5006 (class 2606 OID 25846)
-- Name: populations FK_populations_locations_fk_locations; Type: FK CONSTRAINT; Schema: game_1; Owner: postgres
--

ALTER TABLE ONLY game_1.populations
    ADD CONSTRAINT "FK_populations_locations_fk_locations" FOREIGN KEY (fk_locations) REFERENCES game_1.locations(id) ON DELETE CASCADE;


--
-- TOC entry 5007 (class 2606 OID 25851)
-- Name: populations FK_populations_religions_fk_religions; Type: FK CONSTRAINT; Schema: game_1; Owner: postgres
--

ALTER TABLE ONLY game_1.populations
    ADD CONSTRAINT "FK_populations_religions_fk_religions" FOREIGN KEY (fk_religions) REFERENCES game_1.religions(id) ON DELETE CASCADE;


--
-- TOC entry 5008 (class 2606 OID 25856)
-- Name: populations FK_populations_socialgroups_fk_socialgroups; Type: FK CONSTRAINT; Schema: game_1; Owner: postgres
--

ALTER TABLE ONLY game_1.populations
    ADD CONSTRAINT "FK_populations_socialgroups_fk_socialgroups" FOREIGN KEY (fk_socialgroups) REFERENCES game_1.socialgroups(id) ON DELETE CASCADE;


--
-- TOC entry 5009 (class 2606 OID 25861)
-- Name: productionCost FK_productionCost_resources_fk_Resources; Type: FK CONSTRAINT; Schema: game_1; Owner: postgres
--

ALTER TABLE ONLY game_1."productionCost"
    ADD CONSTRAINT "FK_productionCost_resources_fk_Resources" FOREIGN KEY ("fk_Resources") REFERENCES game_1.resources(id) ON DELETE CASCADE;


--
-- TOC entry 5010 (class 2606 OID 25866)
-- Name: productionCost FK_productionCost_unitTypes_fk_UnitTypes; Type: FK CONSTRAINT; Schema: game_1; Owner: postgres
--

ALTER TABLE ONLY game_1."productionCost"
    ADD CONSTRAINT "FK_productionCost_unitTypes_fk_UnitTypes" FOREIGN KEY ("fk_UnitTypes") REFERENCES game_1."unitTypes"(id) ON DELETE CASCADE;


--
-- TOC entry 5011 (class 2606 OID 25871)
-- Name: relatedEvents FK_relatedEvents_events_fk_Events; Type: FK CONSTRAINT; Schema: game_1; Owner: postgres
--

ALTER TABLE ONLY game_1."relatedEvents"
    ADD CONSTRAINT "FK_relatedEvents_events_fk_Events" FOREIGN KEY ("fk_Events") REFERENCES game_1.events(id) ON DELETE CASCADE;


--
-- TOC entry 5012 (class 2606 OID 25876)
-- Name: relatedEvents FK_relatedEvents_nations_fk_Nations; Type: FK CONSTRAINT; Schema: game_1; Owner: postgres
--

ALTER TABLE ONLY game_1."relatedEvents"
    ADD CONSTRAINT "FK_relatedEvents_nations_fk_Nations" FOREIGN KEY ("fk_Nations") REFERENCES game_1.nations(id) ON DELETE CASCADE;


--
-- TOC entry 5013 (class 2606 OID 25881)
-- Name: tradeagreements FK_tradeagreements_nations_fk_nationoffering; Type: FK CONSTRAINT; Schema: game_1; Owner: postgres
--

ALTER TABLE ONLY game_1.tradeagreements
    ADD CONSTRAINT "FK_tradeagreements_nations_fk_nationoffering" FOREIGN KEY (fk_nationoffering) REFERENCES game_1.nations(id) ON DELETE CASCADE;


--
-- TOC entry 5014 (class 2606 OID 25886)
-- Name: tradeagreements FK_tradeagreements_nations_fk_nationreceiving; Type: FK CONSTRAINT; Schema: game_1; Owner: postgres
--

ALTER TABLE ONLY game_1.tradeagreements
    ADD CONSTRAINT "FK_tradeagreements_nations_fk_nationreceiving" FOREIGN KEY (fk_nationreceiving) REFERENCES game_1.nations(id) ON DELETE CASCADE;


--
-- TOC entry 5015 (class 2606 OID 25891)
-- Name: troops FK_troops_armies_fk_Armies; Type: FK CONSTRAINT; Schema: game_1; Owner: postgres
--

ALTER TABLE ONLY game_1.troops
    ADD CONSTRAINT "FK_troops_armies_fk_Armies" FOREIGN KEY ("fk_Armies") REFERENCES game_1.armies(id) ON DELETE CASCADE;


--
-- TOC entry 5016 (class 2606 OID 25896)
-- Name: troops FK_troops_unitTypes_fk_UnitTypes; Type: FK CONSTRAINT; Schema: game_1; Owner: postgres
--

ALTER TABLE ONLY game_1.troops
    ADD CONSTRAINT "FK_troops_unitTypes_fk_UnitTypes" FOREIGN KEY ("fk_UnitTypes") REFERENCES game_1."unitTypes"(id) ON DELETE CASCADE;


--
-- TOC entry 5017 (class 2606 OID 25901)
-- Name: unitOrders FK_unitOrders_nations_fk_Nations; Type: FK CONSTRAINT; Schema: game_1; Owner: postgres
--

ALTER TABLE ONLY game_1."unitOrders"
    ADD CONSTRAINT "FK_unitOrders_nations_fk_Nations" FOREIGN KEY ("fk_Nations") REFERENCES game_1.nations(id) ON DELETE CASCADE;


--
-- TOC entry 5018 (class 2606 OID 25906)
-- Name: unitOrders FK_unitOrders_unitTypes_fk_UnitTypes; Type: FK CONSTRAINT; Schema: game_1; Owner: postgres
--

ALTER TABLE ONLY game_1."unitOrders"
    ADD CONSTRAINT "FK_unitOrders_unitTypes_fk_UnitTypes" FOREIGN KEY ("fk_UnitTypes") REFERENCES game_1."unitTypes"(id) ON DELETE CASCADE;


--
-- TOC entry 5019 (class 2606 OID 25911)
-- Name: wantedresources FK_wantedresources_resources_fk_resource; Type: FK CONSTRAINT; Schema: game_1; Owner: postgres
--

ALTER TABLE ONLY game_1.wantedresources
    ADD CONSTRAINT "FK_wantedresources_resources_fk_resource" FOREIGN KEY (fk_resource) REFERENCES game_1.resources(id) ON DELETE CASCADE;


--
-- TOC entry 5020 (class 2606 OID 25916)
-- Name: wantedresources FK_wantedresources_tradeagreements_fk_tradeagreement; Type: FK CONSTRAINT; Schema: game_1; Owner: postgres
--

ALTER TABLE ONLY game_1.wantedresources
    ADD CONSTRAINT "FK_wantedresources_tradeagreements_fk_tradeagreement" FOREIGN KEY (fk_tradeagreement) REFERENCES game_1.tradeagreements(id) ON DELETE CASCADE;


-- Completed on 2025-10-25 12:54:07

--
-- PostgreSQL database dump complete
--

\unrestrict 2TSejbMcPrk87NhV0ZFwRCpcl1LHY92rN1oKPO1pgv2QQiHXHkt2bhBuXbutBXc

