--
-- PostgreSQL database dump
--

-- Dumped from database version 17.6
-- Dumped by pg_dump version 17.6

-- Started on 2025-09-26 18:01:29

SET statement_timeout = 0;
SET lock_timeout = 0;
SET idle_in_transaction_session_timeout = 0;
SET transaction_timeout = 0;
SET client_encoding = 'UTF8';
SET standard_conforming_strings = on;
SELECT pg_catalog.set_config('search_path', '', false);
SET check_function_bodies = false;
SET xmloption = content;
SET client_min_messages = warning;
SET row_security = off;

--
-- TOC entry 5 (class 2615 OID 24576)
-- Name: Global; Type: SCHEMA; Schema: -; Owner: postgres
--

CREATE SCHEMA "Global";


ALTER SCHEMA "Global" OWNER TO postgres;

--
-- TOC entry 6 (class 2615 OID 24577)
-- Name: game_1; Type: SCHEMA; Schema: -; Owner: postgres
--

CREATE SCHEMA game_1;


ALTER SCHEMA game_1 OWNER TO postgres;

--
-- TOC entry 299 (class 1255 OID 25024)
-- Name: add_nation_to_all_resources(); Type: FUNCTION; Schema: game_1; Owner: postgres
--

CREATE FUNCTION game_1.add_nation_to_all_resources() RETURNS trigger
    LANGUAGE plpgsql
    AS $$
DECLARE
    nationId INT := NEW.id;
BEGIN
    INSERT INTO game_1."ownedResources" (fk_nation, fk_resource, amount)
    SELECT nationId, r.id, 0
    FROM game_1.resources r;

    RETURN NEW;
END;
$$;


ALTER FUNCTION game_1.add_nation_to_all_resources() OWNER TO postgres;

--
-- TOC entry 287 (class 1255 OID 25016)
-- Name: add_population_relations(); Type: FUNCTION; Schema: game_1; Owner: postgres
--

CREATE FUNCTION game_1.add_population_relations() RETURNS trigger
    LANGUAGE plpgsql
    AS $$
DECLARE
    socialGroupId INT := NEW.fk_socialgroups;
    popId INT := NEW.id;
BEGIN
    -- Tworzenie rekordów w populationproductionshares
    INSERT INTO game_1.populationproductionshares (fk_population, fk_resources, coefficient)
    SELECT popId, ps."fk_Resources", ps.coefficient
    FROM game_1."productionShares" ps
    WHERE ps."fk_SocialGroups" = socialGroupId;

    -- Tworzenie rekordów w populationusedresource
    INSERT INTO game_1.populationusedresource (fk_population, fk_resources, amount)
    SELECT popId, ur."fk_Resources", ur.amount
    FROM game_1."usedResources" ur
    WHERE ur."fk_SocialGroups" = socialGroupId;

    RETURN NEW;
END;
$$;


ALTER FUNCTION game_1.add_population_relations() OWNER TO postgres;

--
-- TOC entry 302 (class 1255 OID 25018)
-- Name: add_production_shares_to_populations(); Type: FUNCTION; Schema: game_1; Owner: postgres
--

CREATE FUNCTION game_1.add_production_shares_to_populations() RETURNS trigger
    LANGUAGE plpgsql
    AS $$
DECLARE
    socialGroupId INT := NEW."fk_SocialGroups";
BEGIN
    INSERT INTO game_1.populationproductionshares (fk_population, fk_resources, coefficient)
    SELECT p.id, NEW."fk_Resources", NEW.coefficient
    FROM game_1.populations p
    WHERE p.fk_socialgroups = socialGroupId;

    RETURN NEW;
END;
$$;


ALTER FUNCTION game_1.add_production_shares_to_populations() OWNER TO postgres;

--
-- TOC entry 300 (class 1255 OID 25022)
-- Name: add_resource_to_all_nations(); Type: FUNCTION; Schema: game_1; Owner: postgres
--

CREATE FUNCTION game_1.add_resource_to_all_nations() RETURNS trigger
    LANGUAGE plpgsql
    AS $$
DECLARE
    resourceId INT := NEW.id;
BEGIN
    INSERT INTO game_1."ownedResources" (fk_nation, fk_resource, amount)
    SELECT n.id, resourceId, 0
    FROM game_1.nations n;

    RETURN NEW;
END;
$$;


ALTER FUNCTION game_1.add_resource_to_all_nations() OWNER TO postgres;

--
-- TOC entry 301 (class 1255 OID 25020)
-- Name: add_used_resources_to_populations(); Type: FUNCTION; Schema: game_1; Owner: postgres
--

CREATE FUNCTION game_1.add_used_resources_to_populations() RETURNS trigger
    LANGUAGE plpgsql
    AS $$
DECLARE
    socialGroupId INT := NEW."fk_SocialGroups";
BEGIN
    INSERT INTO game_1.populationusedresource (fk_population, fk_resources, amount)
    SELECT p.id, NEW."fk_Resources", NEW.amount
    FROM game_1.populations p
    WHERE p.fk_socialgroups = socialGroupId;

    RETURN NEW;
END;
$$;


ALTER FUNCTION game_1.add_used_resources_to_populations() OWNER TO postgres;

SET default_tablespace = '';

SET default_table_access_method = heap;

--
-- TOC entry 218 (class 1259 OID 24578)
-- Name: gameaccess; Type: TABLE; Schema: Global; Owner: postgres
--

CREATE TABLE "Global".gameaccess (
    id integer NOT NULL,
    "fk_Users" integer NOT NULL,
    "fk_Games" integer NOT NULL,
    "accessType" integer NOT NULL,
    "isArchived" boolean NOT NULL
);


ALTER TABLE "Global".gameaccess OWNER TO postgres;

--
-- TOC entry 219 (class 1259 OID 24581)
-- Name: gameaccess_id_seq; Type: SEQUENCE; Schema: Global; Owner: postgres
--

ALTER TABLE "Global".gameaccess ALTER COLUMN id ADD GENERATED BY DEFAULT AS IDENTITY (
    SEQUENCE NAME "Global".gameaccess_id_seq
    START WITH 1
    INCREMENT BY 1
    NO MINVALUE
    NO MAXVALUE
    CACHE 1
);


--
-- TOC entry 220 (class 1259 OID 24582)
-- Name: games; Type: TABLE; Schema: Global; Owner: postgres
--

CREATE TABLE "Global".games (
    id integer NOT NULL,
    name text NOT NULL,
    description text,
    image text,
    "ownerId" integer NOT NULL,
    game_code text DEFAULT upper(substr(md5((random())::text), 1, 6))

);


ALTER TABLE "Global".games OWNER TO postgres;

--
-- TOC entry 221 (class 1259 OID 24587)
-- Name: games_id_seq; Type: SEQUENCE; Schema: Global; Owner: postgres
--

ALTER TABLE "Global".games ALTER COLUMN id ADD GENERATED BY DEFAULT AS IDENTITY (
    SEQUENCE NAME "Global".games_id_seq
    START WITH 1
    INCREMENT BY 1
    NO MINVALUE
    NO MAXVALUE
    CACHE 1
);


--
-- TOC entry 222 (class 1259 OID 24588)
-- Name: users; Type: TABLE; Schema: Global; Owner: postgres
--

CREATE TABLE "Global".users (
    id integer NOT NULL,
    name text NOT NULL,
    email text NOT NULL,
    password text NOT NULL,
    issso boolean NOT NULL,
    isarchived boolean NOT NULL,
    image text
);


ALTER TABLE "Global".users OWNER TO postgres;

--
-- TOC entry 223 (class 1259 OID 24593)
-- Name: users_id_seq; Type: SEQUENCE; Schema: Global; Owner: postgres
--

ALTER TABLE "Global".users ALTER COLUMN id ADD GENERATED BY DEFAULT AS IDENTITY (
    SEQUENCE NAME "Global".users_id_seq
    START WITH 1
    INCREMENT BY 1
    NO MINVALUE
    NO MAXVALUE
    CACHE 1
);


--
-- TOC entry 224 (class 1259 OID 24594)
-- Name: accessToUnits; Type: TABLE; Schema: game_1; Owner: postgres
--

CREATE TABLE game_1."accessToUnits" (
    id integer NOT NULL,
    "fk_Nation" integer NOT NULL,
    "fk_UnitTypes" integer NOT NULL
);


ALTER TABLE game_1."accessToUnits" OWNER TO postgres;

--
-- TOC entry 225 (class 1259 OID 24597)
-- Name: accessToUnits_id_seq; Type: SEQUENCE; Schema: game_1; Owner: postgres
--

ALTER TABLE game_1."accessToUnits" ALTER COLUMN id ADD GENERATED BY DEFAULT AS IDENTITY (
    SEQUENCE NAME game_1."accessToUnits_id_seq"
    START WITH 1
    INCREMENT BY 1
    NO MINVALUE
    NO MAXVALUE
    CACHE 1
);


--
-- TOC entry 226 (class 1259 OID 24598)
-- Name: accessestonations; Type: TABLE; Schema: game_1; Owner: postgres
--

CREATE TABLE game_1.accessestonations (
    id integer NOT NULL,
    fk_nations integer NOT NULL,
    fk_users integer NOT NULL,
    dateacquired timestamp with time zone NOT NULL,
    isactive boolean NOT NULL
);


ALTER TABLE game_1.accessestonations OWNER TO postgres;

--
-- TOC entry 227 (class 1259 OID 24601)
-- Name: accessestonations_id_seq; Type: SEQUENCE; Schema: game_1; Owner: postgres
--

ALTER TABLE game_1.accessestonations ALTER COLUMN id ADD GENERATED BY DEFAULT AS IDENTITY (
    SEQUENCE NAME game_1.accessestonations_id_seq
    START WITH 1
    INCREMENT BY 1
    NO MINVALUE
    NO MAXVALUE
    CACHE 1
);


--
-- TOC entry 228 (class 1259 OID 24602)
-- Name: actions; Type: TABLE; Schema: game_1; Owner: postgres
--

CREATE TABLE game_1.actions (
    id integer NOT NULL,
    "fk_Nations" integer NOT NULL,
    name text,
    description text NOT NULL,
    result text,
    "isSettled" boolean NOT NULL
);


ALTER TABLE game_1.actions OWNER TO postgres;

--
-- TOC entry 229 (class 1259 OID 24607)
-- Name: actions_id_seq; Type: SEQUENCE; Schema: game_1; Owner: postgres
--

ALTER TABLE game_1.actions ALTER COLUMN id ADD GENERATED BY DEFAULT AS IDENTITY (
    SEQUENCE NAME game_1.actions_id_seq
    START WITH 1
    INCREMENT BY 1
    NO MINVALUE
    NO MAXVALUE
    CACHE 1
);


--
-- TOC entry 230 (class 1259 OID 24608)
-- Name: armies; Type: TABLE; Schema: game_1; Owner: postgres
--

CREATE TABLE game_1.armies (
    id integer NOT NULL,
    name text NOT NULL,
    "fk_Nations" integer NOT NULL,
    "fk_Locations" integer NOT NULL,
    is_naval boolean NOT NULL
);


ALTER TABLE game_1.armies OWNER TO postgres;

--
-- TOC entry 231 (class 1259 OID 24613)
-- Name: armies_id_seq; Type: SEQUENCE; Schema: game_1; Owner: postgres
--

ALTER TABLE game_1.armies ALTER COLUMN id ADD GENERATED BY DEFAULT AS IDENTITY (
    SEQUENCE NAME game_1.armies_id_seq
    START WITH 1
    INCREMENT BY 1
    NO MINVALUE
    NO MAXVALUE
    CACHE 1
);


--
-- TOC entry 232 (class 1259 OID 24614)
-- Name: cultures; Type: TABLE; Schema: game_1; Owner: postgres
--

CREATE TABLE game_1.cultures (
    id integer NOT NULL,
    name text NOT NULL
);


ALTER TABLE game_1.cultures OWNER TO postgres;

--
-- TOC entry 233 (class 1259 OID 24619)
-- Name: cultures_id_seq; Type: SEQUENCE; Schema: game_1; Owner: postgres
--

ALTER TABLE game_1.cultures ALTER COLUMN id ADD GENERATED BY DEFAULT AS IDENTITY (
    SEQUENCE NAME game_1.cultures_id_seq
    START WITH 1
    INCREMENT BY 1
    NO MINVALUE
    NO MAXVALUE
    CACHE 1
);


--
-- TOC entry 234 (class 1259 OID 24620)
-- Name: events; Type: TABLE; Schema: game_1; Owner: postgres
--

CREATE TABLE game_1.events (
    id integer NOT NULL,
    name text NOT NULL,
    description text,
    picture text
);


ALTER TABLE game_1.events OWNER TO postgres;

--
-- TOC entry 235 (class 1259 OID 24625)
-- Name: events_id_seq; Type: SEQUENCE; Schema: game_1; Owner: postgres
--

ALTER TABLE game_1.events ALTER COLUMN id ADD GENERATED BY DEFAULT AS IDENTITY (
    SEQUENCE NAME game_1.events_id_seq
    START WITH 1
    INCREMENT BY 1
    NO MINVALUE
    NO MAXVALUE
    CACHE 1
);


--
-- TOC entry 236 (class 1259 OID 24626)
-- Name: factions; Type: TABLE; Schema: game_1; Owner: postgres
--

CREATE TABLE game_1.factions (
    id integer NOT NULL,
    name text NOT NULL,
    "fk_Nations" integer NOT NULL,
    power integer NOT NULL,
    agenda text NOT NULL,
    contentment integer NOT NULL,
    color text NOT NULL
);


ALTER TABLE game_1.factions OWNER TO postgres;

--
-- TOC entry 237 (class 1259 OID 24631)
-- Name: factions_id_seq; Type: SEQUENCE; Schema: game_1; Owner: postgres
--

ALTER TABLE game_1.factions ALTER COLUMN id ADD GENERATED BY DEFAULT AS IDENTITY (
    SEQUENCE NAME game_1.factions_id_seq
    START WITH 1
    INCREMENT BY 1
    NO MINVALUE
    NO MAXVALUE
    CACHE 1
);


--
-- TOC entry 238 (class 1259 OID 24632)
-- Name: locations; Type: TABLE; Schema: game_1; Owner: postgres
--

CREATE TABLE game_1.locations (
    id integer NOT NULL,
    name text NOT NULL,
    size integer NOT NULL,
    fortifications integer NOT NULL,
    fk_nations integer NOT NULL
);


ALTER TABLE game_1.locations OWNER TO postgres;

--
-- TOC entry 239 (class 1259 OID 24637)
-- Name: locationsResources; Type: TABLE; Schema: game_1; Owner: postgres
--

CREATE TABLE game_1."locationsResources" (
    id integer NOT NULL,
    "fk_Locations" integer NOT NULL,
    "fk_Resources" integer NOT NULL,
    amount double precision NOT NULL
);


ALTER TABLE game_1."locationsResources" OWNER TO postgres;

--
-- TOC entry 240 (class 1259 OID 24640)
-- Name: locationsResources_id_seq; Type: SEQUENCE; Schema: game_1; Owner: postgres
--

ALTER TABLE game_1."locationsResources" ALTER COLUMN id ADD GENERATED BY DEFAULT AS IDENTITY (
    SEQUENCE NAME game_1."locationsResources_id_seq"
    START WITH 1
    INCREMENT BY 1
    NO MINVALUE
    NO MAXVALUE
    CACHE 1
);


--
-- TOC entry 241 (class 1259 OID 24641)
-- Name: locations_id_seq; Type: SEQUENCE; Schema: game_1; Owner: postgres
--

ALTER TABLE game_1.locations ALTER COLUMN id ADD GENERATED BY DEFAULT AS IDENTITY (
    SEQUENCE NAME game_1.locations_id_seq
    START WITH 1
    INCREMENT BY 1
    NO MINVALUE
    NO MAXVALUE
    CACHE 1
);


--
-- TOC entry 242 (class 1259 OID 24642)
-- Name: maintenanceCosts; Type: TABLE; Schema: game_1; Owner: postgres
--

CREATE TABLE game_1."maintenanceCosts" (
    id integer NOT NULL,
    "fk_UnitTypes" integer NOT NULL,
    "fk_Resources" integer NOT NULL,
    amount double precision NOT NULL
);


ALTER TABLE game_1."maintenanceCosts" OWNER TO postgres;

--
-- TOC entry 243 (class 1259 OID 24645)
-- Name: maintenanceCosts_id_seq; Type: SEQUENCE; Schema: game_1; Owner: postgres
--

ALTER TABLE game_1."maintenanceCosts" ALTER COLUMN id ADD GENERATED BY DEFAULT AS IDENTITY (
    SEQUENCE NAME game_1."maintenanceCosts_id_seq"
    START WITH 1
    INCREMENT BY 1
    NO MINVALUE
    NO MAXVALUE
    CACHE 1
);


--
-- TOC entry 244 (class 1259 OID 24646)
-- Name: map; Type: TABLE; Schema: game_1; Owner: postgres
--

CREATE TABLE game_1.map (
    id integer NOT NULL,
    name text NOT NULL,
    "mapLocation" text NOT NULL,
    "mapIconLocation" text NOT NULL
);


ALTER TABLE game_1.map OWNER TO postgres;

--
-- TOC entry 245 (class 1259 OID 24651)
-- Name: mapAccess; Type: TABLE; Schema: game_1; Owner: postgres
--

CREATE TABLE game_1."mapAccess" (
    "fk_Nations" integer NOT NULL,
    "fk_Maps" integer NOT NULL
);


ALTER TABLE game_1."mapAccess" OWNER TO postgres;

--
-- TOC entry 246 (class 1259 OID 24654)
-- Name: map_id_seq; Type: SEQUENCE; Schema: game_1; Owner: postgres
--

ALTER TABLE game_1.map ALTER COLUMN id ADD GENERATED BY DEFAULT AS IDENTITY (
    SEQUENCE NAME game_1.map_id_seq
    START WITH 1
    INCREMENT BY 1
    NO MINVALUE
    NO MAXVALUE
    CACHE 1
);


--
-- TOC entry 247 (class 1259 OID 24655)
-- Name: modifiers; Type: TABLE; Schema: game_1; Owner: postgres
--

CREATE TABLE game_1.modifiers (
    id integer NOT NULL,
    event_id integer NOT NULL,
    modifier_type integer NOT NULL,
    effects jsonb NOT NULL
);


ALTER TABLE game_1.modifiers OWNER TO postgres;

--
-- TOC entry 248 (class 1259 OID 24660)
-- Name: modifiers_id_seq; Type: SEQUENCE; Schema: game_1; Owner: postgres
--

CREATE SEQUENCE game_1.modifiers_id_seq
    AS integer
    START WITH 1
    INCREMENT BY 1
    NO MINVALUE
    NO MAXVALUE
    CACHE 1;


ALTER SEQUENCE game_1.modifiers_id_seq OWNER TO postgres;

--
-- TOC entry 5280 (class 0 OID 0)
-- Dependencies: 248
-- Name: modifiers_id_seq; Type: SEQUENCE OWNED BY; Schema: game_1; Owner: postgres
--

ALTER SEQUENCE game_1.modifiers_id_seq OWNED BY game_1.modifiers.id;


--
-- TOC entry 249 (class 1259 OID 24661)
-- Name: nations; Type: TABLE; Schema: game_1; Owner: postgres
--

CREATE TABLE game_1.nations (
    id integer NOT NULL,
    name text NOT NULL,
    fk_religions integer NOT NULL,
    fk_cultures integer NOT NULL,
    flag text,
    color text
);


ALTER TABLE game_1.nations OWNER TO postgres;

--
-- TOC entry 250 (class 1259 OID 24666)
-- Name: nations_id_seq; Type: SEQUENCE; Schema: game_1; Owner: postgres
--

ALTER TABLE game_1.nations ALTER COLUMN id ADD GENERATED BY DEFAULT AS IDENTITY (
    SEQUENCE NAME game_1.nations_id_seq
    START WITH 1
    INCREMENT BY 1
    NO MINVALUE
    NO MAXVALUE
    CACHE 1
);


--
-- TOC entry 251 (class 1259 OID 24667)
-- Name: offeredresources; Type: TABLE; Schema: game_1; Owner: postgres
--

CREATE TABLE game_1.offeredresources (
    id integer NOT NULL,
    fk_resource integer NOT NULL,
    fk_tradeagreement integer NOT NULL,
    quantity integer NOT NULL
);


ALTER TABLE game_1.offeredresources OWNER TO postgres;

--
-- TOC entry 252 (class 1259 OID 24670)
-- Name: offeredresources_id_seq; Type: SEQUENCE; Schema: game_1; Owner: postgres
--

ALTER TABLE game_1.offeredresources ALTER COLUMN id ADD GENERATED BY DEFAULT AS IDENTITY (
    SEQUENCE NAME game_1.offeredresources_id_seq
    START WITH 1
    INCREMENT BY 1
    NO MINVALUE
    NO MAXVALUE
    CACHE 1
);


--
-- TOC entry 253 (class 1259 OID 24671)
-- Name: ownedResources; Type: TABLE; Schema: game_1; Owner: postgres
--

CREATE TABLE game_1."ownedResources" (
    "Id" integer NOT NULL,
    fk_nation integer NOT NULL,
    fk_resource integer NOT NULL,
    amount real DEFAULT 0 NOT NULL
);


ALTER TABLE game_1."ownedResources" OWNER TO postgres;

--
-- TOC entry 254 (class 1259 OID 24675)
-- Name: ownedResources_Id_seq; Type: SEQUENCE; Schema: game_1; Owner: postgres
--

CREATE SEQUENCE game_1."ownedResources_Id_seq"
    AS integer
    START WITH 1
    INCREMENT BY 1
    NO MINVALUE
    NO MAXVALUE
    CACHE 1;


ALTER SEQUENCE game_1."ownedResources_Id_seq" OWNER TO postgres;

--
-- TOC entry 5281 (class 0 OID 0)
-- Dependencies: 254
-- Name: ownedResources_Id_seq; Type: SEQUENCE OWNED BY; Schema: game_1; Owner: postgres
--

ALTER SEQUENCE game_1."ownedResources_Id_seq" OWNED BY game_1."ownedResources"."Id";


--
-- TOC entry 255 (class 1259 OID 24676)
-- Name: players; Type: TABLE; Schema: game_1; Owner: postgres
--

CREATE TABLE game_1.players (
    id integer NOT NULL,
    "fk_User" integer NOT NULL,
    "playerType" integer NOT NULL,
    "name" text NOT NULL
);


ALTER TABLE game_1.players OWNER TO postgres;

--
-- TOC entry 256 (class 1259 OID 24679)
-- Name: players_id_seq; Type: SEQUENCE; Schema: game_1; Owner: postgres
--

ALTER TABLE game_1.players ALTER COLUMN id ADD GENERATED BY DEFAULT AS IDENTITY (
    SEQUENCE NAME game_1.players_id_seq
    START WITH 1
    INCREMENT BY 1
    NO MINVALUE
    NO MAXVALUE
    CACHE 1
);


--
-- TOC entry 257 (class 1259 OID 24680)
-- Name: populationproductionshares; Type: TABLE; Schema: game_1; Owner: postgres
--

CREATE TABLE game_1.populationproductionshares (
    id integer NOT NULL,
    fk_population integer NOT NULL,
    fk_resources integer NOT NULL,
    coefficient double precision NOT NULL
);


ALTER TABLE game_1.populationproductionshares OWNER TO postgres;

--
-- TOC entry 258 (class 1259 OID 24683)
-- Name: populationproductionshares_id_seq; Type: SEQUENCE; Schema: game_1; Owner: postgres
--

ALTER TABLE game_1.populationproductionshares ALTER COLUMN id ADD GENERATED ALWAYS AS IDENTITY (
    SEQUENCE NAME game_1.populationproductionshares_id_seq
    START WITH 1
    INCREMENT BY 1
    NO MINVALUE
    NO MAXVALUE
    CACHE 1
);


--
-- TOC entry 259 (class 1259 OID 24684)
-- Name: populations; Type: TABLE; Schema: game_1; Owner: postgres
--

CREATE TABLE game_1.populations (
    id integer NOT NULL,
    fk_religions integer NOT NULL,
    fk_cultures integer NOT NULL,
    fk_socialgroups integer NOT NULL,
    fk_locations integer NOT NULL,
    happiness real NOT NULL,
    volunteers integer
);


ALTER TABLE game_1.populations OWNER TO postgres;

--
-- TOC entry 260 (class 1259 OID 24687)
-- Name: populations_id_seq; Type: SEQUENCE; Schema: game_1; Owner: postgres
--

ALTER TABLE game_1.populations ALTER COLUMN id ADD GENERATED BY DEFAULT AS IDENTITY (
    SEQUENCE NAME game_1.populations_id_seq
    START WITH 1
    INCREMENT BY 1
    NO MINVALUE
    NO MAXVALUE
    CACHE 1
);


--
-- TOC entry 261 (class 1259 OID 24688)
-- Name: populationusedresource; Type: TABLE; Schema: game_1; Owner: postgres
--

CREATE TABLE game_1.populationusedresource (
    id integer NOT NULL,
    fk_population integer NOT NULL,
    fk_resources integer NOT NULL,
    amount double precision NOT NULL
);


ALTER TABLE game_1.populationusedresource OWNER TO postgres;

--
-- TOC entry 262 (class 1259 OID 24691)
-- Name: populationusedresource_id_seq; Type: SEQUENCE; Schema: game_1; Owner: postgres
--

ALTER TABLE game_1.populationusedresource ALTER COLUMN id ADD GENERATED ALWAYS AS IDENTITY (
    SEQUENCE NAME game_1.populationusedresource_id_seq
    START WITH 1
    INCREMENT BY 1
    NO MINVALUE
    NO MAXVALUE
    CACHE 1
);


--
-- TOC entry 263 (class 1259 OID 24692)
-- Name: productionCost; Type: TABLE; Schema: game_1; Owner: postgres
--

CREATE TABLE game_1."productionCost" (
    id integer NOT NULL,
    "fk_UnitTypes" integer NOT NULL,
    "fk_Resources" integer NOT NULL,
    amount double precision NOT NULL
);


ALTER TABLE game_1."productionCost" OWNER TO postgres;

--
-- TOC entry 264 (class 1259 OID 24695)
-- Name: productionCost_id_seq; Type: SEQUENCE; Schema: game_1; Owner: postgres
--

ALTER TABLE game_1."productionCost" ALTER COLUMN id ADD GENERATED BY DEFAULT AS IDENTITY (
    SEQUENCE NAME game_1."productionCost_id_seq"
    START WITH 1
    INCREMENT BY 1
    NO MINVALUE
    NO MAXVALUE
    CACHE 1
);


--
-- TOC entry 265 (class 1259 OID 24696)
-- Name: productionShares; Type: TABLE; Schema: game_1; Owner: postgres
--

CREATE TABLE game_1."productionShares" (
    id integer NOT NULL,
    "fk_SocialGroups" integer NOT NULL,
    "fk_Resources" integer NOT NULL,
    coefficient double precision NOT NULL
);


ALTER TABLE game_1."productionShares" OWNER TO postgres;

--
-- TOC entry 266 (class 1259 OID 24699)
-- Name: productionShares_id_seq; Type: SEQUENCE; Schema: game_1; Owner: postgres
--

ALTER TABLE game_1."productionShares" ALTER COLUMN id ADD GENERATED BY DEFAULT AS IDENTITY (
    SEQUENCE NAME game_1."productionShares_id_seq"
    START WITH 1
    INCREMENT BY 1
    NO MINVALUE
    NO MAXVALUE
    CACHE 1
);


--
-- TOC entry 267 (class 1259 OID 24700)
-- Name: relatedEvents; Type: TABLE; Schema: game_1; Owner: postgres
--

CREATE TABLE game_1."relatedEvents" (
    id integer NOT NULL,
    "fk_Events" integer NOT NULL,
    "fk_Nations" integer NOT NULL
);


ALTER TABLE game_1."relatedEvents" OWNER TO postgres;

--
-- TOC entry 268 (class 1259 OID 24703)
-- Name: relatedEvents_id_seq; Type: SEQUENCE; Schema: game_1; Owner: postgres
--

ALTER TABLE game_1."relatedEvents" ALTER COLUMN id ADD GENERATED BY DEFAULT AS IDENTITY (
    SEQUENCE NAME game_1."relatedEvents_id_seq"
    START WITH 1
    INCREMENT BY 1
    NO MINVALUE
    NO MAXVALUE
    CACHE 1
);


--
-- TOC entry 269 (class 1259 OID 24704)
-- Name: religions; Type: TABLE; Schema: game_1; Owner: postgres
--

CREATE TABLE game_1.religions (
    id integer NOT NULL,
    name text NOT NULL,
    icon text
);


ALTER TABLE game_1.religions OWNER TO postgres;

--
-- TOC entry 270 (class 1259 OID 24709)
-- Name: religions_id_seq; Type: SEQUENCE; Schema: game_1; Owner: postgres
--

ALTER TABLE game_1.religions ALTER COLUMN id ADD GENERATED BY DEFAULT AS IDENTITY (
    SEQUENCE NAME game_1.religions_id_seq
    START WITH 1
    INCREMENT BY 1
    NO MINVALUE
    NO MAXVALUE
    CACHE 1
);


--
-- TOC entry 271 (class 1259 OID 24710)
-- Name: resources; Type: TABLE; Schema: game_1; Owner: postgres
--

CREATE TABLE game_1.resources (
    id integer NOT NULL,
    name text NOT NULL,
    ismain boolean NOT NULL,
    icon text
);


ALTER TABLE game_1.resources OWNER TO postgres;

--
-- TOC entry 272 (class 1259 OID 24715)
-- Name: resources_id_seq; Type: SEQUENCE; Schema: game_1; Owner: postgres
--

ALTER TABLE game_1.resources ALTER COLUMN id ADD GENERATED BY DEFAULT AS IDENTITY (
    SEQUENCE NAME game_1.resources_id_seq
    START WITH 1
    INCREMENT BY 1
    NO MINVALUE
    NO MAXVALUE
    CACHE 1
);


--
-- TOC entry 273 (class 1259 OID 24716)
-- Name: socialgroups; Type: TABLE; Schema: game_1; Owner: postgres
--

CREATE TABLE game_1.socialgroups (
    id integer NOT NULL,
    name text NOT NULL,
    basehappiness real NOT NULL,
    volunteers integer NOT NULL,
    icon text
);


ALTER TABLE game_1.socialgroups OWNER TO postgres;

--
-- TOC entry 274 (class 1259 OID 24721)
-- Name: socialgroups_id_seq; Type: SEQUENCE; Schema: game_1; Owner: postgres
--

ALTER TABLE game_1.socialgroups ALTER COLUMN id ADD GENERATED BY DEFAULT AS IDENTITY (
    SEQUENCE NAME game_1.socialgroups_id_seq
    START WITH 1
    INCREMENT BY 1
    NO MINVALUE
    NO MAXVALUE
    CACHE 1
);


--
-- TOC entry 275 (class 1259 OID 24722)
-- Name: tradeagreements; Type: TABLE; Schema: game_1; Owner: postgres
--

CREATE TABLE game_1.tradeagreements (
    id integer NOT NULL,
    fk_nationoffering integer NOT NULL,
    fk_nationreceiving integer NOT NULL,
    status integer NOT NULL,
    duration integer NOT NULL,
    description text NOT NULL
);


ALTER TABLE game_1.tradeagreements OWNER TO postgres;

--
-- TOC entry 276 (class 1259 OID 24727)
-- Name: tradeagreements_id_seq; Type: SEQUENCE; Schema: game_1; Owner: postgres
--

ALTER TABLE game_1.tradeagreements ALTER COLUMN id ADD GENERATED BY DEFAULT AS IDENTITY (
    SEQUENCE NAME game_1.tradeagreements_id_seq
    START WITH 1
    INCREMENT BY 1
    NO MINVALUE
    NO MAXVALUE
    CACHE 1
);


--
-- TOC entry 277 (class 1259 OID 24728)
-- Name: troops; Type: TABLE; Schema: game_1; Owner: postgres
--

CREATE TABLE game_1.troops (
    id integer NOT NULL,
    "fk_UnitTypes" integer NOT NULL,
    "fk_Armies" integer NOT NULL,
    quantity integer NOT NULL
);


ALTER TABLE game_1.troops OWNER TO postgres;

--
-- TOC entry 278 (class 1259 OID 24731)
-- Name: troops_id_seq; Type: SEQUENCE; Schema: game_1; Owner: postgres
--

ALTER TABLE game_1.troops ALTER COLUMN id ADD GENERATED BY DEFAULT AS IDENTITY (
    SEQUENCE NAME game_1.troops_id_seq
    START WITH 1
    INCREMENT BY 1
    NO MINVALUE
    NO MAXVALUE
    CACHE 1
);


--
-- TOC entry 279 (class 1259 OID 24732)
-- Name: unitOrders; Type: TABLE; Schema: game_1; Owner: postgres
--

CREATE TABLE game_1."unitOrders" (
    id integer NOT NULL,
    "fk_UnitTypes" integer NOT NULL,
    "fk_Nations" integer NOT NULL,
    quantity integer NOT NULL
);


ALTER TABLE game_1."unitOrders" OWNER TO postgres;

--
-- TOC entry 280 (class 1259 OID 24735)
-- Name: unitOrders_id_seq; Type: SEQUENCE; Schema: game_1; Owner: postgres
--

ALTER TABLE game_1."unitOrders" ALTER COLUMN id ADD GENERATED BY DEFAULT AS IDENTITY (
    SEQUENCE NAME game_1."unitOrders_id_seq"
    START WITH 1
    INCREMENT BY 1
    NO MINVALUE
    NO MAXVALUE
    CACHE 1
);


--
-- TOC entry 281 (class 1259 OID 24736)
-- Name: unitTypes; Type: TABLE; Schema: game_1; Owner: postgres
--

CREATE TABLE game_1."unitTypes" (
    id integer NOT NULL,
    name text NOT NULL,
    description text NOT NULL,
    melee integer NOT NULL,
    range integer NOT NULL,
    defense integer NOT NULL,
    speed integer NOT NULL,
    morale integer NOT NULL,
    "volunteersNeeded" integer NOT NULL,
    "isNaval" boolean NOT NULL
);


ALTER TABLE game_1."unitTypes" OWNER TO postgres;

--
-- TOC entry 282 (class 1259 OID 24741)
-- Name: unitTypes_id_seq; Type: SEQUENCE; Schema: game_1; Owner: postgres
--

ALTER TABLE game_1."unitTypes" ALTER COLUMN id ADD GENERATED BY DEFAULT AS IDENTITY (
    SEQUENCE NAME game_1."unitTypes_id_seq"
    START WITH 1
    INCREMENT BY 1
    NO MINVALUE
    NO MAXVALUE
    CACHE 1
);


--
-- TOC entry 283 (class 1259 OID 24742)
-- Name: usedResources; Type: TABLE; Schema: game_1; Owner: postgres
--

CREATE TABLE game_1."usedResources" (
    id integer NOT NULL,
    "fk_SocialGroups" integer NOT NULL,
    "fk_Resources" integer NOT NULL,
    amount double precision NOT NULL
);


ALTER TABLE game_1."usedResources" OWNER TO postgres;

--
-- TOC entry 284 (class 1259 OID 24745)
-- Name: usedResources_id_seq; Type: SEQUENCE; Schema: game_1; Owner: postgres
--

ALTER TABLE game_1."usedResources" ALTER COLUMN id ADD GENERATED BY DEFAULT AS IDENTITY (
    SEQUENCE NAME game_1."usedResources_id_seq"
    START WITH 1
    INCREMENT BY 1
    NO MINVALUE
    NO MAXVALUE
    CACHE 1
);


--
-- TOC entry 285 (class 1259 OID 24746)
-- Name: wantedresources; Type: TABLE; Schema: game_1; Owner: postgres
--

CREATE TABLE game_1.wantedresources (
    id integer NOT NULL,
    fk_resource integer NOT NULL,
    fk_tradeagreement integer NOT NULL,
    amount double precision NOT NULL
);


ALTER TABLE game_1.wantedresources OWNER TO postgres;

--
-- TOC entry 286 (class 1259 OID 24749)
-- Name: wantedresources_id_seq; Type: SEQUENCE; Schema: game_1; Owner: postgres
--

ALTER TABLE game_1.wantedresources ALTER COLUMN id ADD GENERATED BY DEFAULT AS IDENTITY (
    SEQUENCE NAME game_1.wantedresources_id_seq
    START WITH 1
    INCREMENT BY 1
    NO MINVALUE
    NO MAXVALUE
    CACHE 1
);


--
-- TOC entry 4917 (class 2604 OID 24750)
-- Name: modifiers id; Type: DEFAULT; Schema: game_1; Owner: postgres
--

ALTER TABLE ONLY game_1.modifiers ALTER COLUMN id SET DEFAULT nextval('game_1.modifiers_id_seq'::regclass);


--
-- TOC entry 4918 (class 2604 OID 24751)
-- Name: ownedResources Id; Type: DEFAULT; Schema: game_1; Owner: postgres
--

ALTER TABLE ONLY game_1."ownedResources" ALTER COLUMN "Id" SET DEFAULT nextval('game_1."ownedResources_Id_seq"'::regclass);


--
-- TOC entry 5206 (class 0 OID 24578)
-- Dependencies: 218
-- Data for Name: gameaccess; Type: TABLE DATA; Schema: Global; Owner: postgres
--

COPY "Global".gameaccess (id, "fk_Users", "fk_Games", "accessType", "isArchived") FROM stdin;
1	1	1	1	f
2	2	1	2	f
\.


--
-- TOC entry 5208 (class 0 OID 24582)
-- Dependencies: 220
-- Data for Name: games; Type: TABLE DATA; Schema: Global; Owner: postgres
--

COPY "Global".games (id, name, description, image, "ownerId", game_code) FROM stdin;
1	default_schema	Demo testowe\n	\N	2 XIWDFW
\.


--
-- TOC entry 5210 (class 0 OID 24588)
-- Dependencies: 222
-- Data for Name: users; Type: TABLE DATA; Schema: Global; Owner: postgres
--

COPY "Global".users (id, name, email, password, issso, isarchived, image) FROM stdin;
1	Test	test	$2a$11$s/J0zefb5amFzjdjllmuZ.AXuziyjVRcYTeEhxyemaxsJJyKnzxU2	f	f	\N
2	admin	admin	$2a$11$t8DGLO5spPxXzpyRb5j0vuuk54ycsFEo9scO7xswpGCH9WvMcwive	f	f	\N
\.


--
-- TOC entry 5212 (class 0 OID 24594)
-- Dependencies: 224
-- Data for Name: accessToUnits; Type: TABLE DATA; Schema: game_1; Owner: postgres
--

COPY game_1."accessToUnits" (id, "fk_Nation", "fk_UnitTypes") FROM stdin;
1	1	1
2	1	2
3	1	3
4	2	1
5	2	3
6	2	4
7	3	1
8	3	5
9	4	1
10	4	2
11	5	1
12	5	3
\.


--
-- TOC entry 5214 (class 0 OID 24598)
-- Dependencies: 226
-- Data for Name: accessestonations; Type: TABLE DATA; Schema: game_1; Owner: postgres
--

COPY game_1.accessestonations (id, fk_nations, fk_users, dateacquired, isactive) FROM stdin;
1	1	1	2025-01-01 00:00:00+01	t
2	2	2	2025-01-02 00:00:00+01	t
3	3	3	2025-01-03 00:00:00+01	t
4	4	4	2025-01-04 00:00:00+01	t
5	5	5	2025-01-05 00:00:00+01	t
\.


--
-- TOC entry 5216 (class 0 OID 24602)
-- Dependencies: 228
-- Data for Name: actions; Type: TABLE DATA; Schema: game_1; Owner: postgres
--

COPY game_1.actions (id, "fk_Nations", name, description, result, "isSettled") FROM stdin;
1	1	Ekspedycja	Wysłanie ekspedycji na niezbadane tereny	\N	f
2	2	Budowa Świątyni	Rozpoczęcie budowy wielkiej świątyni	\N	f
3	3	Szlak Handlowy	Otwarcie nowego szlaku handlowego	Zwiększenie przychodów o 10%	t
4	4	Reformy	Wprowadzenie reform społecznych	\N	f
5	5	Mobilizacja	Mobilizacja sił zbrojnych	Wzrost liczebności armii o 20%	t
\.


--
-- TOC entry 5218 (class 0 OID 24608)
-- Dependencies: 230
-- Data for Name: armies; Type: TABLE DATA; Schema: game_1; Owner: postgres
--

COPY game_1.armies (id, name, "fk_Nations", "fk_Locations", is_naval) FROM stdin;
1	Armia Północy	1	1	f
2	Legiony Cesarskie	2	2	f
3	Flota Republiki	3	3	t
4	Drużyna Księcia	4	4	f
5	Jeźdźcy Pustyni	5	5	f
\.


--
-- TOC entry 5220 (class 0 OID 24614)
-- Dependencies: 232
-- Data for Name: cultures; Type: TABLE DATA; Schema: game_1; Owner: postgres
--

COPY game_1.cultures (id, name) FROM stdin;
1	Nordycka
2	Słowiańska
3	Germańska
4	Romańska
5	Grecka
\.


--
-- TOC entry 5222 (class 0 OID 24620)
-- Dependencies: 234
-- Data for Name: events; Type: TABLE DATA; Schema: game_1; Owner: postgres
--

COPY game_1.events (id, name, description, picture) FROM stdin;
1	Wielka Bitwa	Epiczna bitwa, która zmieniła losy świata	battle.jpg
2	Plaga	Śmiertelna zaraza dziesiątkująca populację	plague.jpg
3	Odkrycie	Odkrycie nowych terenów i technologii	discovery.jpg
4	Rewolta	Rewolta społeczeństwa przeciwko władcy	revolt.jpg
5	Sojusz	Zawarcie sojuszu między narodami	alliance.jpg
\.


--
-- TOC entry 5224 (class 0 OID 24626)
-- Dependencies: 236
-- Data for Name: factions; Type: TABLE DATA; Schema: game_1; Owner: postgres
--

COPY game_1.factions (id, name, "fk_Nations", power, agenda, contentment, color) FROM stdin;
1	Konserwatyści	1	70	Utrzymanie tradycji	60	#0000FF
2	Reformatorzy	1	30	Wprowadzenie zmian	40	#00FF00
3	Militaryści	2	60	Ekspansja militarna	50	#FF0000
4	Handlarze	2	40	Rozwój handlu	70	#FFFF00
5	Zjednoczeni	3	90	Jedność narodu	80	#800080
\.


--
-- TOC entry 5226 (class 0 OID 24632)
-- Dependencies: 238
-- Data for Name: locations; Type: TABLE DATA; Schema: game_1; Owner: postgres
--

COPY game_1.locations (id, name, size, fortifications, fk_nations) FROM stdin;
1	Stolica Północy	5	4	1
2	Twierdza Cesarska	6	5	2
3	Port Republiki	4	3	3
4	Wschodni Gród	3	2	4
5	Oaza Południowa	4	3	5
6	Górska Osada	2	1	1
7	Cesarskie Tereny	3	2	2
8	Nadmorska Wioska	2	1	3
\.


--
-- TOC entry 5227 (class 0 OID 24637)
-- Dependencies: 239
-- Data for Name: locationsResources; Type: TABLE DATA; Schema: game_1; Owner: postgres
--

COPY game_1."locationsResources" (id, "fk_Locations", "fk_Resources", amount) FROM stdin;
1	1	1	1000
2	1	3	2000
3	2	2	1500
4	2	5	3000
5	3	1	800
6	3	8	500
7	4	3	2500
8	4	4	3500
9	5	7	600
10	5	6	400
\.


--
-- TOC entry 5230 (class 0 OID 24642)
-- Dependencies: 242
-- Data for Name: maintenanceCosts; Type: TABLE DATA; Schema: game_1; Owner: postgres
--

COPY game_1."maintenanceCosts" (id, "fk_UnitTypes", "fk_Resources", amount) FROM stdin;
1	1	1	0.5
2	1	4	1
3	2	1	0.3
4	2	3	0.5
5	3	1	1
6	3	4	1.5
7	4	1	2
8	4	3	1
9	5	1	3
10	5	3	2
\.


--
-- TOC entry 5232 (class 0 OID 24646)
-- Dependencies: 244
-- Data for Name: map; Type: TABLE DATA; Schema: game_1; Owner: postgres
--

COPY game_1.map (id, name, "mapLocation", "mapIconLocation") FROM stdin;
1	Europa Środkowa	maps/central_europe.jpg	maps/central_europe.jpg
2	Wyspy Brytyjskie	maps/british_isles.jpg	maps/central_europe.jpg
3	Półwysep Iberyjski	maps/iberia.jpg	maps/central_europe.jpg
4	Skandynawia	maps/scandinavia.jpg	maps/central_europe.jpg
5	Bałkany	maps/balkans.jpg	maps/central_europe.jpg
\.


--
-- TOC entry 5233 (class 0 OID 24651)
-- Dependencies: 245
-- Data for Name: mapAccess; Type: TABLE DATA; Schema: game_1; Owner: postgres
--

COPY game_1."mapAccess" ("fk_Nations", "fk_Maps") FROM stdin;
1	1
1	4
2	2
2	5
3	3
4	1
4	5
5	3
\.


--
-- TOC entry 5235 (class 0 OID 24655)
-- Dependencies: 247
-- Data for Name: modifiers; Type: TABLE DATA; Schema: game_1; Owner: postgres
--

COPY game_1.modifiers (id, event_id, modifier_type, effects) FROM stdin;
\.


--
-- TOC entry 5237 (class 0 OID 24661)
-- Dependencies: 249
-- Data for Name: nations; Type: TABLE DATA; Schema: game_1; Owner: postgres
--

COPY game_1.nations (id, name, fk_religions, fk_cultures, flag, color) FROM stdin;
1	Królestwo Północy	1	1	\N	red
2	Cesarstwo Centralne	2	3	\N	yellow
3	Republika Nadmorska	2	4	\N	red
4	Księstwo Wschodnie	1	2	\N	green
5	Kalifat Południowy	3	5	\N	blue
\.


--
-- TOC entry 5239 (class 0 OID 24667)
-- Dependencies: 251
-- Data for Name: offeredresources; Type: TABLE DATA; Schema: game_1; Owner: postgres
--

COPY game_1.offeredresources (id, fk_resource, fk_tradeagreement, quantity) FROM stdin;
1	2	1	100
2	3	1	200
3	1	3	50
4	4	3	300
5	3	4	150
\.


--
-- TOC entry 5241 (class 0 OID 24671)
-- Dependencies: 253
-- Data for Name: ownedResources; Type: TABLE DATA; Schema: game_1; Owner: postgres
--

COPY game_1."ownedResources" ("Id", fk_nation, fk_resource, amount) FROM stdin;
1	1	1	4201
2	1	2	4202
3	1	3	4203
4	1	4	4204
5	1	5	4205
6	1	6	4206
7	1	7	4207
8	1	8	4208
9	1	9	4209
10	2	1	2137
11	2	2	2173
12	2	3	1237
13	2	4	2137
14	2	5	1273
15	2	6	2137
16	2	7	1237
17	2	8	2173
18	2	9	1237
19	3	1	4201
20	3	2	4202
21	3	3	4203
22	3	4	4204
23	3	5	4205
24	3	6	4206
25	3	7	4207
26	3	8	4208
27	3	9	4209
28	4	1	2137
29	4	2	2173
30	4	3	1237
31	4	4	2137
32	4	5	1273
33	4	6	2137
34	4	7	1237
35	4	8	2173
36	4	9	1237
37	5	1	2137
38	5	2	2173
39	5	3	1237
40	5	4	2137
41	5	5	1273
42	5	6	2137
43	5	7	1237
44	5	8	2173
45	5	9	1237
\.


--
-- TOC entry 5243 (class 0 OID 24676)
-- Dependencies: 255
-- Data for Name: players; Type: TABLE DATA; Schema: game_1; Owner: postgres
--

COPY game_1.players (id, "fk_User", "playerType", "name") FROM stdin;
1	1	1	admin
2	2	2	Test
3	3	1	admin
4	4	1	admin
5	5	1	admin
\.


--
-- TOC entry 5245 (class 0 OID 24680)
-- Dependencies: 257
-- Data for Name: populationproductionshares; Type: TABLE DATA; Schema: game_1; Owner: postgres
--

COPY game_1.populationproductionshares (id, fk_population, fk_resources, coefficient) FROM stdin;
1	1	1	1.1
2	1	2	2.1
3	2	1	3.7
4	3	3	6.9
5	4	4	1.2
6	5	5	1.2
7	6	6	0.9
8	7	7	1.3
\.


--
-- TOC entry 5247 (class 0 OID 24684)
-- Dependencies: 259
-- Data for Name: populations; Type: TABLE DATA; Schema: game_1; Owner: postgres
--

COPY game_1.populations (id, fk_religions, fk_cultures, fk_socialgroups, fk_locations, happiness, volunteers) FROM stdin;
1	1	1	1	1	5.5	3
2	2	3	2	2	6	3
3	2	4	3	3	7.2	1
4	1	2	1	4	4.8	2
5	3	5	5	5	5.7	2
6	1	1	2	6	5.2	1
7	2	3	4	7	6.8	1
8	2	4	5	8	6.3	1
\.


--
-- TOC entry 5249 (class 0 OID 24688)
-- Dependencies: 261
-- Data for Name: populationusedresource; Type: TABLE DATA; Schema: game_1; Owner: postgres
--

COPY game_1.populationusedresource (id, fk_population, fk_resources, amount) FROM stdin;
1	1	1	0.1
2	1	2	1.1
3	1	3	2.7
4	3	3	0.9
5	4	4	1.2
6	5	5	1.4
7	6	6	0.7
8	7	7	1.3
\.


--
-- TOC entry 5251 (class 0 OID 24692)
-- Dependencies: 263
-- Data for Name: productionCost; Type: TABLE DATA; Schema: game_1; Owner: postgres
--

COPY game_1."productionCost" (id, "fk_UnitTypes", "fk_Resources", amount) FROM stdin;
1	1	1	10
2	1	2	5
3	2	1	8
4	2	3	10
5	3	1	20
6	3	2	15
7	4	1	30
8	4	3	25
9	5	1	50
10	5	2	30
\.


--
-- TOC entry 5253 (class 0 OID 24696)
-- Dependencies: 265
-- Data for Name: productionShares; Type: TABLE DATA; Schema: game_1; Owner: postgres
--

COPY game_1."productionShares" (id, "fk_SocialGroups", "fk_Resources", coefficient) FROM stdin;
1	1	3	2
2	1	4	3
3	2	1	1.5
4	2	6	2
5	3	2	1
6	3	5	1.5
7	4	1	1
8	4	7	0.5
9	5	1	2.5
10	5	8	2
\.


--
-- TOC entry 5255 (class 0 OID 24700)
-- Dependencies: 267
-- Data for Name: relatedEvents; Type: TABLE DATA; Schema: game_1; Owner: postgres
--

COPY game_1."relatedEvents" (id, "fk_Events", "fk_Nations") FROM stdin;
1	1	1
2	1	2
3	2	3
4	2	4
5	3	1
6	3	5
7	4	2
8	4	4
9	5	1
10	5	3
\.


--
-- TOC entry 5257 (class 0 OID 24704)
-- Dependencies: 269
-- Data for Name: religions; Type: TABLE DATA; Schema: game_1; Owner: postgres
--

COPY game_1.religions (id, name, icon) FROM stdin;
1	Pogaństwo	\N
2	Chrześcijaństwo	\N
3	Islam	\N
4	Judaizm	\N
5	Zoroastrianizm	\N
\.


--
-- TOC entry 5259 (class 0 OID 24710)
-- Dependencies: 271
-- Data for Name: resources; Type: TABLE DATA; Schema: game_1; Owner: postgres
--

COPY game_1.resources (id, name, ismain, icon) FROM stdin;
1	Złoto	t	\N
2	Żelazo	t	\N
3	Drewno	t	\N
4	Żywność	t	\N
5	Kamień	t	\N
6	Tkaniny	f	\N
7	Przyprawy	f	\N
8	Wino	f	\N
9	Drewno	t	\N
11	Miód	t	\N
\.


--
-- TOC entry 5261 (class 0 OID 24716)
-- Dependencies: 273
-- Data for Name: socialgroups; Type: TABLE DATA; Schema: game_1; Owner: postgres
--

COPY game_1.socialgroups (id, name, basehappiness, volunteers, icon) FROM stdin;
1	Chłopi	        5	10	\N
2	Mieszczanie	    6	20	\N
3	Szlachta	    7	30	\N
4	Duchowieństwo	8	5	\N
5	Kupcy	        6.5	15	\N
\.


--
-- TOC entry 5263 (class 0 OID 24722)
-- Dependencies: 275
-- Data for Name: tradeagreements; Type: TABLE DATA; Schema: game_1; Owner: postgres
--

COPY game_1.tradeagreements (id, fk_nationoffering, fk_nationreceiving, status, duration, description) FROM stdin;
1	1	2	0	10	I am description
2	1	3	0	5	I am also description
3	2	4	3	8	But I m not description
4	3	5	1	12	What about me?
5	4	5	2	6	
\.


--
-- TOC entry 5265 (class 0 OID 24728)
-- Dependencies: 277
-- Data for Name: troops; Type: TABLE DATA; Schema: game_1; Owner: postgres
--

COPY game_1.troops (id, "fk_UnitTypes", "fk_Armies", quantity) FROM stdin;
1	1	1	500
2	2	1	300
3	3	2	400
4	1	2	600
5	5	3	20
6	1	4	300
7	3	4	150
8	3	5	500
\.


--
-- TOC entry 5267 (class 0 OID 24732)
-- Dependencies: 279
-- Data for Name: unitOrders; Type: TABLE DATA; Schema: game_1; Owner: postgres
--

COPY game_1."unitOrders" (id, "fk_UnitTypes", "fk_Nations", quantity) FROM stdin;
1	1	1	1
2	1	2	1
3	3	2	3
4	4	2	1
5	1	3	8
6	5	3	5
7	1	    	6
8	2	4	4
9	1	5	1
10	3	5	4
12	2	1	1
\.


--
-- TOC entry 5269 (class 0 OID 24736)
-- Dependencies: 281
-- Data for Name: unitTypes; Type: TABLE DATA; Schema: game_1; Owner: postgres
--

COPY game_1."unitTypes" (id, name, description, melee, range, defense, speed, morale, "volunteersNeeded", "isNaval") FROM stdin;
1	Piechota	Podstawowa jednostka piechoty	5	0	3	3	5	100	f
2	Łucznicy	Jednostka łuczników	1	6	2	3	4	80	f
3	Kawaleria	Szybka jednostka kawalerii	7	0	4	6	7	120	f
4	Oblężnicza	Machiny oblężnicze	1	8	1	2	3	150	f
5	Okręty wojenne	Okręty bojowe	6	4	5	4	6	200	t
\.


--
-- TOC entry 5271 (class 0 OID 24742)
-- Dependencies: 283
-- Data for Name: usedResources; Type: TABLE DATA; Schema: game_1; Owner: postgres
--

COPY game_1."usedResources" (id, "fk_SocialGroups", "fk_Resources", amount) FROM stdin;
1	1	4	100
2	1	3	50
3	2	4	75
4	2	6	25
5	3	4	50
6	3	8	30
7	4	4	30
8	4	7	10
9	5	4	60
10	5	6	40
\.


--
-- TOC entry 5273 (class 0 OID 24746)
-- Dependencies: 285
-- Data for Name: wantedresources; Type: TABLE DATA; Schema: game_1; Owner: postgres
--

COPY game_1.wantedresources (id, fk_resource, fk_tradeagreement, amount) FROM stdin;
1	1	1	50
2	4	1	100
3	2	3	75
4	5	3	200
5	7	4	25
\.


--
-- TOC entry 5282 (class 0 OID 0)
-- Dependencies: 219
-- Name: gameaccess_id_seq; Type: SEQUENCE SET; Schema: Global; Owner: postgres
--

SELECT pg_catalog.setval('"Global".gameaccess_id_seq', 2, true);


--
-- TOC entry 5283 (class 0 OID 0)
-- Dependencies: 221
-- Name: games_id_seq; Type: SEQUENCE SET; Schema: Global; Owner: postgres
--

SELECT pg_catalog.setval('"Global".games_id_seq', 1, true);


--
-- TOC entry 5284 (class 0 OID 0)
-- Dependencies: 223
-- Name: users_id_seq; Type: SEQUENCE SET; Schema: Global; Owner: postgres
--

SELECT pg_catalog.setval('"Global".users_id_seq', 2, true);


--
-- TOC entry 5285 (class 0 OID 0)
-- Dependencies: 225
-- Name: accessToUnits_id_seq; Type: SEQUENCE SET; Schema: game_1; Owner: postgres
--

SELECT pg_catalog.setval('game_1."accessToUnits_id_seq"', 12, true);


--
-- TOC entry 5286 (class 0 OID 0)
-- Dependencies: 227
-- Name: accessestonations_id_seq; Type: SEQUENCE SET; Schema: game_1; Owner: postgres
--

SELECT pg_catalog.setval('game_1.accessestonations_id_seq', 5, true);


--
-- TOC entry 5287 (class 0 OID 0)
-- Dependencies: 229
-- Name: actions_id_seq; Type: SEQUENCE SET; Schema: game_1; Owner: postgres
--

SELECT pg_catalog.setval('game_1.actions_id_seq', 5, true);


--
-- TOC entry 5288 (class 0 OID 0)
-- Dependencies: 231
-- Name: armies_id_seq; Type: SEQUENCE SET; Schema: game_1; Owner: postgres
--

SELECT pg_catalog.setval('game_1.armies_id_seq', 5, true);


--
-- TOC entry 5289 (class 0 OID 0)
-- Dependencies: 233
-- Name: cultures_id_seq; Type: SEQUENCE SET; Schema: game_1; Owner: postgres
--

SELECT pg_catalog.setval('game_1.cultures_id_seq', 5, true);


--
-- TOC entry 5290 (class 0 OID 0)
-- Dependencies: 235
-- Name: events_id_seq; Type: SEQUENCE SET; Schema: game_1; Owner: postgres
--

SELECT pg_catalog.setval('game_1.events_id_seq', 5, true);


--
-- TOC entry 5291 (class 0 OID 0)
-- Dependencies: 237
-- Name: factions_id_seq; Type: SEQUENCE SET; Schema: game_1; Owner: postgres
--

SELECT pg_catalog.setval('game_1.factions_id_seq', 5, true);


--
-- TOC entry 5292 (class 0 OID 0)
-- Dependencies: 240
-- Name: locationsResources_id_seq; Type: SEQUENCE SET; Schema: game_1; Owner: postgres
--

SELECT pg_catalog.setval('game_1."locationsResources_id_seq"', 10, true);


--
-- TOC entry 5293 (class 0 OID 0)
-- Dependencies: 241
-- Name: locations_id_seq; Type: SEQUENCE SET; Schema: game_1; Owner: postgres
--

SELECT pg_catalog.setval('game_1.locations_id_seq', 8, true);


--
-- TOC entry 5294 (class 0 OID 0)
-- Dependencies: 243
-- Name: maintenanceCosts_id_seq; Type: SEQUENCE SET; Schema: game_1; Owner: postgres
--

SELECT pg_catalog.setval('game_1."maintenanceCosts_id_seq"', 10, true);


--
-- TOC entry 5295 (class 0 OID 0)
-- Dependencies: 246
-- Name: map_id_seq; Type: SEQUENCE SET; Schema: game_1; Owner: postgres
--

SELECT pg_catalog.setval('game_1.map_id_seq', 5, true);


--
-- TOC entry 5296 (class 0 OID 0)
-- Dependencies: 248
-- Name: modifiers_id_seq; Type: SEQUENCE SET; Schema: game_1; Owner: postgres
--

SELECT pg_catalog.setval('game_1.modifiers_id_seq', 1, false);


--
-- TOC entry 5297 (class 0 OID 0)
-- Dependencies: 250
-- Name: nations_id_seq; Type: SEQUENCE SET; Schema: game_1; Owner: postgres
--

SELECT pg_catalog.setval('game_1.nations_id_seq', 5, true);


--
-- TOC entry 5298 (class 0 OID 0)
-- Dependencies: 252
-- Name: offeredresources_id_seq; Type: SEQUENCE SET; Schema: game_1; Owner: postgres
--

SELECT pg_catalog.setval('game_1.offeredresources_id_seq', 5, true);


--
-- TOC entry 5299 (class 0 OID 0)
-- Dependencies: 254
-- Name: ownedResources_Id_seq; Type: SEQUENCE SET; Schema: game_1; Owner: postgres
--

SELECT pg_catalog.setval('game_1."ownedResources_Id_seq"', 45, true);


--
-- TOC entry 5300 (class 0 OID 0)
-- Dependencies: 256
-- Name: players_id_seq; Type: SEQUENCE SET; Schema: game_1; Owner: postgres
--

SELECT pg_catalog.setval('game_1.players_id_seq', 5, true);


--
-- TOC entry 5301 (class 0 OID 0)
-- Dependencies: 258
-- Name: populationproductionshares_id_seq; Type: SEQUENCE SET; Schema: game_1; Owner: postgres
--

SELECT pg_catalog.setval('game_1.populationproductionshares_id_seq', 8, true);


--
-- TOC entry 5302 (class 0 OID 0)
-- Dependencies: 260
-- Name: populations_id_seq; Type: SEQUENCE SET; Schema: game_1; Owner: postgres
--

SELECT pg_catalog.setval('game_1.populations_id_seq', 8, true);


--
-- TOC entry 5303 (class 0 OID 0)
-- Dependencies: 262
-- Name: populationusedresource_id_seq; Type: SEQUENCE SET; Schema: game_1; Owner: postgres
--

SELECT pg_catalog.setval('game_1.populationusedresource_id_seq', 8, true);


--
-- TOC entry 5304 (class 0 OID 0)
-- Dependencies: 264
-- Name: productionCost_id_seq; Type: SEQUENCE SET; Schema: game_1; Owner: postgres
--

SELECT pg_catalog.setval('game_1."productionCost_id_seq"', 10, true);


--
-- TOC entry 5305 (class 0 OID 0)
-- Dependencies: 266
-- Name: productionShares_id_seq; Type: SEQUENCE SET; Schema: game_1; Owner: postgres
--

SELECT pg_catalog.setval('game_1."productionShares_id_seq"', 10, true);


--
-- TOC entry 5306 (class 0 OID 0)
-- Dependencies: 268
-- Name: relatedEvents_id_seq; Type: SEQUENCE SET; Schema: game_1; Owner: postgres
--

SELECT pg_catalog.setval('game_1."relatedEvents_id_seq"', 10, true);


--
-- TOC entry 5307 (class 0 OID 0)
-- Dependencies: 270
-- Name: religions_id_seq; Type: SEQUENCE SET; Schema: game_1; Owner: postgres
--

SELECT pg_catalog.setval('game_1.religions_id_seq', 5, true);


--
-- TOC entry 5308 (class 0 OID 0)
-- Dependencies: 272
-- Name: resources_id_seq; Type: SEQUENCE SET; Schema: game_1; Owner: postgres
--

SELECT pg_catalog.setval('game_1.resources_id_seq', 11, true);


--
-- TOC entry 5309 (class 0 OID 0)
-- Dependencies: 274
-- Name: socialgroups_id_seq; Type: SEQUENCE SET; Schema: game_1; Owner: postgres
--

SELECT pg_catalog.setval('game_1.socialgroups_id_seq', 5, true);


--
-- TOC entry 5310 (class 0 OID 0)
-- Dependencies: 276
-- Name: tradeagreements_id_seq; Type: SEQUENCE SET; Schema: game_1; Owner: postgres
--

SELECT pg_catalog.setval('game_1.tradeagreements_id_seq', 5, true);


--
-- TOC entry 5311 (class 0 OID 0)
-- Dependencies: 278
-- Name: troops_id_seq; Type: SEQUENCE SET; Schema: game_1; Owner: postgres
--

SELECT pg_catalog.setval('game_1.troops_id_seq', 8, true);


--
-- TOC entry 5312 (class 0 OID 0)
-- Dependencies: 280
-- Name: unitOrders_id_seq; Type: SEQUENCE SET; Schema: game_1; Owner: postgres
--

SELECT pg_catalog.setval('game_1."unitOrders_id_seq"', 12, true);


--
-- TOC entry 5313 (class 0 OID 0)
-- Dependencies: 282
-- Name: unitTypes_id_seq; Type: SEQUENCE SET; Schema: game_1; Owner: postgres
--

SELECT pg_catalog.setval('game_1."unitTypes_id_seq"', 5, true);


--
-- TOC entry 5314 (class 0 OID 0)
-- Dependencies: 284
-- Name: usedResources_id_seq; Type: SEQUENCE SET; Schema: game_1; Owner: postgres
--

SELECT pg_catalog.setval('game_1."usedResources_id_seq"', 10, true);


--
-- TOC entry 5315 (class 0 OID 0)
-- Dependencies: 286
-- Name: wantedresources_id_seq; Type: SEQUENCE SET; Schema: game_1; Owner: postgres
--

SELECT pg_catalog.setval('game_1.wantedresources_id_seq', 5, true);


--
-- TOC entry 4922 (class 2606 OID 24753)
-- Name: gameaccess PK_gameaccess; Type: CONSTRAINT; Schema: Global; Owner: postgres
--

ALTER TABLE ONLY "Global".gameaccess
    ADD CONSTRAINT "PK_gameaccess" PRIMARY KEY ("fk_Users", "fk_Games");


--
-- TOC entry 4926 (class 2606 OID 24755)
-- Name: games PK_games; Type: CONSTRAINT; Schema: Global; Owner: postgres
--

ALTER TABLE ONLY "Global".games
    ADD CONSTRAINT "PK_games" PRIMARY KEY (id);


--
-- TOC entry 4930 (class 2606 OID 24757)
-- Name: users PK_users; Type: CONSTRAINT; Schema: Global; Owner: postgres
--

ALTER TABLE ONLY "Global".users
    ADD CONSTRAINT "PK_users" PRIMARY KEY (id);


--
-- TOC entry 4934 (class 2606 OID 24759)
-- Name: accessToUnits PK_accessToUnits; Type: CONSTRAINT; Schema: game_1; Owner: postgres
--

ALTER TABLE ONLY game_1."accessToUnits"
    ADD CONSTRAINT "PK_accessToUnits" PRIMARY KEY (id);


--
-- TOC entry 4938 (class 2606 OID 24761)
-- Name: accessestonations PK_accessestonations; Type: CONSTRAINT; Schema: game_1; Owner: postgres
--

ALTER TABLE ONLY game_1.accessestonations
    ADD CONSTRAINT "PK_accessestonations" PRIMARY KEY (id);


--
-- TOC entry 4941 (class 2606 OID 24763)
-- Name: actions PK_actions; Type: CONSTRAINT; Schema: game_1; Owner: postgres
--

ALTER TABLE ONLY game_1.actions
    ADD CONSTRAINT "PK_actions" PRIMARY KEY (id);


--
-- TOC entry 4945 (class 2606 OID 24765)
-- Name: armies PK_armies; Type: CONSTRAINT; Schema: game_1; Owner: postgres
--

ALTER TABLE ONLY game_1.armies
    ADD CONSTRAINT "PK_armies" PRIMARY KEY (id);


--
-- TOC entry 4947 (class 2606 OID 24767)
-- Name: cultures PK_cultures; Type: CONSTRAINT; Schema: game_1; Owner: postgres
--

ALTER TABLE ONLY game_1.cultures
    ADD CONSTRAINT "PK_cultures" PRIMARY KEY (id);


--
-- TOC entry 4949 (class 2606 OID 24769)
-- Name: events PK_events; Type: CONSTRAINT; Schema: game_1; Owner: postgres
--

ALTER TABLE ONLY game_1.events
    ADD CONSTRAINT "PK_events" PRIMARY KEY (id);


--
-- TOC entry 4952 (class 2606 OID 24771)
-- Name: factions PK_factions; Type: CONSTRAINT; Schema: game_1; Owner: postgres
--

ALTER TABLE ONLY game_1.factions
    ADD CONSTRAINT "PK_factions" PRIMARY KEY (id);


--
-- TOC entry 4955 (class 2606 OID 24773)
-- Name: locations PK_locations; Type: CONSTRAINT; Schema: game_1; Owner: postgres
--

ALTER TABLE ONLY game_1.locations
    ADD CONSTRAINT "PK_locations" PRIMARY KEY (id);


--
-- TOC entry 4957 (class 2606 OID 24775)
-- Name: locationsResources PK_locationsResources; Type: CONSTRAINT; Schema: game_1; Owner: postgres
--

ALTER TABLE ONLY game_1."locationsResources"
    ADD CONSTRAINT "PK_locationsResources" PRIMARY KEY (id);


--
-- TOC entry 4961 (class 2606 OID 24777)
-- Name: maintenanceCosts PK_maintenanceCosts; Type: CONSTRAINT; Schema: game_1; Owner: postgres
--

ALTER TABLE ONLY game_1."maintenanceCosts"
    ADD CONSTRAINT "PK_maintenanceCosts" PRIMARY KEY (id);


--
-- TOC entry 4963 (class 2606 OID 24779)
-- Name: map PK_map; Type: CONSTRAINT; Schema: game_1; Owner: postgres
--

ALTER TABLE ONLY game_1.map
    ADD CONSTRAINT "PK_map" PRIMARY KEY (id);


--
-- TOC entry 4966 (class 2606 OID 24781)
-- Name: mapAccess PK_mapAccess; Type: CONSTRAINT; Schema: game_1; Owner: postgres
--

ALTER TABLE ONLY game_1."mapAccess"
    ADD CONSTRAINT "PK_mapAccess" PRIMARY KEY ("fk_Nations", "fk_Maps");


--
-- TOC entry 4970 (class 2606 OID 24783)
-- Name: nations PK_nations; Type: CONSTRAINT; Schema: game_1; Owner: postgres
--

ALTER TABLE ONLY game_1.nations
    ADD CONSTRAINT "PK_nations" PRIMARY KEY (id);


--
-- TOC entry 4974 (class 2606 OID 24785)
-- Name: offeredresources PK_offeredresources; Type: CONSTRAINT; Schema: game_1; Owner: postgres
--

ALTER TABLE ONLY game_1.offeredresources
    ADD CONSTRAINT "PK_offeredresources" PRIMARY KEY (id);


--
-- TOC entry 4978 (class 2606 OID 24787)
-- Name: players PK_players; Type: CONSTRAINT; Schema: game_1; Owner: postgres
--

ALTER TABLE ONLY game_1.players
    ADD CONSTRAINT "PK_players" PRIMARY KEY (id);


--
-- TOC entry 4986 (class 2606 OID 24789)
-- Name: populations PK_populations; Type: CONSTRAINT; Schema: game_1; Owner: postgres
--

ALTER TABLE ONLY game_1.populations
    ADD CONSTRAINT "PK_populations" PRIMARY KEY (id);


--
-- TOC entry 4992 (class 2606 OID 24791)
-- Name: productionCost PK_productionCost; Type: CONSTRAINT; Schema: game_1; Owner: postgres
--

ALTER TABLE ONLY game_1."productionCost"
    ADD CONSTRAINT "PK_productionCost" PRIMARY KEY (id);


--
-- TOC entry 4994 (class 2606 OID 24793)
-- Name: productionShares PK_productionShares; Type: CONSTRAINT; Schema: game_1; Owner: postgres
--

ALTER TABLE ONLY game_1."productionShares"
    ADD CONSTRAINT "PK_productionShares" PRIMARY KEY (id);


--
-- TOC entry 4998 (class 2606 OID 24795)
-- Name: relatedEvents PK_relatedEvents; Type: CONSTRAINT; Schema: game_1; Owner: postgres
--

ALTER TABLE ONLY game_1."relatedEvents"
    ADD CONSTRAINT "PK_relatedEvents" PRIMARY KEY (id);


--
-- TOC entry 5000 (class 2606 OID 24797)
-- Name: religions PK_religions; Type: CONSTRAINT; Schema: game_1; Owner: postgres
--

ALTER TABLE ONLY game_1.religions
    ADD CONSTRAINT "PK_religions" PRIMARY KEY (id);


--
-- TOC entry 5002 (class 2606 OID 24799)
-- Name: resources PK_resources; Type: CONSTRAINT; Schema: game_1; Owner: postgres
--

ALTER TABLE ONLY game_1.resources
    ADD CONSTRAINT "PK_resources" PRIMARY KEY (id);


--
-- TOC entry 5004 (class 2606 OID 24801)
-- Name: socialgroups PK_socialgroups; Type: CONSTRAINT; Schema: game_1; Owner: postgres
--

ALTER TABLE ONLY game_1.socialgroups
    ADD CONSTRAINT "PK_socialgroups" PRIMARY KEY (id);


--
-- TOC entry 5008 (class 2606 OID 24803)
-- Name: tradeagreements PK_tradeagreements; Type: CONSTRAINT; Schema: game_1; Owner: postgres
--

ALTER TABLE ONLY game_1.tradeagreements
    ADD CONSTRAINT "PK_tradeagreements" PRIMARY KEY (id);


--
-- TOC entry 5012 (class 2606 OID 24805)
-- Name: troops PK_troops; Type: CONSTRAINT; Schema: game_1; Owner: postgres
--

ALTER TABLE ONLY game_1.troops
    ADD CONSTRAINT "PK_troops" PRIMARY KEY (id);


--
-- TOC entry 5016 (class 2606 OID 24807)
-- Name: unitOrders PK_unitOrders; Type: CONSTRAINT; Schema: game_1; Owner: postgres
--

ALTER TABLE ONLY game_1."unitOrders"
    ADD CONSTRAINT "PK_unitOrders" PRIMARY KEY (id);


--
-- TOC entry 5018 (class 2606 OID 24809)
-- Name: unitTypes PK_unitTypes; Type: CONSTRAINT; Schema: game_1; Owner: postgres
--

ALTER TABLE ONLY game_1."unitTypes"
    ADD CONSTRAINT "PK_unitTypes" PRIMARY KEY (id);


--
-- TOC entry 5020 (class 2606 OID 24811)
-- Name: usedResources PK_usedResources; Type: CONSTRAINT; Schema: game_1; Owner: postgres
--

ALTER TABLE ONLY game_1."usedResources"
    ADD CONSTRAINT "PK_usedResources" PRIMARY KEY (id);


--
-- TOC entry 5024 (class 2606 OID 24813)
-- Name: wantedresources PK_wantedresources; Type: CONSTRAINT; Schema: game_1; Owner: postgres
--

ALTER TABLE ONLY game_1.wantedresources
    ADD CONSTRAINT "PK_wantedresources" PRIMARY KEY (id);


--
-- TOC entry 4968 (class 2606 OID 24815)
-- Name: modifiers modifiers_pkey; Type: CONSTRAINT; Schema: game_1; Owner: postgres
--

ALTER TABLE ONLY game_1.modifiers
    ADD CONSTRAINT modifiers_pkey PRIMARY KEY (id);


--
-- TOC entry 4976 (class 2606 OID 24817)
-- Name: ownedResources ownedResources_pkey; Type: CONSTRAINT; Schema: game_1; Owner: postgres
--

ALTER TABLE ONLY game_1."ownedResources"
    ADD CONSTRAINT "ownedResources_pkey" PRIMARY KEY ("Id");


--
-- TOC entry 4980 (class 2606 OID 24819)
-- Name: populationproductionshares populationproductionshares_pkey; Type: CONSTRAINT; Schema: game_1; Owner: postgres
--

ALTER TABLE ONLY game_1.populationproductionshares
    ADD CONSTRAINT populationproductionshares_pkey PRIMARY KEY (id);


--
-- TOC entry 4988 (class 2606 OID 24821)
-- Name: populationusedresource populationusedresource_pkey; Type: CONSTRAINT; Schema: game_1; Owner: postgres
--

ALTER TABLE ONLY game_1.populationusedresource
    ADD CONSTRAINT populationusedresource_pkey PRIMARY KEY (id);


--
-- TOC entry 4920 (class 1259 OID 24822)
-- Name: IX_gameaccess_fk_Games; Type: INDEX; Schema: Global; Owner: postgres
--

CREATE INDEX "IX_gameaccess_fk_Games" ON "Global".gameaccess USING btree ("fk_Games");


--
-- TOC entry 4923 (class 1259 OID 24823)
-- Name: IX_games_name; Type: INDEX; Schema: Global; Owner: postgres
--

CREATE UNIQUE INDEX "IX_games_name" ON "Global".games USING btree (name);


--
-- TOC entry 4924 (class 1259 OID 24824)
-- Name: IX_games_ownerId; Type: INDEX; Schema: Global; Owner: postgres
--

CREATE INDEX "IX_games_ownerId" ON "Global".games USING btree ("ownerId");


--
-- TOC entry 4927 (class 1259 OID 24825)
-- Name: IX_users_email; Type: INDEX; Schema: Global; Owner: postgres
--

CREATE UNIQUE INDEX "IX_users_email" ON "Global".users USING btree (email);


--
-- TOC entry 4928 (class 1259 OID 24826)
-- Name: IX_users_name; Type: INDEX; Schema: Global; Owner: postgres
--

CREATE UNIQUE INDEX "IX_users_name" ON "Global".users USING btree (name);


--
-- TOC entry 4931 (class 1259 OID 24827)
-- Name: IX_accessToUnits_fk_Nations; Type: INDEX; Schema: game_1; Owner: postgres
--

CREATE INDEX "IX_accessToUnits_fk_Nations" ON game_1."accessToUnits" USING btree ("fk_Nation");


--
-- TOC entry 4932 (class 1259 OID 24828)
-- Name: IX_accessToUnits_fk_UnitTypes; Type: INDEX; Schema: game_1; Owner: postgres
--

CREATE INDEX "IX_accessToUnits_fk_UnitTypes" ON game_1."accessToUnits" USING btree ("fk_UnitTypes");


--
-- TOC entry 4935 (class 1259 OID 24829)
-- Name: IX_accessestonations_fk_nations; Type: INDEX; Schema: game_1; Owner: postgres
--

CREATE INDEX "IX_accessestonations_fk_nations" ON game_1.accessestonations USING btree (fk_nations);


--
-- TOC entry 4936 (class 1259 OID 24830)
-- Name: IX_accessestonations_fk_users; Type: INDEX; Schema: game_1; Owner: postgres
--

CREATE INDEX "IX_accessestonations_fk_users" ON game_1.accessestonations USING btree (fk_users);


--
-- TOC entry 4939 (class 1259 OID 24831)
-- Name: IX_actions_fk_Nations; Type: INDEX; Schema: game_1; Owner: postgres
--

CREATE INDEX "IX_actions_fk_Nations" ON game_1.actions USING btree ("fk_Nations");


--
-- TOC entry 4942 (class 1259 OID 24832)
-- Name: IX_armies_fk_Locations; Type: INDEX; Schema: game_1; Owner: postgres
--

CREATE INDEX "IX_armies_fk_Locations" ON game_1.armies USING btree ("fk_Locations");


--
-- TOC entry 4943 (class 1259 OID 24833)
-- Name: IX_armies_fk_Nations; Type: INDEX; Schema: game_1; Owner: postgres
--

CREATE INDEX "IX_armies_fk_Nations" ON game_1.armies USING btree ("fk_Nations");


--
-- TOC entry 4950 (class 1259 OID 24834)
-- Name: IX_factions_fk_Nations; Type: INDEX; Schema: game_1; Owner: postgres
--

CREATE INDEX "IX_factions_fk_Nations" ON game_1.factions USING btree ("fk_Nations");


--
-- TOC entry 4953 (class 1259 OID 24835)
-- Name: IX_locations_fk_nations; Type: INDEX; Schema: game_1; Owner: postgres
--

CREATE INDEX "IX_locations_fk_nations" ON game_1.locations USING btree (fk_nations);


--
-- TOC entry 4958 (class 1259 OID 24836)
-- Name: IX_maintenanceCosts_fk_Resources; Type: INDEX; Schema: game_1; Owner: postgres
--

CREATE INDEX "IX_maintenanceCosts_fk_Resources" ON game_1."maintenanceCosts" USING btree ("fk_Resources");


--
-- TOC entry 4959 (class 1259 OID 24837)
-- Name: IX_maintenanceCosts_fk_UnitTypes; Type: INDEX; Schema: game_1; Owner: postgres
--

CREATE INDEX "IX_maintenanceCosts_fk_UnitTypes" ON game_1."maintenanceCosts" USING btree ("fk_UnitTypes");


--
-- TOC entry 4964 (class 1259 OID 24838)
-- Name: IX_mapAccess_fk_Maps; Type: INDEX; Schema: game_1; Owner: postgres
--

CREATE INDEX "IX_mapAccess_fk_Maps" ON game_1."mapAccess" USING btree ("fk_Maps");


--
-- TOC entry 4971 (class 1259 OID 24839)
-- Name: IX_offeredresources_fk_resource; Type: INDEX; Schema: game_1; Owner: postgres
--

CREATE INDEX "IX_offeredresources_fk_resource" ON game_1.offeredresources USING btree (fk_resource);


--
-- TOC entry 4972 (class 1259 OID 24840)
-- Name: IX_offeredresources_fk_tradeagreement; Type: INDEX; Schema: game_1; Owner: postgres
--

CREATE INDEX "IX_offeredresources_fk_tradeagreement" ON game_1.offeredresources USING btree (fk_tradeagreement);


--
-- TOC entry 4981 (class 1259 OID 24841)
-- Name: IX_populations_fk_cultures; Type: INDEX; Schema: game_1; Owner: postgres
--

CREATE INDEX "IX_populations_fk_cultures" ON game_1.populations USING btree (fk_cultures);


--
-- TOC entry 4982 (class 1259 OID 24842)
-- Name: IX_populations_fk_locations; Type: INDEX; Schema: game_1; Owner: postgres
--

CREATE INDEX "IX_populations_fk_locations" ON game_1.populations USING btree (fk_locations);


--
-- TOC entry 4983 (class 1259 OID 24843)
-- Name: IX_populations_fk_religions; Type: INDEX; Schema: game_1; Owner: postgres
--

CREATE INDEX "IX_populations_fk_religions" ON game_1.populations USING btree (fk_religions);


--
-- TOC entry 4984 (class 1259 OID 24844)
-- Name: IX_populations_fk_socialgroups; Type: INDEX; Schema: game_1; Owner: postgres
--

CREATE INDEX "IX_populations_fk_socialgroups" ON game_1.populations USING btree (fk_socialgroups);


--
-- TOC entry 4989 (class 1259 OID 24845)
-- Name: IX_productionCost_fk_Resources; Type: INDEX; Schema: game_1; Owner: postgres
--

CREATE INDEX "IX_productionCost_fk_Resources" ON game_1."productionCost" USING btree ("fk_Resources");


--
-- TOC entry 4990 (class 1259 OID 24846)
-- Name: IX_productionCost_fk_UnitTypes; Type: INDEX; Schema: game_1; Owner: postgres
--

CREATE INDEX "IX_productionCost_fk_UnitTypes" ON game_1."productionCost" USING btree ("fk_UnitTypes");


--
-- TOC entry 4995 (class 1259 OID 24847)
-- Name: IX_relatedEvents_fk_Events; Type: INDEX; Schema: game_1; Owner: postgres
--

CREATE INDEX "IX_relatedEvents_fk_Events" ON game_1."relatedEvents" USING btree ("fk_Events");


--
-- TOC entry 4996 (class 1259 OID 24848)
-- Name: IX_relatedEvents_fk_Nations; Type: INDEX; Schema: game_1; Owner: postgres
--

CREATE INDEX "IX_relatedEvents_fk_Nations" ON game_1."relatedEvents" USING btree ("fk_Nations");


--
-- TOC entry 5005 (class 1259 OID 24849)
-- Name: IX_tradeagreements_fk_nationoffering; Type: INDEX; Schema: game_1; Owner: postgres
--

CREATE INDEX "IX_tradeagreements_fk_nationoffering" ON game_1.tradeagreements USING btree (fk_nationoffering);


--
-- TOC entry 5006 (class 1259 OID 24850)
-- Name: IX_tradeagreements_fk_nationreceiving; Type: INDEX; Schema: game_1; Owner: postgres
--

CREATE INDEX "IX_tradeagreements_fk_nationreceiving" ON game_1.tradeagreements USING btree (fk_nationreceiving);


--
-- TOC entry 5009 (class 1259 OID 24851)
-- Name: IX_troops_fk_Armies; Type: INDEX; Schema: game_1; Owner: postgres
--

CREATE INDEX "IX_troops_fk_Armies" ON game_1.troops USING btree ("fk_Armies");


--
-- TOC entry 5010 (class 1259 OID 24852)
-- Name: IX_troops_fk_UnitTypes; Type: INDEX; Schema: game_1; Owner: postgres
--

CREATE INDEX "IX_troops_fk_UnitTypes" ON game_1.troops USING btree ("fk_UnitTypes");


--
-- TOC entry 5013 (class 1259 OID 24853)
-- Name: IX_unitOrders_fk_Nations; Type: INDEX; Schema: game_1; Owner: postgres
--

CREATE INDEX "IX_unitOrders_fk_Nations" ON game_1."unitOrders" USING btree ("fk_Nations");


--
-- TOC entry 5014 (class 1259 OID 24854)
-- Name: IX_unitOrders_fk_UnitTypes; Type: INDEX; Schema: game_1; Owner: postgres
--

CREATE INDEX "IX_unitOrders_fk_UnitTypes" ON game_1."unitOrders" USING btree ("fk_UnitTypes");


--
-- TOC entry 5021 (class 1259 OID 24855)
-- Name: IX_wantedresources_fk_resource; Type: INDEX; Schema: game_1; Owner: postgres
--

CREATE INDEX "IX_wantedresources_fk_resource" ON game_1.wantedresources USING btree (fk_resource);


--
-- TOC entry 5022 (class 1259 OID 24856)
-- Name: IX_wantedresources_fk_tradeagreement; Type: INDEX; Schema: game_1; Owner: postgres
--

CREATE INDEX "IX_wantedresources_fk_tradeagreement" ON game_1.wantedresources USING btree (fk_tradeagreement);


--
-- TOC entry 5056 (class 2620 OID 25025)
-- Name: nations trg_after_nations_insert; Type: TRIGGER; Schema: game_1; Owner: postgres
--

CREATE TRIGGER trg_after_nations_insert AFTER INSERT ON game_1.nations FOR EACH ROW EXECUTE FUNCTION game_1.add_nation_to_all_resources();


--
-- TOC entry 5057 (class 2620 OID 25017)
-- Name: populations trg_after_populations_insert; Type: TRIGGER; Schema: game_1; Owner: postgres
--

CREATE TRIGGER trg_after_populations_insert AFTER INSERT ON game_1.populations FOR EACH ROW EXECUTE FUNCTION game_1.add_population_relations();


--
-- TOC entry 5058 (class 2620 OID 25019)
-- Name: productionShares trg_after_productionshares_insert; Type: TRIGGER; Schema: game_1; Owner: postgres
--

CREATE TRIGGER trg_after_productionshares_insert AFTER INSERT ON game_1."productionShares" FOR EACH ROW EXECUTE FUNCTION game_1.add_production_shares_to_populations();


--
-- TOC entry 5059 (class 2620 OID 25023)
-- Name: resources trg_after_resources_insert; Type: TRIGGER; Schema: game_1; Owner: postgres
--

CREATE TRIGGER trg_after_resources_insert AFTER INSERT ON game_1.resources FOR EACH ROW EXECUTE FUNCTION game_1.add_resource_to_all_nations();


--
-- TOC entry 5060 (class 2620 OID 25021)
-- Name: usedResources trg_after_usedresources_insert; Type: TRIGGER; Schema: game_1; Owner: postgres
--

CREATE TRIGGER trg_after_usedresources_insert AFTER INSERT ON game_1."usedResources" FOR EACH ROW EXECUTE FUNCTION game_1.add_used_resources_to_populations();


--
-- TOC entry 5025 (class 2606 OID 24857)
-- Name: gameaccess FK_gameaccess_games_fk_Games; Type: FK CONSTRAINT; Schema: Global; Owner: postgres
--

ALTER TABLE ONLY "Global".gameaccess
    ADD CONSTRAINT "FK_gameaccess_games_fk_Games" FOREIGN KEY ("fk_Games") REFERENCES "Global".games(id) ON DELETE CASCADE;


--
-- TOC entry 5026 (class 2606 OID 24862)
-- Name: gameaccess FK_gameaccess_users_fk_Users; Type: FK CONSTRAINT; Schema: Global; Owner: postgres
--

ALTER TABLE ONLY "Global".gameaccess
    ADD CONSTRAINT "FK_gameaccess_users_fk_Users" FOREIGN KEY ("fk_Users") REFERENCES "Global".users(id) ON DELETE CASCADE;


--
-- TOC entry 5027 (class 2606 OID 24867)
-- Name: games FK_games_users_ownerId; Type: FK CONSTRAINT; Schema: Global; Owner: postgres
--

ALTER TABLE ONLY "Global".games
    ADD CONSTRAINT "FK_games_users_ownerId" FOREIGN KEY ("ownerId") REFERENCES "Global".users(id) ON DELETE CASCADE;


--
-- TOC entry 5028 (class 2606 OID 24872)
-- Name: armies FK_armies_locations_fk_Locations; Type: FK CONSTRAINT; Schema: game_1; Owner: postgres
--

ALTER TABLE ONLY game_1.armies
    ADD CONSTRAINT "FK_armies_locations_fk_Locations" FOREIGN KEY ("fk_Locations") REFERENCES game_1.locations(id) ON DELETE CASCADE;


--
-- TOC entry 5029 (class 2606 OID 24877)
-- Name: locationsResources FK_locationsResources_locations_fk_Locations; Type: FK CONSTRAINT; Schema: game_1; Owner: postgres
--

ALTER TABLE ONLY game_1."locationsResources"
    ADD CONSTRAINT "FK_locationsResources_locations_fk_Locations" FOREIGN KEY ("fk_Locations") REFERENCES game_1.locations(id) ON DELETE CASCADE;


--
-- TOC entry 5030 (class 2606 OID 24882)
-- Name: mapAccess FK_mapAccess_map_fk_Maps; Type: FK CONSTRAINT; Schema: game_1; Owner: postgres
--

ALTER TABLE ONLY game_1."mapAccess"
    ADD CONSTRAINT "FK_mapAccess_map_fk_Maps" FOREIGN KEY ("fk_Maps") REFERENCES game_1.map(id) ON DELETE CASCADE;


--
-- TOC entry 5032 (class 2606 OID 24887)
-- Name: offeredresources FK_offeredresources_resources_fk_resource; Type: FK CONSTRAINT; Schema: game_1; Owner: postgres
--

ALTER TABLE ONLY game_1.offeredresources
    ADD CONSTRAINT "FK_offeredresources_resources_fk_resource" FOREIGN KEY (fk_resource) REFERENCES game_1.resources(id) ON DELETE CASCADE;


--
-- TOC entry 5033 (class 2606 OID 24892)
-- Name: offeredresources FK_offeredresources_tradeagreements_fk_tradeagreement; Type: FK CONSTRAINT; Schema: game_1; Owner: postgres
--

ALTER TABLE ONLY game_1.offeredresources
    ADD CONSTRAINT "FK_offeredresources_tradeagreements_fk_tradeagreement" FOREIGN KEY (fk_tradeagreement) REFERENCES game_1.tradeagreements(id) ON DELETE CASCADE;


--
-- TOC entry 5038 (class 2606 OID 24897)
-- Name: populations FK_populations_cultures_fk_cultures; Type: FK CONSTRAINT; Schema: game_1; Owner: postgres
--

ALTER TABLE ONLY game_1.populations
    ADD CONSTRAINT "FK_populations_cultures_fk_cultures" FOREIGN KEY (fk_cultures) REFERENCES game_1.cultures(id) ON DELETE CASCADE;


--
-- TOC entry 5039 (class 2606 OID 24902)
-- Name: populations FK_populations_locations_fk_locations; Type: FK CONSTRAINT; Schema: game_1; Owner: postgres
--

ALTER TABLE ONLY game_1.populations
    ADD CONSTRAINT "FK_populations_locations_fk_locations" FOREIGN KEY (fk_locations) REFERENCES game_1.locations(id) ON DELETE CASCADE;


--
-- TOC entry 5040 (class 2606 OID 24907)
-- Name: populations FK_populations_religions_fk_religions; Type: FK CONSTRAINT; Schema: game_1; Owner: postgres
--

ALTER TABLE ONLY game_1.populations
    ADD CONSTRAINT "FK_populations_religions_fk_religions" FOREIGN KEY (fk_religions) REFERENCES game_1.religions(id) ON DELETE CASCADE;


--
-- TOC entry 5041 (class 2606 OID 24912)
-- Name: populations FK_populations_socialgroups_fk_socialgroups; Type: FK CONSTRAINT; Schema: game_1; Owner: postgres
--

ALTER TABLE ONLY game_1.populations
    ADD CONSTRAINT "FK_populations_socialgroups_fk_socialgroups" FOREIGN KEY (fk_socialgroups) REFERENCES game_1.socialgroups(id) ON DELETE CASCADE;


--
-- TOC entry 5044 (class 2606 OID 24917)
-- Name: productionCost FK_productionCost_resources_fk_Resources; Type: FK CONSTRAINT; Schema: game_1; Owner: postgres
--

ALTER TABLE ONLY game_1."productionCost"
    ADD CONSTRAINT "FK_productionCost_resources_fk_Resources" FOREIGN KEY ("fk_Resources") REFERENCES game_1.resources(id) ON DELETE CASCADE;


--
-- TOC entry 5045 (class 2606 OID 24922)
-- Name: productionCost FK_productionCost_unitTypes_fk_UnitTypes; Type: FK CONSTRAINT; Schema: game_1; Owner: postgres
--

ALTER TABLE ONLY game_1."productionCost"
    ADD CONSTRAINT "FK_productionCost_unitTypes_fk_UnitTypes" FOREIGN KEY ("fk_UnitTypes") REFERENCES game_1."unitTypes"(id) ON DELETE CASCADE;


--
-- TOC entry 5046 (class 2606 OID 24927)
-- Name: relatedEvents FK_relatedEvents_events_fk_Events; Type: FK CONSTRAINT; Schema: game_1; Owner: postgres
--

ALTER TABLE ONLY game_1."relatedEvents"
    ADD CONSTRAINT "FK_relatedEvents_events_fk_Events" FOREIGN KEY ("fk_Events") REFERENCES game_1.events(id) ON DELETE CASCADE;


--
-- TOC entry 5047 (class 2606 OID 24932)
-- Name: relatedEvents FK_relatedEvents_nations_fk_Nations; Type: FK CONSTRAINT; Schema: game_1; Owner: postgres
--

ALTER TABLE ONLY game_1."relatedEvents"
    ADD CONSTRAINT "FK_relatedEvents_nations_fk_Nations" FOREIGN KEY ("fk_Nations") REFERENCES game_1.nations(id) ON DELETE CASCADE;


--
-- TOC entry 5048 (class 2606 OID 24937)
-- Name: tradeagreements FK_tradeagreements_nations_fk_nationoffering; Type: FK CONSTRAINT; Schema: game_1; Owner: postgres
--

ALTER TABLE ONLY game_1.tradeagreements
    ADD CONSTRAINT "FK_tradeagreements_nations_fk_nationoffering" FOREIGN KEY (fk_nationoffering) REFERENCES game_1.nations(id) ON DELETE CASCADE;


--
-- TOC entry 5049 (class 2606 OID 24942)
-- Name: tradeagreements FK_tradeagreements_nations_fk_nationreceiving; Type: FK CONSTRAINT; Schema: game_1; Owner: postgres
--

ALTER TABLE ONLY game_1.tradeagreements
    ADD CONSTRAINT "FK_tradeagreements_nations_fk_nationreceiving" FOREIGN KEY (fk_nationreceiving) REFERENCES game_1.nations(id) ON DELETE CASCADE;


--
-- TOC entry 5050 (class 2606 OID 24947)
-- Name: troops FK_troops_armies_fk_Armies; Type: FK CONSTRAINT; Schema: game_1; Owner: postgres
--

ALTER TABLE ONLY game_1.troops
    ADD CONSTRAINT "FK_troops_armies_fk_Armies" FOREIGN KEY ("fk_Armies") REFERENCES game_1.armies(id) ON DELETE CASCADE;


--
-- TOC entry 5051 (class 2606 OID 24952)
-- Name: troops FK_troops_unitTypes_fk_UnitTypes; Type: FK CONSTRAINT; Schema: game_1; Owner: postgres
--

ALTER TABLE ONLY game_1.troops
    ADD CONSTRAINT "FK_troops_unitTypes_fk_UnitTypes" FOREIGN KEY ("fk_UnitTypes") REFERENCES game_1."unitTypes"(id) ON DELETE CASCADE;


--
-- TOC entry 5052 (class 2606 OID 24957)
-- Name: unitOrders FK_unitOrders_nations_fk_Nations; Type: FK CONSTRAINT; Schema: game_1; Owner: postgres
--

ALTER TABLE ONLY game_1."unitOrders"
    ADD CONSTRAINT "FK_unitOrders_nations_fk_Nations" FOREIGN KEY ("fk_Nations") REFERENCES game_1.nations(id) ON DELETE CASCADE;


--
-- TOC entry 5053 (class 2606 OID 24962)
-- Name: unitOrders FK_unitOrders_unitTypes_fk_UnitTypes; Type: FK CONSTRAINT; Schema: game_1; Owner: postgres
--

ALTER TABLE ONLY game_1."unitOrders"
    ADD CONSTRAINT "FK_unitOrders_unitTypes_fk_UnitTypes" FOREIGN KEY ("fk_UnitTypes") REFERENCES game_1."unitTypes"(id) ON DELETE CASCADE;


--
-- TOC entry 5054 (class 2606 OID 24967)
-- Name: wantedresources FK_wantedresources_resources_fk_resource; Type: FK CONSTRAINT; Schema: game_1; Owner: postgres
--

ALTER TABLE ONLY game_1.wantedresources
    ADD CONSTRAINT "FK_wantedresources_resources_fk_resource" FOREIGN KEY (fk_resource) REFERENCES game_1.resources(id) ON DELETE CASCADE;


--
-- TOC entry 5055 (class 2606 OID 24972)
-- Name: wantedresources FK_wantedresources_tradeagreements_fk_tradeagreement; Type: FK CONSTRAINT; Schema: game_1; Owner: postgres
--

ALTER TABLE ONLY game_1.wantedresources
    ADD CONSTRAINT "FK_wantedresources_tradeagreements_fk_tradeagreement" FOREIGN KEY (fk_tradeagreement) REFERENCES game_1.tradeagreements(id) ON DELETE CASCADE;


--
-- TOC entry 5034 (class 2606 OID 24977)
-- Name: ownedResources Nation; Type: FK CONSTRAINT; Schema: game_1; Owner: postgres
--

ALTER TABLE ONLY game_1."ownedResources"
    ADD CONSTRAINT "Nation" FOREIGN KEY (fk_nation) REFERENCES game_1.nations(id);


--
-- TOC entry 5035 (class 2606 OID 24982)
-- Name: ownedResources Resource; Type: FK CONSTRAINT; Schema: game_1; Owner: postgres
--

ALTER TABLE ONLY game_1."ownedResources"
    ADD CONSTRAINT "Resource" FOREIGN KEY (fk_resource) REFERENCES game_1.resources(id);


--
-- TOC entry 5031 (class 2606 OID 24987)
-- Name: modifiers modifiers_event_id_fkey; Type: FK CONSTRAINT; Schema: game_1; Owner: postgres
--

ALTER TABLE ONLY game_1.modifiers
    ADD CONSTRAINT modifiers_event_id_fkey FOREIGN KEY (event_id) REFERENCES game_1.events(id) ON DELETE CASCADE;


--
-- TOC entry 5036 (class 2606 OID 24992)
-- Name: populationproductionshares populationproductionshares_fkpopulation_fkey; Type: FK CONSTRAINT; Schema: game_1; Owner: postgres
--

ALTER TABLE ONLY game_1.populationproductionshares
    ADD CONSTRAINT populationproductionshares_fkpopulation_fkey FOREIGN KEY (fk_population) REFERENCES game_1.populations(id) ON DELETE CASCADE;


--
-- TOC entry 5037 (class 2606 OID 24997)
-- Name: populationproductionshares populationproductionshares_fkresources_fkey; Type: FK CONSTRAINT; Schema: game_1; Owner: postgres
--

ALTER TABLE ONLY game_1.populationproductionshares
    ADD CONSTRAINT populationproductionshares_fkresources_fkey FOREIGN KEY (fk_resources) REFERENCES game_1.resources(id) ON DELETE CASCADE;


--
-- TOC entry 5042 (class 2606 OID 25002)
-- Name: populationusedresource populationusedresource_fkpopulation_fkey; Type: FK CONSTRAINT; Schema: game_1; Owner: postgres
--

ALTER TABLE ONLY game_1.populationusedresource
    ADD CONSTRAINT populationusedresource_fkpopulation_fkey FOREIGN KEY (fk_population) REFERENCES game_1.populations(id) ON DELETE CASCADE;


--
-- TOC entry 5043 (class 2606 OID 25007)
-- Name: populationusedresource populationusedresource_fkresources_fkey; Type: FK CONSTRAINT; Schema: game_1; Owner: postgres
--

ALTER TABLE ONLY game_1.populationusedresource
    ADD CONSTRAINT populationusedresource_fkresources_fkey FOREIGN KEY (fk_resources) REFERENCES game_1.resources(id) ON DELETE CASCADE;


-- Completed on 2025-09-26 18:01:29

--
-- PostgreSQL database dump complete
--

